Date,Day_of_Week,Food_Category,Weather,Is_Holiday,Is_Weekend,Promotion,Average_Price,Previous_Day_Sales,Customers,Sales
2022-04-04,Monday,Beverages,Hot,0,0,0.0,83.62,365.0,133.0,255.0
2029-06-07,Thursday,Burgers,Rainy,0,0,1.0,126.49,257.0,148.0,370.0
2026-06-03,Wednesday,Fries,Sunny,0,0,0.0,76.43,212.0,118.0,225.0
2027-07-04,Sunday,Burgers,Sunny,0,1,1.0,151.02,359.0,205.0,470.0
2029-01-04,Thursday,Breakfast,Cloudy,0,0,0.0,98.98,395.0,91.0,170.0
2027-08-21,Saturday,McNuggets,Rainy,0,1,0.0,103.36,300.0,164.0,374.0
2026-09-08,Tuesday,Burgers,Cloudy,0,0,0.0,132.98,214.0,175.0,329.0
2026-10-11,Sunday,Beverages,Sunny,0,1,0.0,69.84,394.0,134.0,331.0
2022-11-29,Tuesday,Burgers,Sunny,0,0,0.0,145.3,382.0,110.0,233.0
2022-03-05,Saturday,Fries,Rainy,0,1,0.0,76.6,175.0,114.0,270.0
2028-05-27,Saturday,Burgers,Cold,0,1,0.0,178.73,248.0,132.0,309.0
2027-01-24,Sunday,McNuggets,Sunny,0,1,0.0,94.29,316.0,167.0,352.0
2022-06-24,Friday,McNuggets,Sunny,0,0,0.0,111.91,333.0,134.0,240.0
2027-02-26,Friday,McNuggets,Hot,0,0,0.0,120.98,250.0,107.0,208.0
2028-05-24,Wednesday,Fries,Cold,0,0,0.0,86.12,405.0,130.0,280.0
2022-07-04,Monday,Fries,Cloudy,0,0,0.0,93.62,451.0,117.0,224.0
2023-01-06,Friday,Burgers,Sunny,0,0,0.0,172.46,372.0,123.0,269.0
2024-02-27,Tuesday,Beverages,Cloudy,0,0,1.0,56.61,304.0,185.0,404.0
2029-05-20,Sunday,McNuggets,Cloudy,0,1,1.0,127.14,364.0,197.0,517.0
2030-01-06,Sunday,Desserts,Rainy,0,1,0.0,51.47,390.0,147.0,347.0
2028-11-22,Wednesday,Beverages,Hot,0,0,1.0,52.76,374.0,128.0,334.0
2029-09-11,Tuesday,Fries,Sunny,0,0,0.0,108.1,211.0,143.0,306.0
2024-11-03,Sunday,McNuggets,Hot,0,1,0.0,113.32,210.0,154.0,318.0
2027-07-27,Tuesday,Desserts,Rainy,0,0,0.0,100.98,169.0,98.0,171.0
2024-04-09,Tuesday,Beverages,Sunny,0,0,0.0,81.37,181.0,132.0,226.0
2022-05-20,Friday,Desserts,Sunny,0,0,1.0,93.21,177.0,154.0,429.0
2024-03-30,Saturday,Fries,Cloudy,0,1,1.0,74.42,389.0,188.0,447.0
2029-01-18,Thursday,Fries,Rainy,0,0,1.0,97.98,222.0,125.0,254.0
2023-02-21,Tuesday,Fries,Cloudy,0,0,0.0,87.9,182.0,125.0,235.0
2027-10-14,Thursday,Burgers,Rainy,0,0,1.0,,306.0,179.0,475.0
2029-12-25,Tuesday,McNuggets,Sunny,1,0,0.0,169.13,163.0,170.0,1394.0
2028-04-29,Saturday,Beverages,Cloudy,0,1,0.0,50.95,350.0,132.0,313.0
2029-10-12,Friday,Breakfast,Sunny,0,0,1.0,111.56,311.0,179.0,421.0
2025-02-08,Saturday,McNuggets,Rainy,0,1,0.0,93.16,170.0,161.0,263.0
2025-07-22,Tuesday,McNuggets,Cloudy,0,0,0.0,93.64,288.0,132.0,211.0
2025-09-18,Thursday,Desserts,Sunny,0,0,1.0,105.03,302.0,148.0,370.0
2023-02-16,Thursday,Desserts,Sunny,0,0,0.0,96.97,252.0,99.0,208.0
2025-01-05,Sunday,Burgers,Rainy,0,1,0.0,187.77,474.0,130.0,274.0
2028-11-04,Saturday,Beverages,Rainy,0,1,0.0,99.96,243.0,102.0,252.0
2024-10-14,Monday,Beverages,Cold,0,0,0.0,58.21,499.0,137.0,308.0
2026-04-17,Friday,Burgers,Sunny,0,0,0.0,144.73,403.0,162.0,335.0
2029-03-07,Wednesday,FRIES ,Hot,0,0,0.0,48.59,135.0,116.0,259.0
2022-02-14,Monday,Fries,Hot,0,0,1.0,80.09,204.0,189.0,500.0
2029-06-28,Thursday,Breakfast,sunny,0,0,1.0,119.6,147.0,122.0,244.0
2025-11-20,Thursday,Desserts,Sunny,0,0,1.0,89.15,308.0,165.0,333.0
2022-07-23,Saturday,Desserts,Hot,0,1,0.0,83.34,430.0,178.0,333.0
2029-05-02,Wednesday,Burgers,Rainy,0,0,0.0,152.73,403.0,153.0,281.0
2027-11-09,Tuesday,Burgers,Rainy,0,0,0.0,165.05,310.0,128.0,188.0
2027-10-09,Saturday,Desserts,Sunny,0,1,0.0,87.26,244.0,,271.0
2022-11-11,Friday,Breakfast,Sunny,0,0,0.0,108.87,258.0,125.0,193.0
2029-12-02,Sunday,Breakfast,Cloudy,0,1,1.0,78.68,549.0,163.0,401.0
2029-04-23,Monday,Fries,Hot,0,0,1.0,56.16,334.0,166.0,419.0
2023-05-11,Thursday,Fries,Sunny,0,0,0.0,80.53,292.0,112.0,224.0
2022-09-28,Wednesday,Breakfast,Sunny,0,0,0.0,91.68,190.0,110.0,152.0
2025-11-12,Wednesday,Burgers,Sunny,0,0,0.0,172.82,227.0,132.0,250.0
2022-11-19,Saturday,McNuggets,Hot,0,1,0.0,139.3,247.0,163.0,335.0
2026-12-24,Thursday,McNuggets,Cold,0,0,1.0,106.14,359.0,194.0,395.0
2023-03-16,Thursday,Burgers,Cold,0,0,0.0,167.22,301.0,141.0,277.0
2027-02-22,Monday,Fries,Cloudy,0,0,0.0,60.51,267.0,124.0,208.0
2025-08-14,Thursday,Burgers,Cold,0,0,0.0,130.26,239.0,149.0,237.0
2022-02-22,Tuesday,Desserts,Sunny,0,0,0.0,52.85,304.0,151.0,289.0
2027-06-07,Monday,Beverages,Hot,0,0,0.0,64.63,243.0,113.0,287.0
2022-05-25,Wednesday,Fries,Sunny,0,0,1.0,95.37,335.0,147.0,355.0
2026-05-21,Thursday,Fries,Hot,0,0,0.0,66.46,320.0,125.0,209.0
2029-05-03,Thursday,Beverages,Sunny,0,0,0.0,57.0,264.0,139.0,372.0
2028-06-28,Wednesday,McNuggets,,0,0,0.0,164.64,277.0,139.0,383.0
2028-03-21,Tuesday,Fries,Sunny,0,0,0.0,59.95,297.0,100.0,209.0
2026-09-15,Tuesday,Desserts,Cloudy,0,0,0.0,50.78,346.0,129.0,204.0
2028-08-08,Tuesday,Burgers,Sunny,0,0,1.0,143.34,246.0,209.0,518.0
2029-07-02,Monday,Burgers,Cloudy,0,0,0.0,133.41,290.0,152.0,296.0
2022-10-17,Monday,McNuggets,Sunny,0,0,0.0,107.72,407.0,110.0,213.0
2024-09-28,Saturday,Beverages,Hot,0,1,0.0,63.31,346.0,191.0,462.0
2024-04-18,Thursday,McNuggets,Cold,0,0,0.0,148.38,221.0,100.0,208.0
2030-03-12,Tuesday,Beverages,Cloudy,0,0,,97.8,162.0,113.0,272.0
2022-01-01,Saturday,Fries,Rainy,1,1,0.0,105.25,294.0,155.0,348.0
2027-06-19,Saturday,McNuggets,Cold,0,1,0.0,118.76,133.0,168.0,342.0
2027-09-15,Wednesday,Desserts,Sunny,0,0,0.0,93.26,279.0,143.0,269.0
2022-10-26,Wednesday,McNuggets,Cloudy,1,0,1.0,165.47,440.0,187.0,365.0
2029-06-03,Sunday,Breakfast,Sunny,0,1,1.0,129.94,505.0,189.0,403.0
2030-01-14,Monday,Burgers,Hot,0,0,0.0,124.85,308.0,115.0,210.0
2025-10-13,Monday,Fries,Sunny,0,0,0.0,93.94,338.0,,255.0
2023-12-29,Friday,Breakfast,Sunny,0,0,0.0,84.31,292.0,128.0,278.0
2023-06-13,Tuesday,Burgers,Cold,0,0,,189.11,388.0,117.0,265.0
2022-04-13,Wednesday,Fries,Cold,0,0,0.0,72.84,453.0,102.0,199.0
2026-05-11,Monday,Desserts,Sunny,0,0,1.0,93.81,226.0,179.0,397.0
2027-12-18,Saturday,McNuggets,Sunny,0,1,1.0,168.16,334.0,241.0,497.0
2029-07-26,Thursday,Beverages,Sunny,0,0,1.0,58.68,268.0,167.0,437.0
2029-08-17,Friday,Fries,Cold,0,0,0.0,102.89,301.0,96.0,177.0
2022-01-15,Saturday,Burgers,Rainy,1,1,0.0,130.28,222.0,207.0,407.0
2023-03-27,Monday,Breakfast,Cloudy,0,0,1.0,101.4,369.0,125.0,190.0
2023-06-29,Thursday,McNuggets,Hot,0,0,0.0,116.73,349.0,97.0,196.0
2026-12-10,Thursday,Fries,Hot,0,0,0.0,109.25,271.0,-5.0,156.0
2022-12-10,Saturday,Beverages,Sunny,0,1,1.0,86.9,249.0,232.0,554.0
2028-03-12,Sunday,Desserts,Rainy,0,1,1.0,92.86,345.0,186.0,383.0
2027-01-05,Tuesday,Desserts,Hot,0,0,0.0,66.03,164.0,114.0,246.0
2024-03-18,Monday,Desserts,Cloudy,0,0,0.0,93.76,424.0,112.0,240.0
2023-01-04,Wednesday, fries,Sunny,0,0,0.0,173.31,241.0,143.0,319.0
2024-03-20,Wednesday,Burgers,Sunny,0,0,0.0,152.69,296.0,154.0,342.0
2027-02-06,Saturday,Burgers,Sunny,0,1,0.0,118.65,251.0,170.0,381.0
2027-10-19,Tuesday,McNuggets,Cloudy,0,0,0.0,132.3,349.0,114.0,244.0
2022-07-14,Thursday,Fries,Cloudy,0,0,0.0,101.05,320.0,127.0,242.0
2022-07-08,Friday,Beverages,Hot,0,0,0.0,97.47,198.0,104.0,246.0
2026-12-26,Saturday,Burgers,Sunny,1,1,0.0,149.52,359.0,188.0,464.0
2022-02-21,Monday,Breakfast,Cloudy,0,0,1.0,108.3,285.0,127.0,292.0
2023-07-20,Thursday,McNuggets,Rainy,0,0,0.0,117.22,176.0,119.0,283.0
2023-08-18,Friday,Desserts,Cloudy,0,0,1.0,68.4,383.0,163.0,330.0
2022-02-02,Wednesday,Burgers,Hot,0,0,1.0,139.11,267.0,155.0,359.0
2026-03-26,Thursday,Beverages,Hot,0,0,0.0,67.52,231.0,156.0,278.0
2022-09-12,Monday,Burgers,Cloudy,0,0,0.0,171.67,337.0,161.0,380.0
2027-06-09,Wednesday,Burgers,Sunny,0,0,1.0,127.11,294.0,203.0,407.0
2023-06-20,Tuesday,Desserts,Sunny,0,0,0.0,80.86,215.0,86.0,110.0
2025-09-22,Monday,Desserts,,0,0,1.0,111.61,581.0,158.0,391.0
2026-12-15,Tuesday,Burgers,Hot,1,0,0.0,157.67,256.0,158.0,313.0
2024-06-08,Saturday,Fries,Cloudy,0,1,0.0,71.28,281.0,117.0,269.0
2029-05-24,Thursday,Beverages,Sunny,0,0,1.0,52.26,185.0,196.0,390.0
2022-07-16,Saturday,McNuggets,Cold,0,1,0.0,149.1,238.0,159.0,344.0
2028-06-04,Sunday,McNuggets,Sunny,0,1,1.0,165.7,500.0,239.0,518.0
2022-09-14,Wednesday,Desserts,Rainy,0,0,0.0,66.95,226.0,74.0,204.0
2028-05-01,Monday,Beverages,Cold,0,0,0.0,70.57,244.0,119.0,228.0
2026-05-07,Thursday,Beverages,Sunny,0,0,1.0,94.26,310.0,162.0,404.0
2026-04-22,Wednesday,Breakfast,Sunny,0,0,0.0,90.78,212.0,110.0,155.0
2022-10-19,Wednesday,Burgers,Hot,0,0,0.0,153.91,208.0,,388.0
2024-12-04,Wednesday,Fries,Rainy,0,0,0.0,82.7,294.0,96.0,158.0
2026-02-15,Sunday,McNuggets,Hot,0,1,0.0,126.24,523.0,174.0,289.0
2026-07-30,Thursday,Desserts,Hot,0,0,0.0,65.05,398.0,126.0,245.0
2025-07-16,Wednesday,Beverages,Rainy,0,0,0.0,62.41,295.0,143.0,282.0
2027-12-31,Friday,Fries,Cloudy,0,0,1.0,88.42,192.0,187.0,434.0
2029-12-06,Thursday,Beverages,Cold,0,0,0.0,48.69,156.0,108.0,300.0
2028-05-08,Monday,Beverages,Rainy,0,0,0.0,97.09,438.0,126.0,204.0
2024-05-09,Thursday,Burgers,Hot,0,0,0.0,122.4,334.0,131.0,
2026-04-28,Tuesday,McNuggets,Cold,0,0,1.0,100.19,406.0,149.0,271.0
2026-05-26,Tuesday,Burgers,Hot,0,0,0.0,161.9,284.0,130.0,269.0
2027-10-21,Thursday,Desserts,Sunny,0,0,0.0,80.75,220.0,113.0,178.0
2024-02-04,Sunday,Burgers,Cloudy,0,1,1.0,180.77,294.0,226.0,532.0
2027-07-28,Wednesday,McNuggets,Sunny,0,0,1.0,153.9,168.0,130.0,333.0
2025-04-15,Tuesday,Breakfast,Hot,0,0,0.0,106.49,368.0,103.0,194.0
2028-09-09,Saturday,Breakfast,Cold,0,1,0.0,101.07,117.0,126.0,247.0
2026-10-14,Wednesday,Fries,Sunny,0,0,1.0,102.73,265.0,164.0,400.0
2023-05-27,Saturday,Beverages,Sunny,0,1,1.0,74.28,321.0,206.0,454.0
2029-07-23,Monday,Burgers,Hot,0,0,0.0,165.54,383.0,101.0,117.0
2024-07-01,Monday,McNuggets,Sunny,0,0,0.0,97.76,411.0,114.0,246.0
2023-02-19,Sunday,McNuggets,Hot,0,1,0.0,127.42,365.0,174.0,368.0
2023-04-25,Tuesday,Beverages,Cloudy,0,0,0.0,50.83,269.0,113.0,270.0
2026-01-05,Monday,Burgers,Cloudy,0,0,0.0,139.51,330.0,124.0,237.0
2022-05-30,Monday,Fries,Cloudy,0,0,1.0,84.93,309.0,183.0,392.0
2024-10-22,Tuesday,Beverages,Hot,0,0,0.0,53.37,143.0,156.0,306.0
2027-09-21,Tuesday,Fries,Sunny,0,0,1.0,90.57,100.0,185.0,486.0
2024-08-02,Friday,Burgers,Sunny,0,0,0.0,133.15,311.0,130.0,226.0
2026-10-05,Monday,Fries,Cloudy,0,0,0.0,67.36,329.0,115.0,225.0
2023-03-07,Tuesday,Burgers,Rainy,0,0,1.0,175.83,255.0,138.0,325.0
2022-02-15,Tuesday,McNuggets,Rainy,0,0,1.0,92.4,523.0,166.0,360.0
2027-11-30,Tuesday,Breakfast,Sunny,0,0,1.0,117.05,363.0,197.0,414.0
2029-03-11,Sunday,Burgers,Cloudy,0,1,0.0,170.84,422.0,198.0,420.0
2025-05-29,Thursday,Breakfast,Cloudy,0,0,0.0,88.67,152.0,128.0,155.0
2024-04-19,Friday,McNuggets,Rainy,0,0,1.0,154.88,214.0,128.0,390.0
2027-02-18,Thursday,Breakfast,Sunny,0,0,0.0,133.72,376.0,110.0,170.0
2023-03-20,Monday,Fries,Cold,0,0,0.0,75.89,476.0,96.0,261.0
2023-03-10,Friday,Burgers,Cloudy,0,0,0.0,133.25,320.0,113.0,184.0
2026-02-19,Thursday,Breakfast,Sunny,0,0,1.0,78.51,201.0,137.0,254.0
2029-08-19,Sunday,Burgers,Hot,0,1,1.0,156.31,280.0,210.0,545.0
2025-05-01,Thursday,Burgers,Sunny,0,0,0.0,159.8,239.0,139.0,302.0
2022-11-28,Monday,Breakfast,Hot,0,0,1.0,123.6,316.0,158.0,350.0
2026-04-13,Monday,Fries,Sunny,0,0,1.0,67.71,246.0,166.0,371.0
2022-07-31,Sunday,McNuggets,Rainy,0,1,0.0,165.36,361.0,150.0,242.0
2025-03-05,Wednesday,Burgers,Rainy,0,0,0.0,176.71,178.0,138.0,233.0
2029-03-30,Friday,Fries,Sunny,0,0,0.0,60.51,249.0,112.0,236.0
2026-01-31,Saturday,Fries,Rainy,0,1,0.0,55.5,272.0,132.0,214.0
2025-11-11,Tuesday,Burgers,Sunny,0,0,0.0,173.5,221.0,138.0,240.0
2024-03-21,Thursday,Desserts,Rainy,0,0,1.0,57.92,333.0,151.0,352.0
2027-12-13,Monday,Burgers,Sunny,0,0,0.0,185.49,433.0,177.0,315.0
2029-01-06,Saturday,Burgers,Sunny,0,1,0.0,179.58,452.0,173.0,327.0
2023-02-13,Monday,Desserts,Sunny,0,0,0.0,63.92,445.0,129.0,289.0
2023-11-02,Thursday,Burgers,Sunny,0,0,0.0,146.43,186.0,151.0,294.0
2027-02-21,Sunday,Beverages,CLOUDY,0,1,0.0,74.91,264.0,140.0,263.0
2022-10-27,Thursday,Burgers,Hot,0,0,0.0,117.88,365.0,143.0,312.0
2026-11-29,Sunday,McNuggets,Sunny,0,1,0.0,100.46,466.0,165.0,309.0
2022-07-12,Tuesday,Desserts,Cold,0,0,1.0,115.37,245.0,143.0,323.0
2025-06-18,Wednesday,BURGERS,Rainy,0,0,1.0,175.85,248.0,161.0,344.0
2023-04-03,Monday,Beverages,Rainy,0,0,0.0,92.92,320.0,138.0,290.0
2027-12-16,Thursday,Breakfast,Hot,0,0,0.0,108.82,353.0,99.0,183.0
2022-06-25,Saturday,Burgers,Sunny,0,1,0.0,125.99,,216.0,449.0
2028-07-11,Tuesday,Beverages,Sunny,0,0,1.0,82.87,142.0,,444.0
2026-07-31,Friday,Desserts,Rainy,0,0,1.0,64.32,253.0,159.0,346.0
2025-06-30,Monday,Fries,Cloudy,0,0,0.0,89.31,442.0,77.0,200.0
2024-02-07,Wednesday,Desserts,Cloudy,0,0,0.0,103.26,304.0,122.0,244.0
2026-03-14,Saturday,Fries,Cloudy,0,1,0.0,57.98,349.0,157.0,355.0
2029-11-17,Saturday,Burgers,Rainy,0,1,0.0,144.13,229.0,152.0,425.0
2024-08-07,Wednesday,McNuggets,Sunny,0,0,0.0,125.21,289.0,130.0,310.0
2026-12-28,Monday,McNuggets,Cloudy,0,0,0.0,166.37,438.0,139.0,288.0
2025-02-09,Sunday,Burgers,Sunny,0,1,1.0,111.16,275.0,221.0,527.0
2027-10-18,Monday,Beverages,Cloudy,0,0,1.0,96.05,345.0,180.0,359.0
2027-09-03,Friday,Beverages,Hot,0,0,0.0,95.14,122.0,119.0,210.0
2023-04-17,Monday,Desserts,Hot,0,0,1.0,98.29,311.0,181.0,336.0
2025-08-10,Sunday,Breakfast,Sunny,0,1,0.0,,368.0,179.0,389.0
2028-12-29,Friday,Burgers,Hot,0,0,0.0,158.55,212.0,151.0,288.0
2028-12-04,Monday,Desserts,Sunny,0,0,0.0,98.3,308.0,113.0,261.0
2022-06-20,Monday,McNuggets,Rainy,0,0,0.0,111.67,390.0,114.0,266.0
2026-06-15,Monday,Burgers,Cloudy,0,0,1.0,177.05,267.0,154.0,419.0
2029-09-14,Friday,Burgers,Sunny,0,0,0.0,122.93,365.0,141.0,335.0
2022-03-30,Wednesday,Desserts,Rainy,0,0,1.0,65.81,199.0,146.0,294.0
2028-06-18,Sunday,Burgers,Rainy,0,1,1.0,171.53,358.0,190.0,394.0
2029-02-27,Tuesday,Fries,Cloudy,0,0,0.0,56.38,90.0,124.0,283.0
2022-09-09,Friday,Fries,Sunny,0,0,0.0,89.84,263.0,123.0,309.0
2029-08-08,Wednesday,Burgers,Rainy,0,0,1.0,120.19,372.0,177.0,392.0
2028-06-29,Thursday,Breakfast,Cloudy,0,0,0.0,86.93,371.0,125.0,294.0
2026-05-29,Friday,Beverages,Cloudy,0,0,0.0,-20.0,171.0,117.0,234.0
2027-04-14,Wednesday,Burgers,Cold,0,0,0.0,,373.0,125.0,189.0
2030-02-12,Tuesday,Breakfast,Cloudy,0,0,0.0,108.37,190.0,93.0,158.0
2025-11-07,Friday,Breakfast,Cold,0,0,0.0,88.85,235.0,113.0,189.0
2022-06-02,Thursday,Burgers,Rainy,0,0,0.0,120.78,168.0,133.0,303.0
2022-09-15,Thursday,McNuggets,Sunny,0,0,0.0,103.52,193.0,112.0,195.0
2026-01-14,Wednesday,Fries,Rainy,0,0,0.0,94.27,210.0,89.0,137.0
2022-12-30,Friday,Beverages,Sunny,0,0,0.0,55.67,262.0,137.0,297.0
2029-11-05,Monday,McNuggets,Cloudy,0,0,0.0,100.42,421.0,134.0,311.0
2024-08-03,Saturday,Burgers,Sunny,0,1,1.0,130.28,213.0,242.0,516.0
2025-10-27,Monday,Breakfast,Hot,0,0,0.0,122.19,483.0,133.0,282.0
2022-09-04,Sunday,Beverages,Cloudy,0,1,0.0,71.91,304.0,185.0,379.0
2023-12-20,Wednesday,Burgers,Cloudy,0,0,0.0,123.58,164.0,165.0,367.0
2023-11-17,Friday,Beverages,Rainy,0,0,0.0,69.78,86.0,80.0,192.0
2029-11-09,Friday,Fries,Rainy,0,0,0.0,89.63,300.0,118.0,225.0
2029-02-04,Sunday,Breakfast,Cloudy,0,1,0.0,132.98,410.0,153.0,300.0
2023-02-28,Tuesday,Beverages,Sunny,0,0,0.0,,309.0,133.0,336.0
2024-04-25,Thursday,Beverages,Rainy,0,0,0.0,67.37,362.0,141.0,244.0
2023-10-13,Friday,Burgers,Hot,0,0,0.0,132.99,277.0,102.0,160.0
2022-11-18,Friday,McNuggets,Sunny,0,0,0.0,160.77,242.0,127.0,257.0
2024-01-15,Monday,Fries,Sunny,1,0,0.0,69.6,530.0,156.0,317.0
2029-05-16,Wednesday,Burgers,Rainy,0,0,0.0,171.77,335.0,112.0,261.0
2027-02-12,Friday,Burgers,Rainy,0,0,0.0,152.01,263.0,125.0,266.0
2029-01-10,Wednesday,Fries,Rainy,0,0,1.0,55.22,238.0,156.0,266.0
2026-11-01,Sunday,Fries,Cold,0,1,0.0,89.69,367.0,143.0,234.0
2022-03-09,Wednesday,Breakfast,Cold,0,0,0.0,105.35,219.0,88.0,95.0
2024-10-31,Thursday,Burgers,Sunny,0,0,0.0,162.74,234.0,134.0,260.0
2025-10-31,Friday,McNuggets,Sunny,0,0,0.0,129.34,219.0,143.0,212.0
2023-03-09,Thursday,McNuggets,Hot,0,0,1.0,146.09,208.0,185.0,321.0
2025-04-05,Saturday,Burgers,Hot,0,1,0.0,160.43,254.0,194.0,436.0
2022-05-15,Sunday,Desserts,Sunny,0,1,0.0,104.36,331.0,160.0,267.0
2027-06-03,Thursday,Breakfast,Sunny,0,0,1.0,109.85,300.0,156.0,342.0
2024-10-07,Monday,Fries,Sunny,0,0,0.0,103.73,302.0,111.0,206.0
2027-07-24,Saturday,Burgers,Cloudy,0,1,0.0,131.83,428.0,161.0,288.0
2023-11-23,Thursday,Beverages,Cloudy,0,0,0.0,69.13,308.0,113.0,303.0
2023-06-18,Sunday,Beverages,Sunny,0,1,0.0,91.46,467.0,161.0,371.0
2025-07-26,Saturday,Burgers,Hot,0,1,0.0,120.24,149.0,165.0,453.0
2026-01-01,Thursday,McNuggets,Cloudy,1,0,0.0,132.02,172.0,164.0,344.0
2027-08-16,Monday,Desserts,Sunny,0,0,0.0,106.16,747.0,120.0,262.0
2028-12-23,Saturday,Beverages,Sunny,0,1,0.0,75.15,271.0,189.0,431.0
2026-06-09,Tuesday,Beverages,Hot,0,0,1.0,64.67,165.0,157.0,313.0
2026-11-15,Sunday,Breakfast,Sunny,0,1,0.0,84.17,573.0,132.0,293.0
2024-02-25,Sunday,Desserts,Sunny,0,1,1.0,103.79,487.0,192.0,488.0
2029-10-16,Tuesday,Fries,Sunny,0,0,1.0,58.47,290.0,154.0,323.0
2030-03-01,Friday,Fries,Sunny,0,0,0.0,55.21,363.0,129.0,289.0
2029-10-23,Tuesday,Burgers,Hot,0,0,0.0,180.46,169.0,125.0,240.0
2027-03-18,Thursday,Breakfast,Sunny,0,0,0.0,125.29,294.0,121.0,237.0
2022-05-05,Thursday,Fries,Hot,0,0,1.0,76.61,433.0,138.0,315.0
2022-06-28,Tuesday,Desserts,Hot,0,0,0.0,89.42,302.0,156.0,379.0
2026-05-02,Saturday,McNuggets,Hot,0,1,0.0,127.78,325.0,152.0,296.0
2026-04-09,Thursday,Desserts,Cold,0,0,1.0,117.99,226.0,145.0,396.0
2028-11-06,Monday,Breakfast,Sunny,0,0,0.0,131.91,256.0,54.0,82.0
2027-05-08,Saturday,Breakfast,Rainy,0,1,0.0,75.66,207.0,133.0,228.0
2027-07-13,Tuesday,McNuggets,Hot,0,0,1.0,166.24,299.0,173.0,318.0
2024-03-23,Saturday,Burgers,Sunny,0,1,0.0,130.15,191.0,187.0,326.0
2026-12-04,Friday,Burgers,Sunny,0,0,0.0,171.09,275.0,161.0,312.0
2024-10-24,Thursday,Breakfast,Sunny,0,0,1.0,132.5,247.0,157.0,374.0
2029-03-18,Sunday,Burgers,Sunny,0,1,0.0,180.77,262.0,201.0,405.0
2025-01-22,Wednesday,Desserts,Cloudy,0,0,0.0,92.88,329.0,142.0,263.0
2022-09-24,Saturday,McNuggets,Cloudy,0,1,1.0,113.72,180.0,214.0,550.0
2022-12-21,Wednesday,Burgers,Sunny,0,0,1.0,116.26,194.0,,501.0
2026-11-05,Thursday,Fries,Cloudy,0,0,1.0,87.85,174.0,155.0,366.0
2026-11-15,Sunday,Breakfast,Sunny,0,1,0.0,84.17,573.0,132.0,293.0
2027-07-07,Wednesday,Burgers,Rainy,0,0,0.0,130.29,362.0,115.0,257.0
2026-08-09,Sunday,Desserts,Sunny,0,1,0.0,116.8,471.0,174.0,298.0
2030-01-10,Thursday,beverages,Cloudy,0,0,0.0,135.25,207.0,120.0,290.0
2024-08-23,Friday,Fries,Hot,0,0,0.0,86.1,316.0,129.0,284.0
2025-03-25,Tuesday,Beverages,Cloudy,0,0,0.0,85.02,255.0,130.0,280.0
2027-06-17,Thursday,Burgers,Rainy,0,0,0.0,148.42,230.0,129.0,226.0
2027-10-12,Tuesday,Burgers,Cold,0,0,0.0,161.33,345.0,104.0,267.0
2026-07-01,Wednesday,Beverages,Hot,0,0,0.0,71.14,120.0,124.0,
2022-03-22,Tuesday,Desserts,Hot,0,0,0.0,73.66,278.0,93.0,191.0
2027-02-17,Wednesday,Breakfast,Sunny,0,0,1.0,89.66,449.0,166.0,348.0
2028-08-02,Wednesday,McNuggets,Cold,0,0,0.0,137.22,309.0,137.0,328.0
2023-08-23,Wednesday,Burgers,Rainy,0,0,0.0,141.88,381.0,129.0,268.0
2025-12-06,Saturday,Burgers,Sunny,0,1,1.0,139.06,308.0,200.0,544.0
2030-01-03,Thursday,Fries,Sunny,0,0,0.0,71.28,374.0,126.0,208.0
2028-09-13,Wednesday,Burgers,Rainy,0,0,1.0,143.17,226.0,179.0,440.0
2023-09-05,Tuesday,McNuggets,Cloudy,0,0,0.0,162.27,471.0,101.0,220.0
2026-07-16,Thursday,Fries,Cloudy,0,0,0.0,84.64,354.0,94.0,219.0
2025-11-24,Monday,Burgers,Rainy,0,0,0.0,136.19,395.0,83.0,212.0
2023-07-09,Sunday,Desserts,Sunny,0,1,1.0,95.17,317.0,213.0,433.0
2025-06-25,Wednesday,Desserts,Cold,0,0,1.0,80.26,296.0,148.0,353.0
2025-03-03,Monday,Desserts,Hot,0,0,0.0,66.23,388.0,108.0,207.0
2022-05-22,Sunday,Fries,Cold,0,1,0.0,65.91,350.0,165.0,314.0
2026-12-01,Tuesday,Burgers,Cloudy,1,0,0.0,137.27,394.0,159.0,382.0
2028-12-25,Monday,Fries,Sunny,1,0,1.0,64.92,269.0,187.0,471.0
2025-02-23,Sunday,Desserts,Hot,0,1,0.0,77.4,307.0,143.0,259.0
2024-03-05,Tuesday,Burgers,Sunny,0,0,0.0,151.12,260.0,114.0,186.0
2024-01-17,Wednesday,Fries,Rainy,0,0,0.0,98.59,361.0,126.0,227.0
2027-04-18,Sunday,McNuggets,Cloudy,0,1,0.0,152.01,378.0,158.0,390.0
2027-10-26,Tuesday,Desserts,Cold,1,0,0.0,51.27,398.0,123.0,247.0
2027-08-26,Thursday,Beverages,Cloudy,1,0,0.0,,377.0,184.0,455.0
2025-03-28,Friday,McNuggets,Rainy,0,0,1.0,121.03,140.0,159.0,348.0
2027-02-13,Saturday,McNuggets,Hot,0,1,0.0,119.49,241.0,180.0,350.0
2022-06-27,Monday,Fries,Cold,0,0,0.0,98.89,337.0,147.0,310.0
2024-03-09,Saturday,McNuggets,Sunny,0,1,0.0,123.18,281.0,156.0,308.0
2023-11-12,Sunday,Breakfast,Hot,0,1,0.0,105.58,253.0,130.0,239.0
2029-01-25,Thursday,Desserts,Cloudy,1,0,1.0,67.55,352.0,182.0,420.0
2029-07-18,Wednesday,Fries,Cloudy,0,0,1.0,82.93,318.0,171.0,403.0
2028-11-17,Friday,Beverages,Hot,0,0,1.0,92.02,143.0,162.0,290.0
2022-07-03,Sunday,Desserts,Sunny,0,1,1.0,97.33,327.0,170.0,454.0
2024-03-28,Thursday,Fries,Hot,0,0,1.0,80.32,231.0,176.0,371.0
2028-11-12,Sunday,Beverages,Cloudy,0,1,0.0,53.82,188.0,182.0,433.0
2029-04-18,Wednesday,McNuggets,Rainy,0,0,0.0,152.54,209.0,114.0,222.0
2024-11-21,Thursday,Fries,Sunny,0,0,0.0,81.24,206.0,89.0,152.0
2028-04-15,Saturday,Burgers,Cloudy,0,1,0.0,146.65,352.0,173.0,397.0
2029-08-26,Sunday,Beverages,Cloudy,1,1,0.0,70.86,541.0,196.0,456.0
2027-09-12,Sunday,Burgers,Sunny,0,1,0.0,189.69,378.0,162.0,394.0
2023-02-15,Wednesday,Fries,Cloudy,0,0,0.0,63.66,453.0,128.0,219.0
2023-09-30,Saturday,Fries,Sunny,0,1,0.0,56.02,411.0,185.0,391.0
2026-05-04,Monday,Desserts,Rainy,0,0,0.0,87.08,284.0,96.0,140.0
2027-07-19,Monday,Fries,Cloudy,0,0,0.0,86.16,387.0,120.0,228.0
2022-06-12,Sunday,McNuggets,Cloudy,0,1,0.0,151.53,221.0,153.0,344.0
2024-09-03,Tuesday,McNuggets,Cloudy,0,0,1.0,128.83,208.0,188.0,436.0
2024-10-26,Saturday,Breakfast,Cloudy,1,1,0.0,117.06,325.0,162.0,370.0
2024-01-07,Sunday,Fries,Rainy,0,1,1.0,92.75,274.0,184.0,393.0
2024-06-26,Wednesday,Fries,Cloudy,0,0,1.0,55.01,218.0,162.0,339.0
2025-05-10,Saturday,McNuggets,Hot,0,1,1.0,133.65,340.0,213.0,466.0
2028-08-15,Tuesday,Burgers,Cloudy,1,0,1.0,170.63,362.0,233.0,517.0
2022-01-31,Monday,McNuggets,Sunny,0,0,0.0,117.86,343.0,106.0,254.0
2024-03-12,Tuesday,Burgers,Cold,0,0,0.0,126.0,319.0,,231.0
2025-11-26,Wednesday,Desserts,Cloudy,0,0,0.0,108.83,210.0,131.0,242.0
2024-03-01,Friday,Burgers,Sunny,0,0,1.0,130.23,170.0,171.0,406.0
2022-06-23,Thursday,Fries,Sunny,0,0,1.0,59.19,195.0,153.0,333.0
2027-03-20,Saturday,Breakfast,Cold,0,1,0.0,112.61,491.0,131.0,238.0
2022-10-24,Monday,Breakfast,Rainy,0,0,0.0,131.3,551.0,76.0,161.0
2022-11-22,Tuesday,Breakfast,Hot,0,0,0.0,135.96,287.0,113.0,130.0
2027-04-22,Thursday,Breakfast,Rainy,0,0,0.0,83.87,280.0,83.0,164.0
2027-11-11,Thursday,Breakfast,Rainy,0,0,0.0,123.69,96.0,130.0,214.0
2025-02-01,Saturday,Beverages,Cold,0,1,0.0,91.57,379.0,150.0,318.0
2029-11-07,Wednesday,Breakfast,Sunny,0,0,0.0,71.46,372.0,104.0,244.0
2025-04-25,Friday,Beverages,Sunny,0,0,0.0,98.68,366.0,150.0,348.0
2023-05-01,Monday,Desserts,Rainy,0,0,0.0,93.66,308.0,113.0,250.0
2027-01-07,Thursday,McNuggets,Rainy,0,0,0.0,119.07,254.0,99.0,173.0
2029-09-07,Friday,Breakfast,Cloudy,0,0,0.0,120.82,388.0,80.0,133.0
2027-07-17,Saturday,Burgers,Rainy,0,1,0.0,148.76,376.0,179.0,339.0
2028-07-03,Monday,Fries,Hot,0,0,0.0,79.76,455.0,125.0,215.0
2027-05-17,Monday,Breakfast,Sunny,0,0,0.0,103.98,331.0,109.0,257.0
2024-04-20,Saturday,Burgers,Cloudy,0,1,1.0,178.72,390.0,194.0,493.0
2022-03-15,Tuesday,Breakfast,Sunny,0,0,0.0,106.2,282.0,93.0,216.0
2027-06-28,Monday,Fries,Hot,0,0,0.0,57.88,435.0,160.0,331.0
2029-03-08,Thursday,Desserts,Hot,0,0,1.0,53.49,257.0,170.0,382.0
2026-10-30,Friday,Beverages,Sunny,0,0,1.0,57.48,304.0,195.0,437.0
2023-05-02,Tuesday,Burgers,Cloudy,0,0,1.0,110.45,250.0,152.0,311.0
2025-05-20,Tuesday,Fries,Cloudy,0,0,0.0,86.93,202.0,113.0,225.0
2028-07-15,Saturday,McNuggets,Cold,0,1,0.0,155.4,461.0,155.0,364.0
2024-11-07,Thursday,Breakfast,Sunny,0,0,0.0,79.85,335.0,96.0,212.0
2025-06-09,Monday,Beverages,Rainy,0,0,0.0,45.65,316.0,97.0,249.0
2028-08-19,Saturday,Breakfast,Cold,0,1,0.0,135.93,260.0,124.0,302.0
2024-09-30,Monday,Breakfast,Sunny,0,0,1.0,112.51,388.0,141.0,336.0
2023-09-14,Thursday,Burgers,Sunny,0,0,0.0,115.72,293.0,146.0,375.0
2023-04-24,Monday,Desserts,Cloudy,0,0,0.0,69.6,372.0,100.0,285.0
2026-07-10,Friday,Fries,Rainy,0,0,0.0,100.48,264.0,107.0,172.0
2028-03-13,Monday,Beverages,Sunny,0,0,0.0,69.11,391.0,103.0,220.0
2029-07-08,Sunday,Breakfast,Rainy,0,1,0.0,81.53,314.0,126.0,322.0
2025-02-25,Tuesday,Breakfast,Sunny,0,0,0.0,86.82,334.0,87.0,177.0
2029-07-20,Friday,Desserts,Cloudy,0,0,0.0,108.74,298.0,93.0,152.0
2026-05-06,Wednesday,McNuggets,Cloudy,0,0,0.0,96.0,256.0,129.0,310.0
2022-11-21,Monday,Desserts,Hot,0,0,0.0,62.76,395.0,127.0,304.0
2027-07-26,Monday,Beverages,Rainy,0,0,0.0,67.86,320.0,102.0,157.0
2028-08-13,Sunday,Fries,Cloudy,0,1,1.0,105.9,269.0,201.0,443.0
2026-02-11,Wednesday,Burgers,Sunny,0,0,0.0,169.13,483.0,126.0,260.0
2023-06-12,Monday,Fries,Hot,0,0,1.0,60.2,231.0,135.0,377.0
2023-07-10,Monday,Beverages,Rainy,0,0,1.0,90.47,446.0,141.0,275.0
2027-10-25,Monday,Beverages,Cloudy,1,0,0.0,79.88,265.0,162.0,378.0
2023-07-22,Saturday,Beverages,Rainy,0,1,0.0,94.0,184.0,180.0,445.0
2023-11-08,Wednesday,Burgers,Sunny,0,0,0.0,185.84,243.0,141.0,299.0
2029-09-20,Thursday,Fries,Cloudy,0,0,0.0,72.03,156.0,121.0,245.0
2022-08-28,Sunday,Burgers,Rainy,0,1,1.0,165.2,460.0,,425.0
2023-08-29,Tuesday,burgers,Sunny,0,0,0.0,87.57,291.0,103.0,280.0
2023-06-17,Saturday,Desserts,Cloudy,0,1,1.0,75.42,373.0,169.0,474.0
2025-11-13,Thursday,Fries,Rainy,0,0,0.0,68.05,248.0,102.0,147.0
2024-12-24,Tuesday,Desserts,Hot,0,0,0.0,103.01,277.0,95.0,171.0
2026-07-21,Tuesday,Desserts,Cloudy,0,0,1.0,111.74,263.0,153.0,342.0
2027-11-22,Monday,Burgers,Sunny,0,0,1.0,158.76,286.0,182.0,420.0
2026-05-08,Friday,Beverages,Rainy,0,0,0.0,89.15,418.0,104.0,211.0
2029-09-28,Friday,Burgers,Sunny,0,0,0.0,184.88,187.0,-5.0,254.0
2023-09-03,Sunday,Burgers,Rainy,0,1,1.0,165.98,383.0,211.0,510.0
2025-06-26,Thursday,Breakfast,Sunny,0,0,0.0,138.55,352.0,120.0,267.0
2025-12-07,Sunday,Fries,Cloudy,0,1,0.0,70.79,565.0,177.0,334.0
2024-05-14,Tuesday,Beverages,Sunny,0,0,0.0,83.11,266.0,155.0,279.0
2026-09-11,Friday,Burgers,Cloudy,0,0,0.0,187.8,199.0,110.0,254.0
2029-12-17,Monday,Fries,Hot,0,0,,81.28,254.0,128.0,265.0
2025-10-05,Sunday,Beverages,Cloudy,0,1,0.0,70.56,194.0,158.0,349.0
2029-01-22,Monday,Fries,Cold,0,0,0.0,92.39,383.0,118.0,242.0
2023-07-12,Wednesday,Burgers,Cloudy,0,0,0.0,150.38,239.0,148.0,299.0
2030-01-04,Friday,Desserts,Rainy,0,0,0.0,110.96,199.0,65.0,125.0
2023-08-25,Friday,Fries,Rainy,1,0,0.0,97.49,266.0,111.0,254.0
2026-11-03,Tuesday,Beverages,Sunny,0,0,0.0,64.45,319.0,126.0,280.0
2026-02-27,Friday,Fries,Sunny,0,0,1.0,95.69,202.0,172.0,364.0
2027-07-22,Thursday,Fries,Rainy,0,0,0.0,100.71,176.0,103.0,149.0
2026-09-26,Saturday,McNuggets,Sunny,0,1,0.0,140.72,274.0,158.0,324.0
2026-02-26,Thursday,Desserts,Cold,0,0,0.0,88.09,203.0,114.0,190.0
2025-11-14,Friday,Burgers,Rainy,0,0,1.0,133.09,139.0,186.0,332.0
2029-07-05,Thursday,Burgers,Hot,0,0,0.0,134.6,264.0,153.0,299.0
2028-11-07,Tuesday,McNuggets,Sunny,0,0,0.0,144.1,63.0,116.0,231.0
2022-04-19,Tuesday,Fries,Rainy,0,0,0.0,67.25,159.0,97.0,214.0
2026-09-03,Thursday,McNuggets,Hot,0,0,0.0,140.12,319.0,145.0,332.0
2030-02-01,Friday,Beverages,Rainy,0,0,0.0,83.19,152.0,115.0,330.0
2023-08-26,Saturday,Burgers,Sunny,1,1,0.0,123.68,268.0,181.0,408.0
2022-11-15,Tuesday,Burgers,Hot,0,0,0.0,161.88,157.0,69.0,40.0
2024-12-14,Saturday,Burgers,Hot,0,1,0.0,114.55,237.0,203.0,500.0
2024-12-20,Friday,Desserts,Sunny,0,0,0.0,52.24,195.0,138.0,239.0
2025-08-09,Saturday,Beverages,Rainy,0,1,0.0,71.28,446.0,162.0,363.0
2025-05-26,Monday,Breakfast,Cloudy,0,0,1.0,84.98,418.0,143.0,383.0
2027-10-16,Saturday,McNuggets,Sunny,0,1,0.0,135.56,352.0,169.0,281.0
2023-02-07,Tuesday,Beverages,Cold,0,0,0.0,75.79,292.0,110.0,272.0
2024-10-09,Wednesday,Desserts,Rainy,0,0,0.0,114.95,328.0,93.0,178.0
2029-12-27,Thursday,Breakfast,Rainy,0,0,1.0,139.84,305.0,142.0,303.0
2028-11-27,Monday,Fries,Rainy,0,0,0.0,66.89,271.0,91.0,193.0
2028-10-06,Friday,Fries,Rainy,0,0,0.0,58.22,280.0,105.0,240.0
2025-11-23,Sunday,Burgers,Rainy,0,1,0.0,158.08,358.0,179.0,412.0
2029-05-08,Tuesday,Fries,Sunny,0,0,0.0,107.12,305.0,122.0,258.0
2024-07-16,Tuesday,Beverages,Rainy,0,0,0.0,99.97,148.0,110.0,218.0
2024-04-27,Saturday,Desserts,Rainy,0,1,0.0,75.74,295.0,141.0,275.0
2023-11-14,Tuesday,Burgers,Hot,0,0,1.0,,247.0,163.0,398.0
2024-01-27,Saturday,McNuggets,Sunny,0,1,1.0,109.42,160.0,208.0,489.0
2025-06-15,Sunday,Breakfast,Cold,0,1,0.0,117.61,310.0,95.0,254.0
2025-08-06,Wednesday,Breakfast,Hot,0,0,0.0,73.75,,127.0,280.0
2028-05-07,Sunday,Beverages,Sunny,0,1,1.0,,453.0,175.0,434.0
2029-09-02,Sunday,Desserts,Sunny,0,1,0.0,75.45,502.0,168.0,373.0
2026-02-03,Tuesday,McNuggets,Hot,0,0,1.0,138.97,307.0,163.0,370.0
2028-03-18,Saturday,Fries,Hot,0,1,0.0,106.3,242.0,156.0,288.0
2022-03-12,Saturday,Breakfast,Rainy,0,1,1.0,132.06,282.0,182.0,451.0
2023-07-27,Thursday,Fries,Hot,0,0,0.0,58.38,257.0,139.0,216.0
2027-11-02,Tuesday,Burgers,Cloudy,0,0,0.0,133.05,319.0,141.0,317.0
2023-03-26,Sunday,Burgers,Sunny,0,1,0.0,135.5,321.0,180.0,370.0
2025-06-17,Tuesday,Beverages,Cloudy,0,0,0.0,96.83,242.0,101.0,219.0
2022-02-26,Saturday,Burgers,Rainy,0,1,0.0,178.73,204.0,146.0,273.0
2026-07-18,Saturday,Beverages,Rainy,0,1,0.0,76.07,230.0,165.0,300.0
2025-01-04,Saturday,Fries,Sunny,0,1,1.0,64.25,158.0,175.0,474.0
2026-03-06,Friday,Fries,Cloudy,0,0,0.0,97.03,243.0,107.0,220.0
2026-10-09,Friday,Breakfast,Sunny,0,0,1.0,86.03,89.0,144.0,319.0
2024-08-20,Tuesday,Fries,Sunny,0,0,1.0,81.63,294.0,165.0,351.0
2024-12-29,Sunday,Beverages,Cold,0,1,0.0,91.59,309.0,163.0,364.0
2024-09-17,Tuesday,Breakfast,Sunny,0,0,1.0,101.53,136.0,148.0,275.0
2022-11-06,Sunday,Fries,Cloudy,0,1,1.0,74.32,200.0,180.0,410.0
2028-02-04,Friday,Beverages,Sunny,0,0,0.0,68.3,232.0,126.0,237.0
2025-01-07,Tuesday,Desserts,Cloudy,0,0,1.0,118.7,161.0,,435.0
2026-02-12,Thursday,Fries,Sunny,0,0,0.0,72.49,244.0,120.0,260.0
2029-10-19,Friday,Beverages,Cloudy,0,0,0.0,62.28,292.0,132.0,339.0
2025-05-11,Sunday,Fries,Cloudy,0,1,1.0,93.87,449.0,185.0,419.0
2023-01-29,Sunday,Breakfast,Cloudy,0,1,0.0,120.89,497.0,134.0,290.0
2023-04-09,Sunday,McNuggets,Rainy,0,1,0.0,128.96,353.0,151.0,392.0
2024-11-30,Saturday,Beverages,Hot,0,1,0.0,53.15,479.0,150.0,391.0
2028-10-24,Tuesday,McNuggets,Rainy,0,0,0.0,150.89,231.0,129.0,290.0
2027-02-27,Saturday,Breakfast,Sunny,0,1,1.0,112.01,215.0,167.0,373.0
2028-05-11,Thursday,McNuggets,Cloudy,0,0,0.0,108.55,270.0,149.0,245.0
2023-05-22,Monday,Desserts,Cold,0,0,1.0,56.2,,159.0,344.0
2028-12-11,Monday,Breakfast,Sunny,0,0,0.0,133.44,272.0,154.0,361.0
2023-08-22,Tuesday,Burgers,Cloudy,0,0,1.0,129.35,209.0,143.0,374.0
2024-10-08,Tuesday,Desserts,Cloudy,0,0,1.0,101.03,237.0,140.0,348.0
2024-06-16,Sunday,FRIES ,Hot,0,1,0.0,97.59,428.0,151.0,320.0
2023-08-05,Saturday,Desserts,Hot,0,1,1.0,88.33,409.0,187.0,397.0
2028-01-06,Thursday,Beverages,Hot,0,0,0.0,90.94,320.0,139.0,290.0
2023-12-07,Thursday,Desserts,Cold,0,0,1.0,-20.0,,136.0,280.0
2027-12-02,Thursday,McNuggets,Sunny,0,0,0.0,115.98,376.0,114.0,168.0
2029-12-16,Sunday,Desserts,Cloudy,0,1,0.0,104.6,440.0,138.0,279.0
2026-05-31,Sunday,McNuggets,Sunny,0,1,0.0,150.15,215.0,184.0,425.0
2023-03-13,Monday,Burgers,Sunny,0,0,0.0,168.05,341.0,143.0,269.0
2027-07-25,Sunday,Beverages,Cloudy,0,1,0.0,45.14,312.0,154.0,330.0
2022-05-01,Sunday,Breakfast,Sunny,0,1,0.0,132.24,370.0,134.0,294.0
2025-04-02,Wednesday,Burgers,Rainy,0,0,0.0,179.98,280.0,117.0,206.0
2024-02-16,Friday,Fries,Hot,0,0,1.0,84.56,278.0,157.0,422.0
2024-05-19,Sunday,Desserts,Sunny,0,1,1.0,62.22,343.0,206.0,411.0
2029-09-26,Wednesday,Breakfast,Cloudy,0,0,0.0,90.33,347.0,108.0,233.0
2026-04-06,Monday,McNuggets,Rainy,0,0,0.0,98.39,360.0,110.0,228.0
2022-11-10,Thursday,Desserts,Sunny,0,0,0.0,75.75,271.0,113.0,244.0
2026-09-06,Sunday,McNuggets,Rainy,0,1,1.0,99.29,315.0,170.0,397.0
2022-08-22,Monday,Beverages,Sunny,0,0,0.0,69.98,300.0,151.0,347.0
2029-04-06,Friday,Fries,Sunny,0,0,0.0,59.07,264.0,131.0,258.0
2026-09-10,Thursday,Beverages,Hot,0,0,0.0,86.91,344.0,138.0,236.0
2027-09-28,Tuesday,McNuggets,Hot,0,0,0.0,146.02,245.0,159.0,330.0
2028-08-01,Tuesday,McNuggets,Cloudy,1,0,0.0,157.17,164.0,150.0,317.0
2022-04-22,Friday,Burgers,Sunny,0,0,0.0,152.22,354.0,163.0,315.0
2029-03-09,Friday,Fries,Sunny,0,0,0.0,61.36,390.0,123.0,180.0
2025-03-24,Monday,Breakfast,Cloudy,0,0,0.0,113.87,645.0,125.0,247.0
2023-02-15,Wednesday,Fries,Cloudy,0,0,0.0,63.66,453.0,128.0,219.0
2022-08-07,Sunday,McNuggets,Rainy,0,1,0.0,157.72,281.0,149.0,305.0
2023-11-25,Saturday, fries,Sunny,0,1,1.0,101.56,334.0,220.0,460.0
2029-11-21,Wednesday,Breakfast,Rainy,0,0,0.0,85.17,275.0,100.0,264.0
2025-01-30,Thursday,Beverages,Rainy,0,0,0.0,90.16,232.0,104.0,245.0
2024-06-22,Saturday,McNuggets,Sunny,0,1,0.0,134.67,360.0,212.0,492.0
2028-08-07,Monday,McNuggets,Rainy,0,0,0.0,99.57,332.0,122.0,255.0
2023-04-18,Tuesday,Burgers,Rainy,0,0,0.0,180.72,351.0,119.0,276.0
2028-10-19,Thursday,Burgers,Rainy,0,0,1.0,156.14,343.0,165.0,381.0
2024-05-17,Friday,Burgers,Rainy,0,0,0.0,125.8,356.0,155.0,299.0
2023-05-23,Tuesday,Breakfast,Cloudy,0,0,1.0,112.63,340.0,153.0,310.0
2028-01-19,Wednesday,Desserts,Sunny,0,0,0.0,76.86,294.0,107.0,187.0
2026-02-07,Saturday,Fries,Sunny,0,1,0.0,71.39,529.0,146.0,296.0
2026-12-06,Sunday,Desserts,Sunny,0,1,0.0,74.59,343.0,138.0,333.0
2029-09-16,Sunday,Breakfast,Sunny,0,1,1.0,106.09,387.0,196.0,438.0
2023-01-23,Monday,Burgers,Rainy,0,0,1.0,131.28,320.0,138.0,294.0
2024-11-13,Wednesday,Burgers,Rainy,0,0,0.0,110.08,404.0,120.0,273.0
2027-09-09,Thursday,Beverages,Sunny,0,0,0.0,60.06,278.0,116.0,263.0
2027-03-31,Wednesday,McNuggets,sunny,0,0,0.0,96.14,270.0,149.0,256.0
2024-04-11,Thursday,Beverages,Hot,0,0,0.0,94.25,366.0,139.0,294.0
2025-12-28,Sunday,McNuggets,Sunny,0,1,0.0,119.63,331.0,153.0,373.0
2025-08-15,Friday,Desserts,Rainy,1,0,0.0,116.89,233.0,162.0,357.0
2028-11-01,Wednesday,McNuggets,Rainy,0,0,1.0,94.27,384.0,138.0,329.0
2025-04-23,Wednesday,Fries,Sunny,0,0,0.0,56.57,203.0,148.0,265.0
2030-02-05,Tuesday,Desserts,Cloudy,0,0,1.0,116.78,242.0,121.0,295.0
2022-05-16,Monday,Fries,CLOUDY,0,0,0.0,85.37,283.0,113.0,266.0
2025-06-27,Friday,Burgers,Cloudy,0,0,0.0,117.09,268.0,120.0,237.0
2028-01-04,Tuesday,Burgers,Sunny,0,0,0.0,120.26,271.0,159.0,279.0
2024-01-12,Friday,Fries,Hot,0,0,0.0,56.81,214.0,125.0,269.0
2028-04-03,Monday,Burgers,Cloudy,0,0,0.0,180.38,399.0,127.0,258.0
2023-01-02,Monday,Desserts,Cloudy,0,0,0.0,87.19,312.0,93.0,205.0
2027-04-03,Saturday,Fries,Hot,0,1,0.0,88.51,342.0,146.0,279.0
2022-01-30,Sunday,Burgers,Rainy,0,1,0.0,144.04,442.0,145.0,
2029-11-25,Sunday,Desserts,Cloudy,0,1,0.0,57.78,545.0,158.0,365.0
2022-01-23,Sunday,Fries,Rainy,0,1,1.0,,461.0,142.0,379.0
2024-12-26,Thursday,Desserts,Hot,1,0,0.0,65.49,384.0,149.0,369.0
2024-04-22,Monday,Burgers,Cloudy,0,0,0.0,133.52,317.0,135.0,249.0
2026-04-19,Sunday,Beverages,Hot,0,1,0.0,77.47,579.0,141.0,235.0
2023-02-25,Saturday,Breakfast,Hot,0,1,1.0,134.7,101.0,181.0,415.0
2028-03-23,Thursday,McNuggets,Hot,0,0,0.0,99.1,292.0,120.0,283.0
2023-04-06,Thursday,Burgers,Sunny,0,0,0.0,164.7,253.0,125.0,249.0
2022-02-13,Sunday,Desserts,Cloudy,0,1,0.0,67.98,364.0,126.0,238.0
2022-03-29,Tuesday,McNuggets,Sunny,0,0,0.0,168.39,389.0,126.0,185.0
2025-01-10,Friday,Burgers,Rainy,0,0,0.0,127.81,183.0,113.0,294.0
2026-04-30,Thursday,Fries,Cold,0,0,0.0,77.54,402.0,80.0,148.0
2022-10-10,Monday,Fries,Hot,0,0,1.0,94.68,304.0,191.0,470.0
2027-10-23,Saturday,Beverages,Cold,0,1,0.0,56.26,179.0,155.0,350.0
2027-04-07,Wednesday,McNuggets,Rainy,0,0,0.0,115.99,419.0,91.0,143.0
2024-12-09,Monday,Burgers,Rainy,0,0,0.0,134.3,276.0,116.0,248.0
2024-02-05,Monday,Beverages,Sunny,0,0,1.0,56.8,533.0,126.0,276.0
2029-11-06,Tuesday,Beverages,Hot,0,0,0.0,49.47,274.0,156.0,381.0
2028-10-18,Wednesday,Desserts,Cloudy,0,0,1.0,89.03,279.0,148.0,326.0
2028-10-05,Thursday,Beverages,Cloudy,0,0,0.0,92.17,323.0,134.0,271.0
2028-08-17,Thursday,Burgers,Sunny,0,0,0.0,166.33,222.0,145.0,314.0
2030-02-25,Monday,Burgers,Sunny,0,0,1.0,183.36,290.0,175.0,333.0
2024-01-26,Friday,Breakfast,Sunny,1,0,0.0,88.86,491.0,109.0,161.0
2028-07-06,Thursday,Beverages,Hot,0,0,0.0,57.53,231.0,125.0,266.0
2028-09-12,Tuesday,Fries,Cloudy,0,0,0.0,104.28,172.0,87.0,220.0
2023-10-05,Thursday,Burgers,Cloudy,0,0,0.0,135.73,256.0,131.0,202.0
2025-09-28,Sunday,McNuggets,Sunny,0,1,0.0,155.48,325.0,166.0,418.0
2025-04-21,Monday,McNuggets,Rainy,0,0,0.0,153.08,197.0,123.0,303.0
2028-01-28,Friday,Desserts,Sunny,0,0,0.0,80.06,185.0,89.0,166.0
2029-06-04,Monday,Beverages,Cold,0,0,0.0,51.46,402.0,121.0,271.0
2026-10-27,Tuesday,Beverages,Cloudy,0,0,0.0,47.63,298.0,140.0,356.0
2022-08-10,Wednesday,Beverages,Sunny,0,0,1.0,77.41,359.0,146.0,404.0
2023-06-28,Wednesday,McNuggets,Cloudy,0,0,0.0,127.52,369.0,149.0,361.0
2025-06-05,Thursday,Beverages,Sunny,0,0,1.0,58.91,307.0,198.0,436.0
2027-12-09,Thursday,McNuggets,Sunny,0,0,0.0,128.87,336.0,125.0,236.0
2026-12-11,Friday,Breakfast,Cloudy,0,0,0.0,76.2,147.0,103.0,181.0
2023-10-14,Saturday,Beverages,Cloudy,0,1,1.0,53.9,167.0,193.0,509.0
2025-05-24,Saturday,Burgers,Cloudy,0,1,0.0,131.97,,184.0,428.0
2029-08-12,Sunday,Burgers,Rainy,0,1,0.0,133.69,423.0,138.0,215.0
2023-11-27,Monday,McNuggets,Sunny,0,0,1.0,134.16,332.0,170.0,395.0
2023-07-23,Sunday,Desserts,Hot,0,1,0.0,,461.0,183.0,352.0
2024-12-07,Saturday,Fries,Rainy,0,1,0.0,99.41,160.0,137.0,309.0
2028-12-30,Saturday,Desserts,Rainy,0,1,0.0,89.54,299.0,132.0,317.0
2022-09-30,Friday,Desserts,Rainy,0,0,0.0,96.46,257.0,84.0,134.0
2023-06-06,Tuesday,Fries,Cloudy,0,0,0.0,88.57,200.0,129.0,221.0
2027-05-20,Thursday,McNuggets,,0,0,0.0,103.27,301.0,122.0,208.0
2027-09-25,Saturday,Beverages,Sunny,0,1,1.0,63.28,293.0,233.0,628.0
2023-07-19,Wednesday,Fries,Cloudy,0,0,0.0,75.85,282.0,99.0,174.0
2025-04-19,Saturday,Beverages,Sunny,0,1,1.0,53.78,239.0,236.0,572.0
2026-11-25,Wednesday,Beverages,Cloudy,0,0,,63.94,305.0,148.0,274.0
2024-06-06,Thursday,Fries,Rainy,0,0,0.0,99.21,79.0,83.0,115.0
2025-05-22,Thursday,Beverages,Hot,0,0,1.0,63.3,267.0,168.0,340.0
2030-01-30,Wednesday,McNuggets,Sunny,0,0,1.0,100.53,259.0,185.0,396.0
2026-10-12,Monday,Beverages,Sunny,0,0,0.0,76.88,328.0,165.0,429.0
2029-11-15,Thursday,Beverages,Sunny,0,0,0.0,96.52,269.0,89.0,236.0
2026-05-03,Sunday,Beverages,Hot,0,1,0.0,75.46,297.0,152.0,314.0
2028-07-29,Saturday,Burgers,Cold,0,1,1.0,146.21,256.0,210.0,447.0
2027-08-07,Saturday,Desserts,Rainy,0,1,0.0,75.79,339.0,124.0,230.0
2026-09-20,Sunday,Burgers,Cloudy,0,1,1.0,181.03,346.0,219.0,577.0
2022-06-18,Saturday,Burgers,Hot,0,1,0.0,131.68,429.0,182.0,429.0
2025-08-16,Saturday,Burgers,Cloudy,0,1,1.0,112.29,340.0,214.0,463.0
2029-04-27,Friday,Burgers,Cloudy,0,0,0.0,182.44,251.0,122.0,290.0
2028-06-05,Monday,Fries,Sunny,0,0,0.0,62.97,518.0,96.0,226.0
2027-04-23,Friday,Beverages,Hot,0,0,0.0,46.42,166.0,110.0,283.0
2026-06-26,Friday,Burgers,Rainy,0,0,0.0,170.41,96.0,147.0,290.0
2027-09-24,Friday,Burgers,Hot,0,0,0.0,113.2,209.0,143.0,258.0
2029-01-26,Friday,Beverages,Hot,1,0,1.0,94.2,,229.0,494.0
2028-06-14,Wednesday,Desserts,Sunny,0,0,0.0,57.74,266.0,137.0,289.0
2023-01-03,Tuesday,Desserts,Sunny,0,0,0.0,106.39,222.0,138.0,229.0
2026-11-22,Sunday,McNuggets,Hot,0,1,0.0,107.6,287.0,171.0,340.0
2028-04-22,Saturday,Fries,Cold,0,1,0.0,61.38,396.0,167.0,342.0
2024-07-19,Friday,Burgers,Cold,0,0,0.0,175.86,271.0,108.0,273.0
2025-09-14,Sunday,Beverages,Cloudy,0,1,,50.88,310.0,180.0,417.0
2022-12-18,Sunday,Breakfast,Cloudy,0,1,0.0,94.34,482.0,120.0,258.0
2027-07-09,Friday,Beverages,Sunny,0,0,1.0,95.82,228.0,177.0,444.0
2025-03-23,Sunday,Burgers,Hot,0,1,1.0,144.2,434.0,250.0,648.0
2027-07-12,Monday,Burgers,Rainy,0,0,0.0,141.83,338.0,141.0,319.0
2027-11-07,Sunday,Burgers,Rainy,0,1,0.0,134.79,273.0,147.0,319.0
2029-06-15,Friday,Breakfast,Hot,0,0,0.0,104.54,344.0,75.0,199.0
2028-07-26,Wednesday,McNuggets,Cloudy,0,0,1.0,115.83,288.0,176.0,371.0
2023-05-14,Sunday,Desserts,SUNNY,0,1,0.0,116.92,341.0,169.0,361.0
2029-05-01,Tuesday,Burgers,Sunny,0,0,1.0,159.35,239.0,171.0,391.0
2022-07-30,Saturday,Beverages,Sunny,0,1,0.0,94.99,220.0,162.0,344.0
2028-05-22,Monday,McNuggets,Cloudy,0,0,0.0,148.38,415.0,130.0,153.0
2028-10-02,Monday,Fries,Hot,0,0,0.0,62.34,436.0,135.0,273.0
2022-08-16,Tuesday,Fries,Cloudy,0,0,1.0,103.97,305.0,160.0,414.0
2023-01-01,Sunday,Fries,Rainy,1,1,0.0,82.78,406.0,166.0,349.0
2028-02-13,Sunday,McNuggets,Cloudy,0,1,0.0,104.94,350.0,181.0,372.0
2028-03-08,Wednesday,Fries,Cloudy,0,0,0.0,104.27,447.0,154.0,209.0
2029-10-14,Sunday,Desserts,Sunny,0,1,1.0,96.95,302.0,218.0,463.0
2028-03-02,Thursday,McNuggets,Rainy,0,0,0.0,161.76,240.0,120.0,284.0
2025-01-02,Thursday,Burgers,Sunny,0,0,0.0,167.67,400.0,151.0,321.0
2023-02-12,Sunday,Burgers,Cold,0,1,0.0,152.78,373.0,197.0,456.0
2029-06-09,Saturday,McNuggets,Sunny,0,1,0.0,96.08,335.0,165.0,381.0
2024-09-26,Thursday,Beverages,Sunny,0,0,0.0,56.94,223.0,119.0,381.0
2025-05-07,Wednesday,Beverages,Cold,0,0,0.0,98.08,184.0,93.0,220.0
2023-04-16,Sunday,Burgers,Sunny,0,1,0.0,147.2,454.0,142.0,322.0
2030-03-07,Thursday,Beverages,Cold,0,0,1.0,54.64,202.0,174.0,422.0
2026-06-30,Tuesday,Breakfast,Cloudy,0,0,0.0,132.6,235.0,106.0,129.0
2022-01-08,Saturday,Desserts,Sunny,0,1,0.0,90.48,191.0,149.0,227.0
2023-12-02,Saturday,Beverages,Rainy,0,1,0.0,87.94,286.0,140.0,278.0
2025-06-07,Saturday,Burgers,Cloudy,0,1,1.0,142.23,255.0,197.0,558.0
2025-01-11,Saturday,Fries,Cold,0,1,0.0,69.37,286.0,143.0,351.0
2023-02-20,Monday,Beverages,Rainy,0,0,0.0,48.9,382.0,115.0,179.0
2025-05-05,Monday,Desserts,Cloudy,0,0,1.0,97.53,438.0,139.0,360.0
2027-12-12,Sunday,Burgers,Rainy,0,1,1.0,167.44,462.0,178.0,453.0
2024-05-12,Sunday,Beverages,Cloudy,0,1,1.0,96.33,610.0,193.0,453.0
2025-01-28,Tuesday,Breakfast,Cold,0,0,1.0,120.3,120.0,145.0,351.0
2022-07-19,Tuesday,Breakfast,Cloudy,0,0,0.0,109.94,235.0,115.0,177.0
2022-10-11,Tuesday,Burgers,,0,0,1.0,117.05,456.0,164.0,362.0
2022-08-20,Saturday,Beverages,Rainy,0,1,1.0,51.74,208.0,176.0,398.0
2027-09-16,Thursday,Beverages,Sunny,0,0,0.0,84.51,277.0,161.0,288.0
2026-07-03,Friday,Burgers,Rainy,0,0,0.0,127.16,259.0,94.0,237.0
2022-04-07,Thursday,Beverages,Cold,0,0,0.0,60.89,382.0,109.0,223.0
2025-10-30,Thursday,McNuggets,Sunny,0,0,0.0,130.21,301.0,115.0,210.0
2029-02-14,Wednesday,Burgers,Cloudy,0,0,1.0,176.92,303.0,163.0,410.0
2027-12-15,Wednesday,Fries,Cloudy,1,0,0.0,106.72,150.0,133.0,326.0
2023-12-31,Sunday,Burgers,Rainy,0,1,1.0,120.05,436.0,199.0,522.0
2029-02-16,Friday,Fries,Rainy,0,0,0.0,99.31,243.0,107.0,214.0
2029-02-12,Monday,Burgers,Rainy,0,0,0.0,162.5,286.0,138.0,243.0
2029-12-07,Friday,Fries,Cloudy,0,0,0.0,104.26,312.0,94.0,200.0
2029-03-04,Sunday,Fries,Sunny,0,1,0.0,62.68,257.0,173.0,378.0
2025-12-21,Sunday,Beverages,Cloudy,0,1,0.0,85.09,363.0,136.0,242.0
2025-11-22,Saturday,Beverages,Cold,0,1,0.0,69.65,317.0,166.0,363.0
2022-04-15,Friday,Desserts,Sunny,0,0,0.0,59.48,,91.0,217.0
2028-03-07,Tuesday,Beverages,Cloudy,0,0,1.0,65.73,287.0,168.0,424.0
2024-12-25,Wednesday,Fries,Sunny,1,0,0.0,67.49,172.0,154.0,390.0
2026-12-14,Monday,Burgers,Sunny,0,0,0.0,172.11,511.0,128.0,255.0
2028-03-10,Friday,Breakfast,Sunny,0,0,0.0,89.12,504.0,129.0,304.0
2024-06-30,Sunday,Fries,Sunny,0,1,1.0,104.95,305.0,178.0,394.0
2025-12-19,Friday,Desserts,Cloudy,0,0,0.0,83.32,174.0,96.0,165.0
2028-09-14,Thursday,Burgers,Cloudy,0,0,0.0,111.42,456.0,144.0,320.0
2022-08-15,Monday,Desserts,Sunny,1,0,0.0,78.18,391.0,151.0,311.0
2024-02-21,Wednesday,Beverages,Cloudy,0,0,0.0,66.6,213.0,108.0,329.0
2028-05-14,Sunday,Desserts,Rainy,0,1,1.0,71.96,308.0,174.0,456.0
2027-12-03,Friday,Fries,Cloudy,0,0,0.0,100.91,138.0,111.0,260.0
2029-07-24,Tuesday,Burgers,Cold,0,0,0.0,118.94,113.0,147.0,296.0
2023-11-11,Saturday,Desserts,Cloudy,0,1,0.0,73.02,150.0,129.0,244.0
2027-06-29,Tuesday,Breakfast,Sunny,0,0,0.0,136.41,330.0,123.0,257.0
2023-11-10,Friday,Desserts,Hot,0,0,0.0,85.52,138.0,126.0,156.0
2025-01-29,Wednesday,McNuggets,Hot,0,0,0.0,95.84,338.0,130.0,244.0
2030-02-09,Saturday,Fries,Cold,0,1,0.0,101.59,248.0,156.0,267.0
2027-03-07,Sunday,Beverages,Sunny,0,1,0.0,50.05,352.0,169.0,340.0
2023-04-10,Monday,Desserts,Sunny,0,0,1.0,106.92,408.0,184.0,312.0
2024-01-30,Tuesday,Breakfast,Hot,0,0,0.0,110.29,392.0,117.0,260.0
2025-10-29,Wednesday,Fries,Sunny,0,0,1.0,90.62,315.0,154.0,322.0
2025-08-13,Wednesday,Fries,Rainy,0,0,0.0,85.41,460.0,119.0,217.0
2028-04-01,Saturday,Beverages,Sunny,0,1,1.0,98.12,454.0,196.0,431.0
2026-06-14,Sunday,McNuggets,Rainy,0,1,0.0,142.29,325.0,127.0,282.0
2025-10-10,Friday,Fries,Sunny,0,0,0.0,99.77,247.0,,293.0
2022-08-01,Monday,McNuggets,Sunny,1,0,0.0,95.15,236.0,148.0,355.0
2022-01-13,Thursday,Breakfast,Cloudy,0,0,1.0,75.87,336.0,155.0,327.0
2030-01-17,Thursday,Desserts, rainy,0,0,0.0,56.54,351.0,140.0,252.0
2023-02-27,Monday,Burgers,Hot,0,0,0.0,156.64,333.0,146.0,297.0
2027-04-06,Tuesday,Burgers,Hot,0,0,1.0,157.59,281.0,177.0,409.0
2030-02-17,Sunday,Beverages,Hot,0,1,0.0,86.35,223.0,142.0,316.0
2025-11-03,Monday,Burgers,Sunny,0,0,0.0,-20.0,365.0,123.0,289.0
2025-09-13,Saturday,McNuggets,Rainy,0,1,0.0,145.14,327.0,147.0,297.0
2029-04-26,Thursday,McNuggets,Rainy,0,0,0.0,108.64,229.0,127.0,253.0
2024-03-16,Saturday,Breakfast,Cold,0,1,1.0,125.28,190.0,167.0,398.0
2026-04-03,Friday,Desserts,Cold,0,0,0.0,90.84,175.0,101.0,240.0
2029-08-02,Thursday,Burgers,Rainy,0,0,0.0,110.67,399.0,135.0,256.0
2026-12-18,Friday,Fries,Sunny,0,0,0.0,61.49,163.0,129.0,207.0
2023-05-25,Thursday,McNuggets,Sunny,0,0,0.0,102.82,317.0,117.0,240.0
2023-10-07,Saturday,Burgers,Hot,0,1,0.0,140.11,532.0,187.0,428.0
2023-08-21,Monday,Burgers,Rainy,0,0,0.0,137.45,371.0,126.0,216.0
2025-07-31,Thursday,Breakfast,Rainy,0,0,0.0,86.5,358.0,72.0,157.0
2024-02-12,Monday,Burgers,Cloudy,0,0,0.0,124.05,446.0,156.0,336.0
2028-09-03,Sunday,Fries,Hot,0,1,0.0,106.17,354.0,147.0,313.0
2029-04-30,Monday,Fries,Rainy,0,0,0.0,72.03,326.0,124.0,245.0
2023-06-03,Saturday,Desserts,Sunny,0,1,1.0,87.06,297.0,179.0,408.0
2024-07-21,Sunday,Desserts,Rainy,0,1,0.0,65.92,264.0,127.0,350.0
2023-07-28,Friday,McNuggets,Cold,0,0,1.0,94.11,226.0,187.0,397.0
2029-07-21,Saturday,McNuggets,Cloudy,0,1,0.0,162.78,160.0,136.0,276.0
2024-12-21,Saturday,Beverages,Sunny,0,1,0.0,78.68,226.0,147.0,301.0
2027-07-05,Monday,Burgers,Rainy,0,0,0.0,164.06,476.0,91.0,201.0
2029-11-20,Tuesday,Fries,Sunny,0,0,0.0,81.98,229.0,132.0,260.0
2025-09-26,Friday,Breakfast,Sunny,0,0,0.0,70.15,328.0,110.0,284.0
2029-08-11,Saturday,Burgers,Sunny,0,1,0.0,164.24,423.0,183.0,426.0
2022-05-04,Wednesday,Burgers,Cloudy,0,0,1.0,181.61,278.0,160.0,451.0
2025-05-01,Thursday,Burgers,Sunny,0,0,0.0,159.8,239.0,139.0,302.0
2022-08-09,Tuesday,McNuggets,Cloudy,0,0,1.0,97.44,208.0,150.0,347.0
2030-01-21,Monday,Fries,Sunny,0,0,1.0,68.18,366.0,152.0,358.0
2022-12-25,Sunday,Desserts,Hot,1,1,1.0,109.8,401.0,215.0,523.0
2024-02-29,Thursday,Desserts,Cold,0,0,0.0,51.4,387.0,93.0,188.0
2027-01-20,Wednesday,Fries,Cloudy,0,0,0.0,102.04,313.0,110.0,219.0
2027-05-03,Monday,Fries,,0,0,1.0,67.24,480.0,164.0,374.0
2022-09-17,Saturday,Burgers,Cold,0,1,0.0,120.38,382.0,172.0,323.0
2029-09-05,Wednesday,Beverages,Cloudy,0,0,0.0,99.71,366.0,143.0,304.0
2024-05-07,Tuesday,Beverages,Rainy,0,0,0.0,75.83,278.0,126.0,266.0
2028-08-18,Friday,Burgers,Cloudy,0,0,0.0,130.81,319.0,117.0,287.0
2028-07-20,Thursday,Beverages,Hot,0,0,1.0,80.89,191.0,178.0,333.0
2024-10-29,Tuesday,Fries,Sunny,0,0,0.0,103.28,202.0,133.0,253.0
2028-09-02,Saturday,Fries,Sunny,0,1,0.0,82.27,234.0,155.0,362.0
2028-09-25,Monday,Beverages,Cold,0,0,0.0,92.81,426.0,96.0,128.0
2026-03-17,Tuesday,Burgers,Cloudy,0,0,1.0,136.45,337.0,186.0,413.0
2026-03-19,Thursday,Burgers,Sunny,0,0,0.0,155.01,252.0,136.0,261.0
2029-07-12,Thursday,McNuggets,Rainy,0,0,0.0,99.14,222.0,141.0,330.0
2028-06-11,Sunday,Desserts,Cloudy,0,1,0.0,91.83,497.0,138.0,341.0
2023-04-02,Sunday,Burgers,Cloudy,0,1,0.0,140.42,479.0,187.0,333.0
2023-04-08,Saturday,Breakfast,Rainy,0,1,1.0,121.49,230.0,177.0,362.0
2028-03-01,Wednesday,Desserts,Cold,0,0,1.0,100.25,356.0,175.0,255.0
2024-02-01,Thursday,Fries,Hot,0,0,0.0,63.08,245.0,123.0,272.0
2026-03-28,Saturday,Beverages,Rainy,0,1,0.0,92.6,303.0,143.0,297.0
2023-01-17,Tuesday,McNuggets,Cloudy,0,0,0.0,114.05,,120.0,268.0
2027-02-04,Thursday,Breakfast,Rainy,0,0,0.0,136.47,212.0,73.0,101.0
2024-10-20,Sunday,Desserts,Hot,0,1,1.0,50.58,415.0,176.0,376.0
2026-10-29,Thursday,Burgers,Hot,0,0,0.0,166.4,179.0,149.0,295.0
2029-04-05,Thursday,Fries,Rainy,0,0,0.0,86.92,287.0,123.0,247.0
2025-12-15,Monday,Desserts,Cloudy,1,0,0.0,68.67,372.0,114.0,254.0
2026-06-13,Saturday,Burgers,Cold,0,1,0.0,186.98,183.0,150.0,317.0
2027-05-27,Thursday,Fries,Cloudy,0,0,0.0,68.56,151.0,97.0,161.0
2024-08-22,Thursday,Fries,Sunny,0,0,0.0,82.05,188.0,146.0,315.0
2029-09-12,Wednesday,McNuggets,Cold,0,0,0.0,165.27,282.0,108.0,236.0
2028-10-01,Sunday,Burgers,Cloudy,1,1,0.0,112.57,531.0,211.0,460.0
2024-11-23,Saturday,Beverages,Sunny,0,1,0.0,87.64,357.0,148.0,323.0
2026-01-02,Friday,Burgers,Cold,0,0,1.0,187.92,348.0,153.0,332.0
2029-01-23,Tuesday,McNuggets,Cloudy,0,0,0.0,154.88,224.0,105.0,229.0
2028-05-04,Thursday,Burgers,Cloudy,0,0,0.0,172.37,184.0,114.0,221.0
2024-07-15,Monday,Fries,Rainy,0,0,0.0,79.48,372.0,100.0,148.0
2025-05-06,Tuesday,Burgers,Rainy,0,0,0.0,168.01,362.0,101.0,198.0
2023-06-27,Tuesday,Fries,Sunny,0,0,1.0,74.14,405.0,186.0,371.0
2029-09-30,Sunday,Burgers,Cloudy,0,1,0.0,113.37,475.0,160.0,382.0
2029-08-23,Thursday,Desserts,Rainy,0,0,0.0,50.4,371.0,115.0,259.0
2028-10-09,Monday,McNuggets,Rainy,0,0,0.0,124.65,305.0,112.0,247.0
2026-12-31,Thursday,Beverages,Sunny,0,0,1.0,72.84,300.0,175.0,400.0
2024-11-02,Saturday,Fries,Cold,0,1,0.0,104.15,367.0,127.0,226.0
2029-08-29,Wednesday,McNuggets,Cold,0,0,0.0,128.14,360.0,113.0,200.0
2028-01-23,Sunday,Desserts,Hot,0,1,0.0,53.08,442.0,141.0,277.0
2026-11-19,Thursday,McNuggets,Sunny,0,0,0.0,146.54,302.0,134.0,269.0
2028-03-06,Monday,Beverages,Sunny,0,0,0.0,46.37,420.0,153.0,299.0
2030-01-07,Monday,Breakfast,Rainy,0,0,0.0,102.61,371.0,87.0,123.0
2029-12-24,Monday,Fries,Cloudy,0,0,0.0,105.32,266.0,113.0,162.0
2028-02-07,Monday,Fries,Sunny,0,0,0.0,69.69,266.0,105.0,244.0
2030-02-11,Monday,Desserts,Hot,0,0,0.0,63.74,369.0,117.0,180.0
2026-10-03,Saturday,Beverages,Cloudy,0,1,1.0,87.69,340.0,220.0,554.0
2024-08-10,Saturday,Burgers,Cold,0,1,0.0,140.97,272.0,152.0,301.0
2023-03-12,Sunday,McNuggets,Cloudy,0,1,0.0,113.71,433.0,155.0,376.0
2024-05-29,Wednesday,Fries,Sunny,0,0,0.0,85.51,280.0,113.0,200.0
2022-08-26,Friday,Burgers,Cold,1,0,0.0,118.04,284.0,158.0,385.0
2025-10-07,Tuesday,Desserts,Cloudy,0,0,0.0,84.55,212.0,118.0,277.0
2022-04-20,Wednesday,Burgers,Rainy,0,0,1.0,167.39,222.0,146.0,293.0
2028-01-22,Saturday,Burgers,Cloudy,0,1,0.0,162.89,397.0,170.0,425.0
2022-06-13,Monday,Beverages,Cloudy,0,0,0.0,65.27,329.0,135.0,285.0
2022-10-16,Sunday,Fries,Cold,0,1,1.0,77.23,428.0,172.0,391.0
2022-09-10,Saturday,Breakfast,Rainy,0,1,0.0,87.4,318.0,133.0,262.0
2027-11-26,Friday,Fries,Cloudy,0,0,0.0,72.04,334.0,122.0,260.0
2026-05-30,Saturday,Desserts,Cloudy,0,1,0.0,87.56,225.0,116.0,1449.0
2025-08-31,Sunday,Burgers,Cloudy,0,1,0.0,138.04,377.0,163.0,411.0
2028-09-05,Tuesday,Burgers,Hot,0,0,0.0,172.86,258.0,177.0,311.0
2024-05-24,Friday,Burgers,Sunny,0,0,1.0,157.93,211.0,182.0,398.0
2025-06-14,Saturday,Fries,Sunny,0,1,0.0,92.48,273.0,132.0,306.0
2025-12-13,Saturday,McNuggets,Sunny,0,1,0.0,158.24,277.0,160.0,338.0
2029-03-28,Wednesday,McNuggets,Cloudy,0,0,0.0,148.18,204.0,130.0,260.0
2024-11-10,Sunday,Desserts,Cloudy,0,1,1.0,103.49,,163.0,431.0
2027-11-28,Sunday,Fries,Hot,0,1,0.0,64.88,435.0,147.0,308.0
2028-10-14,Saturday,Burgers,Hot,0,1,0.0,135.16,,166.0,315.0
2025-06-24,Tuesday,McNuggets,Rainy,0,0,0.0,120.74,150.0,111.0,302.0
2024-05-31,Friday,McNuggets,Hot,0,0,0.0,135.26,499.0,130.0,247.0
2028-08-25,Friday,Fries,Rainy,1,0,0.0,55.43,371.0,133.0,303.0
2023-04-07,Friday,McNuggets,Sunny,0,0,0.0,91.57,254.0,145.0,241.0
2028-09-18,Monday,Beverages,Sunny,0,0,0.0,46.37,304.0,129.0,320.0
2026-01-28,Wednesday,Fries,Hot,0,0,0.0,89.52,389.0,105.0,147.0
2022-06-07,Tuesday,Breakfast,Sunny,0,0,1.0,112.35,292.0,159.0,361.0
2029-04-12,Thursday,Burgers,Cold,0,0,0.0,139.75,209.0,134.0,306.0
2026-08-03,Monday,Fries,Cold,0,0,0.0,97.45,243.0,90.0,223.0
2023-11-09,Thursday,Fries,Cloudy,0,0,0.0,58.78,311.0,97.0,154.0
2026-10-04,Sunday,Burgers,Cloudy,0,1,0.0,148.91,542.0,137.0,324.0
2028-11-10,Friday,Burgers,Sunny,0,0,1.0,177.24,330.0,187.0,457.0
2022-08-27,Saturday,McNuggets,Rainy,0,1,1.0,129.7,378.0,197.0,456.0
2027-12-19,Sunday,McNuggets,Cloudy,0,1,0.0,141.37,499.0,188.0,370.0
2026-05-22,Friday,Fries,Cold,0,0,0.0,91.37,200.0,125.0,261.0
2027-08-03,Tuesday,Breakfast,Hot,0,0,1.0,110.21,320.0,156.0,303.0
2022-04-11,Monday,Burgers,Sunny,0,0,0.0,156.11,469.0,148.0,324.0
2022-11-12,Saturday,McNuggets,Rainy,0,1,1.0,97.99,192.0,189.0,489.0
2028-01-16,Sunday,Fries,Hot,0,1,0.0,97.72,441.0,169.0,352.0
2027-09-19,Sunday,McNuggets,Sunny,0,1,1.0,134.8,517.0,233.0,542.0
2026-01-08,Thursday,Desserts,Cold,0,0,0.0,105.89,198.0,134.0,206.0
2024-07-31,Wednesday,McNuggets,Sunny,0,0,0.0,90.97,376.0,144.0,268.0
2022-09-19,Monday,Desserts,Cloudy,0,0,1.0,85.49,361.0,149.0,419.0
2027-02-05,Friday,McNuggets,Hot,0,0,0.0,117.16,92.0,109.0,250.0
2026-08-30,Sunday,Fries,Rainy,0,1,0.0,64.12,448.0,119.0,230.0
2022-07-15,Friday,Fries,Cloudy,0,0,0.0,60.13,235.0,117.0,227.0
2027-01-10,Sunday,McNuggets,Sunny,0,1,0.0,167.31,295.0,141.0,307.0
2024-11-14,Thursday,Desserts,Hot,0,0,0.0,103.0,259.0,148.0,338.0
2029-09-01,Saturday,Breakfast,Sunny,0,1,1.0,82.4,291.0,228.0,493.0
2022-06-29,Wednesday,Burgers,Rainy,0,0,0.0,110.46,382.0,116.0,175.0
2028-06-03,Saturday,McNuggets,Cloudy,0,1,1.0,166.13,219.0,189.0,506.0
2026-01-07,Wednesday,Beverages,Sunny,0,0,0.0,64.83,339.0,128.0,221.0
2024-05-21,Tuesday,Fries,Sunny,0,0,0.0,83.43,313.0,118.0,216.0
2022-12-07,Wednesday,Beverages,Cold,0,0,0.0,82.07,244.0,123.0,271.0
2027-03-28,Sunday,Desserts,Cloudy,0,1,0.0,64.17,263.0,144.0,340.0
2025-04-28,Monday,Breakfast,Sunny,0,0,0.0,109.93,432.0,108.0,245.0
2024-01-19,Friday,Desserts,Cloudy,0,0,1.0,52.52,290.0,160.0,299.0
2026-03-18,Wednesday,McNuggets,Rainy,0,0,0.0,97.23,414.0,125.0,254.0
2023-10-25,Wednesday,McNuggets,Sunny,1,0,0.0,111.0,243.0,154.0,321.0
2023-04-26,Wednesday,McNuggets,Sunny,0,0,0.0,98.98,268.0,143.0,304.0
2024-03-14,Thursday,McNuggets,Cold,0,0,0.0,144.06,254.0,94.0,153.0
2027-12-05,Sunday,Beverages,Sunny,0,1,0.0,63.1,305.0,162.0,320.0
2027-01-14,Thursday,Fries,Sunny,0,0,1.0,-20.0,258.0,182.0,354.0
2028-11-02,Thursday,Desserts,Cold,0,0,0.0,77.9,333.0,83.0,
2028-09-30,Saturday,McNuggets,Sunny,0,1,1.0,143.77,405.0,222.0,516.0
2023-07-04,Tuesday,Breakfast,Rainy,0,0,0.0,136.81,244.0,-5.0,146.0
2025-09-02,Tuesday,Fries,Cloudy,0,0,1.0,61.96,206.0,161.0,388.0
2024-02-23,Friday,Fries,Hot,0,0,0.0,106.58,179.0,128.0,304.0
2029-07-04,Wednesday,Fries,Rainy,0,0,0.0,79.09,236.0,117.0,295.0
2027-05-02,Sunday,Burgers,Hot,0,1,1.0,184.33,321.0,213.0,465.0
2024-01-13,Saturday,Breakfast,Hot,0,1,0.0,129.63,301.0,139.0,263.0
2028-12-21,Thursday,Burgers,Sunny,0,0,1.0,150.74,332.0,178.0,358.0
2026-10-31,Saturday,Burgers,Cloudy,0,1,0.0,173.62,431.0,188.0,380.0
2025-09-12,Friday,Desserts,Hot,0,0,0.0,90.48,396.0,125.0,314.0
2029-03-13,Tuesday,Beverages,Cloudy,0,0,0.0,63.86,437.0,151.0,986.0
2027-05-28,Friday,Beverages,Rainy,0,0,1.0,81.76,169.0,148.0,388.0
2025-10-06,Monday,Fries,Cloudy,0,0,0.0,109.86,361.0,111.0,201.0
2027-11-18,Thursday,Fries,Cold,0,0,1.0,74.07,285.0,150.0,416.0
2024-11-19,Tuesday,Breakfast,Rainy,0,0,0.0,98.69,442.0,102.0,170.0
2022-09-05,Monday,Desserts,Cloudy,0,0,1.0,81.52,369.0,128.0,268.0
2029-04-08,Sunday,Breakfast,Sunny,0,1,0.0,132.28,332.0,140.0,278.0
2029-05-07,Monday,Fries,Sunny,0,0,0.0,69.91,390.0,131.0,303.0
2029-07-16,Monday,Fries,Hot,0,0,0.0,66.86,376.0,139.0,271.0
2023-09-19,Tuesday,Beverages,Sunny,0,0,1.0,77.74,171.0,181.0,452.0
2022-12-14,Wednesday,Burgers,Sunny,0,0,1.0,179.11,244.0,159.0,255.0
2022-10-06,Thursday,McNuggets,Cloudy,0,0,1.0,91.9,230.0,145.0,343.0
2027-01-19,Tuesday,Desserts,Sunny,0,0,1.0,59.02,244.0,146.0,310.0
2028-04-27,Thursday,Burgers,Cold,0,0,0.0,166.68,313.0,126.0,181.0
2023-10-18,Wednesday,Burgers,Sunny,0,0,0.0,155.02,356.0,136.0,296.0
2026-06-01,Monday,Beverages,Cloudy,0,0,1.0,52.7,413.0,193.0,499.0
2024-06-19,Wednesday,Burgers,Cloudy,0,0,0.0,111.85,259.0,131.0,260.0
2029-04-11,Wednesday,Breakfast,Hot,0,0,0.0,139.91,202.0,104.0,196.0
2029-03-05,Monday,Breakfast,Sunny,0,0,1.0,108.62,351.0,155.0,393.0
2024-11-27,Wednesday,Desserts,Sunny,0,0,0.0,52.64,312.0,93.0,180.0
2029-05-25,Friday,Desserts,Cloudy,0,0,1.0,84.69,394.0,135.0,276.0
2024-09-06,Friday,McNuggets,Cloudy,0,0,0.0,140.74,472.0,144.0,267.0
2029-06-16,Saturday,Beverages,Sunny,0,1,0.0,76.47,199.0,162.0,329.0
2023-03-22,Wednesday,Desserts,Rainy,0,0,0.0,53.12,228.0,93.0,227.0
2023-09-10,Sunday,Fries,Hot,0,1,0.0,106.63,281.0,154.0,385.0
2026-10-23,Friday,Desserts,Sunny,0,0,0.0,62.79,278.0,127.0,290.0
2025-01-19,Sunday,McNuggets,Rainy,0,1,0.0,97.54,397.0,169.0,385.0
2026-08-22,Saturday,Fries,Cloudy,0,1,1.0,103.55,320.0,183.0,345.0
2025-03-19,Wednesday,Fries,Cloudy,0,0,1.0,68.33,261.0,155.0,339.0
2027-11-19,Friday,Beverages,Rainy,0,0,0.0,92.43,429.0,80.0,135.0
2024-04-24,Wednesday,Burgers,Sunny,0,0,1.0,119.23,215.0,138.0,364.0
2029-01-28,Sunday,McNuggets,Cloudy,0,1,0.0,141.16,384.0,156.0,410.0
2023-07-02,Sunday,McNuggets,Cloudy,0,1,0.0,92.68,393.0,173.0,385.0
2027-09-10,Friday,Desserts,Cloudy,0,0,0.0,59.19,236.0,91.0,193.0
2028-06-02,Friday,Desserts,Cold,0,0,1.0,75.42,201.0,113.0,235.0
2030-03-13,Wednesday,Fries,Cloudy,0,0,0.0,57.08,257.0,153.0,327.0
2022-09-21,Wednesday,Beverages,Sunny,0,0,1.0,79.83,289.0,174.0,412.0
2025-07-19,Saturday,Burgers,Sunny,0,1,1.0,188.26,253.0,198.0,426.0
2028-07-09,Sunday,Breakfast,Cloudy,0,1,0.0,122.88,329.0,109.0,231.0
2027-02-20,Saturday,McNuggets,Rainy,0,1,0.0,125.98,295.0,132.0,262.0
2022-12-20,Tuesday,Burgers,Cloudy,0,0,0.0,126.13,275.0,109.0,204.0
2024-07-18,Thursday,Fries,Sunny,0,0,0.0,104.14,251.0,140.0,287.0
2022-07-28,Thursday,Burgers,Cloudy,0,0,0.0,173.35,349.0,132.0,201.0
2023-09-06,Wednesday,Burgers,Hot,0,0,0.0,118.35,209.0,,309.0
2025-04-26,Saturday,Beverages,Rainy,0,1,0.0,63.22,379.0,117.0,250.0
2024-09-25,Wednesday,Desserts,Cloudy,0,0,0.0,77.82,416.0,121.0,219.0
2026-04-04,Saturday,Fries,Cloudy,0,1,0.0,96.25,219.0,145.0,338.0
2030-01-29,Tuesday,Breakfast,Sunny,0,0,0.0,139.54,242.0,104.0,271.0
2029-08-20,Monday,Desserts,Cold,0,0,0.0,80.09,532.0,85.0,187.0
2026-12-17,Thursday,Breakfast,Hot,0,0,0.0,123.03,296.0,85.0,173.0
2026-04-08,Wednesday,Breakfast,Cold,0,0,0.0,91.68,221.0,99.0,229.0
2022-02-27,Sunday,Burgers,Sunny,0,1,0.0,128.27,267.0,188.0,408.0
2025-04-03,Thursday,Fries,Rainy,0,0,0.0,64.38,196.0,108.0,212.0
2024-03-22,Friday,Breakfast,Cloudy,0,0,0.0,127.98,348.0,100.0,207.0
2028-01-29,Saturday,Burgers,Sunny,0,1,1.0,145.3,174.0,215.0,514.0
2023-07-16,Sunday,Burgers,Hot,0,1,0.0,115.78,229.0,167.0,420.0
2029-06-12,Tuesday,Burgers,Sunny,0,0,0.0,134.91,418.0,145.0,378.0
2022-08-18,Thursday,McNuggets,Sunny,0,0,0.0,148.95,369.0,106.0,280.0
2028-12-15,Friday,McNuggets,Sunny,1,0,0.0,156.62,241.0,152.0,268.0
2026-11-16,Monday,Burgers,Sunny,0,0,0.0,186.72,297.0,141.0,317.0
2024-07-29,Monday,Fries,Hot,0,0,1.0,106.62,311.0,187.0,412.0
2023-06-23,Friday,Beverages,Rainy,0,0,0.0,46.86,397.0,139.0,206.0
2025-07-07,Monday,Burgers,Sunny,0,0,0.0,176.31,371.0,80.0,197.0
2025-01-21,Tuesday,Burgers,Cold,0,0,1.0,118.2,339.0,158.0,350.0
2029-10-01,Monday,Beverages,cloudy,1,0,0.0,69.97,401.0,160.0,417.0
2024-12-16,Monday,Breakfast,Rainy,0,0,0.0,111.19,600.0,80.0,168.0
2028-10-16,Monday,Fries,Hot,0,0,0.0,88.19,602.0,118.0,293.0
2025-07-02,Wednesday,Burgers,Sunny,0,0,1.0,138.84,136.0,152.0,367.0
2023-12-09,Saturday,Breakfast,Sunny,0,1,0.0,101.56,315.0,165.0,376.0
2023-03-01,Wednesday,Burgers,Hot,0,0,0.0,185.93,301.0,174.0,
2022-03-11,Friday,Desserts,Rainy,0,0,,59.23,399.0,134.0,292.0
2025-07-10,Thursday,Burgers,Hot,0,0,0.0,144.23,229.0,133.0,293.0
2028-11-18,Saturday,Beverages,Rainy,0,1,0.0,65.99,322.0,149.0,318.0
2023-10-10,Tuesday,McNuggets,Cloudy,0,0,1.0,132.46,339.0,158.0,360.0
2026-10-13,Tuesday,Burgers,Sunny,0,0,0.0,180.17,430.0,147.0,279.0
2025-09-05,Friday,McNuggets,,0,0,0.0,146.38,316.0,128.0,290.0
2029-02-21,Wednesday,McNuggets,Cloudy,0,0,0.0,92.67,230.0,116.0,300.0
2025-05-16,Friday,Fries,Rainy,0,0,0.0,73.18,,117.0,235.0
2029-05-06,Sunday,Burgers,Cold,0,1,0.0,150.2,502.0,153.0,364.0
2025-01-15,Wednesday,Breakfast,Rainy,1,0,1.0,88.4,285.0,159.0,393.0
2024-10-02,Wednesday,McNuggets,Sunny,0,0,0.0,159.26,281.0,178.0,385.0
2023-09-13,Wednesday,Burgers,Rainy,0,0,0.0,145.37,341.0,136.0,297.0
2026-12-03,Thursday,Burgers,Hot,0,0,0.0,137.9,391.0,135.0,298.0
2025-12-02,Tuesday,Beverages,Cloudy,0,0,0.0,49.56,324.0,132.0,269.0
2027-05-06,Thursday,Fries,Sunny,0,0,0.0,97.44,434.0,104.0,227.0
2024-12-11,Wednesday,Beverages,Rainy,0,0,0.0,60.08,148.0,96.0,175.0
2026-04-12,Sunday,Breakfast,Hot,0,1,0.0,76.37,283.0,162.0,266.0
2024-08-27,Tuesday,Beverages,Cloudy,0,0,0.0,52.47,301.0,135.0,297.0
2027-06-27,Sunday,Fries,Cloudy,0,1,1.0,72.31,466.0,206.0,435.0
2029-05-21,Monday,Fries,Cloudy,0,0,0.0,105.99,519.0,98.0,170.0
2025-12-17,Wednesday,McNuggets,Sunny,0,0,0.0,121.54,371.0,119.0,234.0
2022-10-07,Friday,Breakfast,,0,0,0.0,75.59,355.0,131.0,274.0
2030-02-16,Saturday,Desserts,Cold,0,1,0.0,68.04,408.0,123.0,224.0
2026-08-31,Monday,Beverages,Rainy,0,0,0.0,99.01,239.0,133.0,241.0
2029-09-21,Friday,Desserts,Hot,0,0,0.0,114.55,241.0,117.0,199.0
2024-09-05,Thursday,Beverages,Sunny,0,0,1.0,97.28,414.0,167.0,445.0
2029-09-22,Saturday,Fries,Cloudy,0,1,1.0,91.12,221.0,174.0,460.0
2023-07-08,Saturday,Beverages,Cloudy,0,1,0.0,80.06,334.0,149.0,328.0
2024-04-14,Sunday,Beverages,Cloudy,0,1,1.0,51.54,464.0,203.0,455.0
2023-10-20,Friday,Fries,Cloudy,0,0,0.0,65.76,238.0,142.0,316.0
2023-08-20,Sunday,McNuggets,Sunny,0,1,0.0,129.82,371.0,174.0,364.0
2029-11-29,Thursday,Breakfast,Cloudy,0,0,0.0,97.86,210.0,97.0,236.0
2024-03-13,Wednesday,McNuggets,Hot,0,0,0.0,100.47,229.0,134.0,251.0
2027-12-04,Saturday,Breakfast,,0,1,0.0,123.33,283.0,139.0,308.0
2022-04-19,Tuesday,Fries,Rainy,0,0,0.0,67.25,159.0,97.0,214.0
2029-06-29,Friday,Desserts,Rainy,0,0,0.0,93.64,242.0,72.0,192.0
2029-07-15,Sunday,Fries,Sunny,0,1,0.0,95.52,344.0,185.0,351.0
2023-03-17,Friday,Burgers,Cloudy,0,0,0.0,123.69,303.0,126.0,231.0
2023-05-24,Wednesday,Desserts,Hot,0,0,1.0,70.17,318.0,143.0,301.0
2022-03-18,Friday,Breakfast,Cold,0,0,0.0,124.89,247.0,98.0,192.0
2027-05-22,Saturday,Fries,Rainy,0,1,0.0,86.73,271.0,153.0,344.0
2023-10-12,Thursday,Beverages,Cold,0,0,1.0,56.03,177.0,166.0,299.0
2023-06-07,Wednesday,Desserts,Sunny,0,0,1.0,115.74,224.0,187.0,438.0
2028-01-20,Thursday,Breakfast,Cold,0,0,0.0,79.91,196.0,123.0,251.0
2026-04-26,Sunday,Burgers,Cloudy,0,1,0.0,188.12,320.0,175.0,386.0
2028-11-24,Friday,McNuggets,Rainy,0,0,1.0,158.37,273.0,127.0,333.0
2023-10-17,Tuesday,Beverages,Sunny,0,0,0.0,73.57,234.0,143.0,357.0
2029-04-21,Saturday,McNuggets,Hot,0,1,0.0,156.64,350.0,153.0,391.0
2026-05-16,Saturday,Fries,Hot,0,1,0.0,85.13,381.0,157.0,254.0
2025-05-27,Tuesday,Breakfast,Hot,0,0,0.0,103.29,385.0,122.0,229.0
2026-09-07,Monday,Burgers,Cloudy,0,0,0.0,154.4,376.0,98.0,237.0
2023-09-23,Saturday,McNuggets,Hot,0,1,0.0,102.66,212.0,173.0,319.0
2027-02-03,Wednesday,McNuggets,Cold,0,0,0.0,138.49,194.0,99.0,210.0
2026-04-14,Tuesday,Breakfast,Sunny,0,0,0.0,73.26,381.0,105.0,195.0
2024-10-15,Tuesday,Desserts,Sunny,1,0,0.0,57.06,292.0,155.0,338.0
2023-04-28,Friday,Beverages,Sunny,0,0,0.0,78.78,183.0,134.0,283.0
2027-06-15,Tuesday,Burgers,Rainy,0,0,0.0,159.17,191.0,126.0,234.0
2029-06-26,Tuesday,Desserts,Cloudy,0,0,0.0,83.27,245.0,,328.0
2029-02-08,Thursday,Breakfast,Cloudy,0,0,0.0,125.79,387.0,109.0,123.0
2025-02-07,Friday,Fries,Rainy,0,0,0.0,80.32,257.0,80.0,183.0
2023-03-15,Wednesday,McNuggets,Cold,0,0,0.0,90.07,94.0,141.0,286.0
2026-11-12,Thursday,McNuggets,Sunny,0,0,0.0,114.08,316.0,126.0,252.0
2027-03-05,Friday,Desserts,Rainy,0,0,0.0,55.59,203.0,89.0,162.0
2026-05-18,Monday,Burgers,Cloudy,0,0,1.0,117.29,475.0,201.0,488.0
2024-05-06,Monday,Burgers,Cloudy,0,0,0.0,116.28,314.0,130.0,258.0
2027-12-07,Tuesday,McNuggets,Sunny,0,0,0.0,94.93,311.0,135.0,232.0
2022-06-16,Thursday,Fries,Cold,0,0,0.0,101.97,144.0,128.0,244.0
2022-03-01,Tuesday,Fries,Cold,0,0,1.0,66.06,274.0,134.0,316.0
2023-09-04,Monday,Breakfast, rainy,0,0,1.0,87.24,518.0,182.0,440.0
2023-06-15,Thursday,Breakfast,Sunny,0,0,0.0,75.48,374.0,117.0,188.0
2026-11-02,Monday,Breakfast,Hot,0,0,0.0,111.13,229.0,122.0,315.0
2022-02-19,Saturday,Burgers,Sunny,0,1,1.0,151.34,415.0,239.0,538.0
2026-11-13,Friday,Beverages,Cloudy,0,0,1.0,86.19,282.0,170.0,421.0
2026-01-16,Friday,Breakfast,Cloudy,0,0,0.0,90.63,399.0,84.0,181.0
2024-05-08,Wednesday,Beverages,Cloudy,0,0,1.0,63.26,249.0,172.0,323.0
2026-10-16,Friday,Burgers,Hot,0,0,0.0,111.23,352.0,114.0,201.0
2022-02-18,Friday,Beverages,Cloudy,0,0,1.0,97.42,288.0,165.0,405.0
2023-12-21,Thursday,Breakfast,Sunny,0,0,0.0,120.29,372.0,124.0,138.0
2025-11-28,Friday,Desserts,Sunny,0,0,0.0,108.71,266.0,102.0,198.0
2025-08-19,Tuesday,Burgers,Sunny,0,0,0.0,143.13,175.0,145.0,260.0
2028-03-24,Friday,Desserts,Cloudy,0,0,0.0,59.71,290.0,123.0,241.0
2025-04-22,Tuesday,Beverages,Cloudy,0,0,0.0,54.2,301.0,107.0,204.0
2023-09-25,Monday,Beverages,Cloudy,0,0,0.0,50.81,397.0,139.0,292.0
2025-09-06,Saturday,Breakfast,Rainy,0,1,0.0,133.36,282.0,89.0,188.0
2027-11-25,Thursday,Burgers,Rainy,0,0,1.0,176.56,381.0,146.0,358.0
2027-11-05,Friday,McNuggets,Cold,0,0,0.0,135.06,341.0,107.0,183.0
2025-08-27,Wednesday,Desserts,Cloudy,0,0,0.0,61.65,400.0,132.0,257.0
2022-01-26,Wednesday,Breakfast,Cloudy,1,0,0.0,96.74,424.0,160.0,388.0
2027-02-11,Thursday,Burgers,Sunny,0,0,0.0,170.28,239.0,124.0,273.0
2022-08-08,Monday,Breakfast,Hot,0,0,0.0,78.92,318.0,117.0,193.0
2028-05-02,Tuesday,McNuggets,Cold,0,0,0.0,166.13,212.0,131.0,249.0
2022-10-04,Tuesday,Breakfast,Hot,0,0,0.0,90.32,301.0,102.0,133.0
2027-12-25,Saturday,McNuggets,Hot,1,1,0.0,143.7,322.0,195.0,436.0
2025-09-21,Sunday,McNuggets,Sunny,0,1,1.0,140.7,251.0,212.0,578.0
2026-09-13,Sunday,Burgers,Rainy,0,1,0.0,132.81,445.0,151.0,338.0
2029-12-05,Wednesday,Desserts,Sunny,0,0,0.0,70.71,278.0,117.0,181.0
2024-11-18,Monday,Desserts,Hot,0,0,1.0,113.26,349.0,162.0,445.0
2027-12-08,Wednesday,Burgers,Sunny,0,0,0.0,126.7,239.0,154.0,345.0
2022-12-28,Wednesday,McNuggets,Sunny,0,0,0.0,156.42,259.0,151.0,304.0
2027-10-13,Wednesday,Burgers,Hot,0,0,0.0,126.76,253.0,169.0,323.0
2026-05-20,Wednesday,Burgers,Sunny,0,0,0.0,125.5,208.0,145.0,310.0
2026-09-27,Sunday,Fries,Sunny,0,1,0.0,75.03,313.0,172.0,305.0
2028-06-20,Tuesday,Fries,Cloudy,0,0,0.0,96.72,299.0,130.0,303.0
2027-11-15,Monday,Beverages,Cloudy,0,0,1.0,46.11,448.0,141.0,359.0
2027-03-12,Friday,McNuggets,Sunny,0,0,1.0,95.29,371.0,198.0,469.0
2025-03-07,Friday,Burgers,Sunny,0,0,0.0,159.29,408.0,126.0,351.0
2027-03-23,Tuesday,Fries,Sunny,0,0,1.0,77.8,265.0,170.0,452.0
2026-01-17,Saturday,Breakfast,Cloudy,0,1,0.0,73.5,179.0,134.0,229.0
2029-04-16,Monday,Burgers,Hot,0,0,0.0,160.37,364.0,134.0,306.0
2026-03-13,Friday,beverages,Sunny,0,0,0.0,166.25,223.0,148.0,349.0
2022-10-25,Tuesday,Burgers,Sunny,1,0,0.0,174.11,153.0,187.0,413.0
2025-05-19,Monday,McNuggets,Sunny,0,0,0.0,153.97,286.0,102.0,221.0
2024-07-26,Friday,Desserts,Sunny,0,0,1.0,97.4,337.0,170.0,373.0
2022-08-29,Monday,Desserts,Cloudy,0,0,1.0,73.43,431.0,201.0,387.0
2026-10-08,Thursday,Breakfast,Sunny,0,0,0.0,124.4,126.0,97.0,107.0
2024-08-16,Friday,Burgers,Sunny,0,0,1.0,163.35,335.0,180.0,455.0
2023-08-06,Sunday,Beverages,Cloudy,0,1,1.0,52.95,398.0,169.0,397.0
2025-05-13,Tuesday,Desserts,Cloudy,0,0,1.0,63.56,210.0,140.0,259.0
2026-09-29,Tuesday,Beverages,Rainy,0,0,0.0,86.61,293.0,105.0,155.0
2025-10-17,Friday,Fries,SUNNY,0,0,0.0,65.68,210.0,91.0,200.0
2025-12-08,Monday,McNuggets,Hot,0,0,0.0,130.06,350.0,145.0,242.0
2026-09-28,Monday,McNuggets,Sunny,0,0,0.0,158.19,311.0,124.0,275.0
2022-12-17,Saturday,Beverages,Sunny,0,1,0.0,51.18,408.0,210.0,487.0
2029-08-10,Friday,Beverages,Hot,0,0,1.0,92.19,247.0,183.0,436.0
2025-06-23,Monday,Fries,Cold,0,0,0.0,79.82,376.0,74.0,156.0
2022-12-16,Friday,McNuggets,Sunny,0,0,1.0,158.5,363.0,182.0,402.0
2026-06-29,Monday,Beverages,Cold,0,0,0.0,76.45,404.0,119.0,228.0
2025-07-13,Sunday,Burgers,Hot,0,1,1.0,121.5,449.0,220.0,453.0
2023-10-06,Friday,Fries,Cloudy,0,0,1.0,62.27,216.0,189.0,534.0
2024-12-30,Monday,Fries,Cloudy,0,0,0.0,100.54,383.0,124.0,249.0
2025-04-10,Thursday,Desserts,Sunny,0,0,0.0,115.05,410.0,124.0,222.0
2027-06-02,Wednesday,Desserts,Sunny,0,0,1.0,82.05,426.0,155.0,292.0
2028-03-26,Sunday,Breakfast,Sunny,0,1,0.0,89.72,554.0,134.0,280.0
2025-01-08,Wednesday,Desserts,Sunny,0,0,0.0,73.64,434.0,91.0,204.0
2027-06-12,Saturday,Beverages,Hot,0,1,1.0,92.85,309.0,212.0,473.0
2024-12-27,Friday,McNuggets,Cloudy,0,0,1.0,102.91,372.0,117.0,329.0
2028-07-31,Monday,Fries,Sunny,0,0,0.0,78.17,312.0,81.0,166.0
2027-04-01,Thursday,Desserts,Cloudy,0,0,0.0,57.45,271.0,90.0,176.0
2029-09-29,Saturday,Beverages,Cloudy,0,1,0.0,54.06,246.0,200.0,455.0
2024-02-26,Monday,McNuggets,Rainy,0,0,1.0,97.14,487.0,126.0,314.0
2029-06-20,Wednesday,Fries,Sunny,0,0,0.0,95.98,284.0,130.0,229.0
2022-05-21,Saturday,Desserts,Cloudy,0,1,0.0,78.34,445.0,171.0,333.0
2024-02-28,Wednesday,Beverages,Sunny,0,0,1.0,72.62,406.0,,390.0
2026-11-27,Friday,Breakfast,Cold,0,0,0.0,93.73,290.0,99.0,166.0
2027-08-22,Sunday,Beverages,Cloudy,0,1,0.0,84.47,378.0,165.0,400.0
2023-12-16,Saturday,Fries,Cold,0,1,1.0,81.44,536.0,214.0,383.0
2025-09-23,Tuesday,Burgers,Rainy,0,0,0.0,181.02,386.0,122.0,234.0
2026-09-14,Monday,McNuggets,Cold,0,0,1.0,105.63,334.0,158.0,374.0
2030-01-09,Wednesday,McNuggets,Sunny,0,0,0.0,145.19,439.0,119.0,225.0
2029-01-31,Wednesday,McNuggets,Cloudy,0,0,1.0,93.56,496.0,149.0,416.0
2023-09-11,Monday,Breakfast,Hot,0,0,0.0,120.56,377.0,102.0,198.0
2023-02-11,Saturday,Fries,Hot,0,1,0.0,67.78,307.0,170.0,386.0
2027-07-16,Friday,Desserts,Cold,0,0,1.0,113.48,388.0,139.0,406.0
2029-12-15,Saturday,Burgers,Rainy,1,1,0.0,170.51,346.0,182.0,424.0
2025-01-18,Saturday,Beverages,Sunny,0,1,0.0,72.07,314.0,142.0,380.0
2030-01-19,Saturday,Fries,Cloudy,0,1,0.0,60.0,443.0,177.0,373.0
2026-07-09,Thursday,Burgers,Sunny,0,0,0.0,184.94,209.0,121.0,276.0
2023-05-13,Saturday,Burgers,Cold,0,1,0.0,144.22,267.0,183.0,324.0
2022-12-09,Friday,Burgers,Rainy,0,0,0.0,177.47,187.0,107.0,245.0
2030-03-16,Saturday,Burgers, rainy,0,1,0.0,179.89,172.0,174.0,421.0
2029-02-07,Wednesday,Burgers,Cloudy,0,0,1.0,179.82,358.0,187.0,402.0
2024-02-22,Thursday,Fries,Sunny,0,0,0.0,93.26,304.0,96.0,164.0
2027-12-30,Thursday,McNuggets,Sunny,0,0,0.0,141.21,194.0,130.0,181.0
2022-10-31,Monday,McNuggets,Cloudy,0,0,1.0,130.41,315.0,187.0,465.0
2028-03-04,Saturday,Desserts,Hot,0,1,0.0,73.0,214.0,141.0,324.0
2023-10-27,Friday,Burgers,Rainy,0,0,1.0,134.44,500.0,168.0,413.0
2026-08-12,Wednesday,Burgers,Hot,0,0,0.0,145.16,85.0,123.0,258.0
2029-06-13,Wednesday,Desserts,Sunny,0,0,0.0,58.48,408.0,81.0,166.0
2027-04-30,Friday,Beverages,Cold,0,0,0.0,82.41,205.0,106.0,193.0
2026-02-21,Saturday,Desserts,Sunny,0,1,0.0,72.89,364.0,158.0,330.0
2022-03-26,Saturday,Fries,Rainy,0,1,0.0,73.11,300.0,124.0,195.0
2028-02-19,Saturday,Breakfast,Cold,0,1,1.0,86.17,382.0,199.0,442.0
2024-07-30,Tuesday,Beverages,Cold,0,0,1.0,47.96,433.0,156.0,368.0
2024-08-19,Monday,McNuggets,Cloudy,0,0,0.0,135.66,222.0,117.0,270.0
2024-04-21,Sunday,McNuggets,Sunny,0,1,0.0,169.33,507.0,163.0,320.0
2025-10-09,Thursday,Beverages,Hot,0,0,0.0,73.22,273.0,124.0,239.0
2028-08-03,Thursday,Fries,Cold,0,0,0.0,65.55,328.0,103.0,155.0
2027-07-12,Monday,Burgers,Rainy,0,0,0.0,141.83,338.0,141.0,
2027-10-28,Thursday,McNuggets,Cloudy,0,0,0.0,156.84,292.0,148.0,242.0
2022-10-18,Tuesday,Burgers,Sunny,0,0,0.0,150.96,230.0,112.0,230.0
2027-10-29,Friday,Burgers,Sunny,0,0,1.0,141.93,236.0,167.0,408.0
2029-06-14,Thursday,Breakfast,Cloudy,0,0,1.0,130.53,163.0,135.0,334.0
2023-08-28,Monday,Burgers,Sunny,0,0,0.0,162.3,458.0,134.0,302.0
2027-08-30,Monday,Fries,Cloudy,0,0,0.0,,320.0,113.0,201.0
2024-07-05,Friday,Fries,Rainy,0,0,0.0,61.74,352.0,78.0,193.0
2029-10-03,Wednesday,Burgers,Hot,0,0,1.0,,246.0,179.0,438.0
2026-08-19,Wednesday,Beverages,Cloudy,0,0,1.0,48.76,188.0,194.0,400.0
2028-02-25,Friday,Burgers,Hot,0,0,0.0,147.95,108.0,148.0,249.0
2025-08-30,Saturday,McNuggets,Cold,0,1,0.0,123.36,160.0,145.0,356.0
2024-04-01,Monday,Burgers,Cloudy,0,0,0.0,170.1,324.0,150.0,299.0
2028-11-03,Friday,Desserts,Rainy,0,0,0.0,68.95,223.0,121.0,240.0
2024-09-27,Friday,Burgers,Rainy,0,0,0.0,139.89,389.0,134.0,342.0
2026-11-24,Tuesday,Burgers,Cloudy,0,0,0.0,167.29,414.0,129.0,301.0
2022-01-19,Wednesday,Beverages,Sunny,0,0,0.0,47.14,220.0,140.0,254.0
2027-01-12,Tuesday,Fries,Cloudy,0,0,0.0,103.95,258.0,153.0,323.0
2029-10-17,Wednesday,Breakfast,Sunny,0,0,1.0,133.21,325.0,136.0,353.0
2026-08-25,Tuesday,Burgers,Cloudy,1,0,0.0,148.23,264.0,177.0,483.0
2025-08-29,Friday,Burgers,Rainy,0,0,0.0,130.0,233.0,87.0,183.0
2026-05-13,Wednesday,Burgers,Cloudy,0,0,1.0,130.32,412.0,190.0,403.0
2026-01-20,Tuesday,Breakfast,Sunny,0,0,0.0,87.61,363.0,87.0,151.0
2028-09-29,Friday,Beverages,Cloudy,0,0,1.0,63.5,192.0,175.0,412.0
2030-03-02,Saturday,McNuggets,Cold,0,1,0.0,132.57,309.0,139.0,271.0
2029-10-30,Tuesday,Burgers,Rainy,0,0,0.0,170.65,370.0,126.0,274.0
2027-05-19,Wednesday,McNuggets,Cloudy,0,0,0.0,161.32,280.0,125.0,297.0
2022-12-27,Tuesday,Fries,Hot,0,0,0.0,83.6,307.0,132.0,
2029-02-02,Friday,McNuggets,Rainy,0,0,0.0,144.3,244.0,109.0,200.0
2028-04-21,Friday,Beverages,Hot,0,0,1.0,75.17,243.0,166.0,413.0
2025-02-20,Thursday,Breakfast,Sunny,0,0,1.0,124.87,341.0,155.0,317.0
2028-04-09,Sunday,McNuggets,Sunny,0,1,1.0,137.01,321.0,206.0,494.0
2026-12-19,Saturday,Burgers,Cloudy,0,1,0.0,176.66,193.0,193.0,411.0
2022-12-11,Sunday,Fries,Cloudy,0,1,0.0,58.21,547.0,152.0,1114.0
2024-09-13,Friday,McNuggets,Sunny,0,0,0.0,115.98,239.0,160.0,312.0
2025-08-02,Saturday,Breakfast,Hot,0,1,0.0,91.66,533.0,153.0,370.0
2026-12-09,Wednesday,Fries,Sunny,0,0,0.0,106.83,386.0,134.0,259.0
2025-10-02,Thursday,Desserts,Sunny,0,0,0.0,75.55,544.0,90.0,143.0
2029-08-21,Tuesday,Desserts,Sunny,0,0,0.0,94.91,196.0,120.0,216.0
2025-02-02,Sunday,Fries,Sunny,0,1,0.0,88.04,320.0,138.0,320.0
2028-06-23,Friday,Burgers,Cold,0,0,1.0,168.32,247.0,175.0,349.0
2022-03-27,Sunday,Fries,Rainy,0,1,0.0,62.6,188.0,156.0,301.0
2027-09-22,Wednesday,Breakfast,Sunny,0,0,1.0,136.7,504.0,155.0,314.0
2023-10-31,Tuesday,Burgers,Sunny,0,0,0.0,166.5,450.0,183.0,311.0
2024-10-11,Friday,McNuggets,Rainy,0,0,0.0,130.26,339.0,96.0,261.0
2022-05-09,Monday,Burgers,Cold,0,0,0.0,166.78,328.0,151.0,379.0
2027-08-13,Friday,Beverages,Sunny,0,0,0.0,46.27,241.0,144.0,376.0
2026-07-14,Tuesday,Desserts,Sunny,0,0,1.0,115.42,424.0,150.0,370.0
2024-06-10,Monday,Breakfast,Cloudy,0,0,1.0,75.9,345.0,128.0,365.0
2027-02-24,Wednesday,McNuggets,Sunny,0,0,0.0,119.96,339.0,140.0,319.0
2022-11-04,Friday,Fries,Sunny,0,0,0.0,95.25,291.0,113.0,242.0
2023-01-19,Thursday,Desserts,Sunny,0,0,0.0,76.32,411.0,137.0,252.0
2027-05-04,Tuesday,Beverages,Hot,0,0,0.0,99.98,375.0,122.0,289.0
2025-03-20,Thursday,McNuggets,Hot,0,0,0.0,104.75,328.0,156.0,341.0
2023-03-03,Friday,Beverages,Rainy,0,0,1.0,60.7,165.0,135.0,352.0
2023-05-10,Wednesday,Beverages,Rainy,0,0,1.0,80.59,252.0,113.0,297.0
2026-06-12,Friday,Desserts,Rainy,0,0,0.0,113.19,242.0,102.0,165.0
2028-09-27,Wednesday,Desserts,Sunny,0,0,1.0,55.68,429.0,147.0,362.0
2028-06-30,Friday,McNuggets,Cloudy,0,0,0.0,153.86,,106.0,230.0
2029-07-01,Sunday,Desserts,Sunny,0,1,0.0,99.98,354.0,161.0,304.0
2025-09-07,Sunday,Beverages,Cloudy,0,1,0.0,68.9,218.0,154.0,382.0
2022-10-03,Monday,Beverages,CLOUDY,0,0,0.0,63.49,266.0,110.0,291.0
2023-05-05,Friday,Desserts,Cloudy,0,0,1.0,75.43,243.0,187.0,386.0
2027-09-29,Wednesday,McNuggets,,0,0,0.0,156.1,337.0,114.0,238.0
2023-11-22,Wednesday,Fries,Hot,0,0,1.0,108.2,274.0,156.0,302.0
2025-09-24,Wednesday,McNuggets,Hot,0,0,0.0,166.61,235.0,125.0,315.0
2025-04-07,Monday,Fries,Cloudy,0,0,0.0,56.02,437.0,104.0,219.0
2028-10-20,Friday,Beverages,Rainy,0,0,1.0,54.1,403.0,169.0,455.0
2028-02-11,Friday,Desserts,Rainy,0,0,1.0,57.74,348.0,161.0,402.0
2027-10-08,Friday,Breakfast,Cloudy,0,0,0.0,125.25,179.0,105.0,239.0
2024-11-24,Sunday,Beverages,Cold,0,1,1.0,73.97,331.0,180.0,509.0
2022-04-29,Friday,Desserts,Sunny,0,0,0.0,115.64,344.0,111.0,248.0
2024-10-21,Monday,Desserts,Rainy,0,0,0.0,101.53,388.0,80.0,152.0
2026-05-27,Wednesday,Breakfast,Sunny,0,0,0.0,130.98,275.0,123.0,322.0
2022-10-09,Sunday,Fries,Sunny,0,1,0.0,106.86,542.0,136.0,310.0
2029-07-19,Thursday,Beverages,Rainy,0,0,0.0,89.56,380.0,136.0,304.0
2030-03-05,Tuesday,Desserts,Sunny,0,0,0.0,91.25,286.0,114.0,233.0
2024-08-26,Monday,Beverages,Rainy,1,0,0.0,86.23,478.0,160.0,307.0
2025-04-11,Friday,Desserts,Sunny,0,0,0.0,100.22,241.0,111.0,244.0
2029-01-27,Saturday,Beverages,Rainy,0,1,0.0,84.33,492.0,135.0,389.0
2026-07-19,Sunday,McNuggets,Cloudy,0,1,0.0,127.64,283.0,162.0,369.0
2027-07-01,Thursday,Breakfast,Hot,0,0,0.0,131.38,434.0,103.0,209.0
2022-11-01,Tuesday,McNuggets,Sunny,0,0,0.0,149.84,484.0,145.0,340.0
2029-05-12,Saturday,Beverages,Sunny,0,1,0.0,63.09,299.0,147.0,310.0
2025-11-08,Saturday,Breakfast,Sunny,0,1,1.0,111.34,171.0,175.0,342.0
2026-04-15,Wednesday,Beverages,Cold,0,0,1.0,83.78,172.0,149.0,355.0
2028-03-16,Thursday,McNuggets,Sunny,0,0,0.0,143.94,122.0,116.0,211.0
2028-10-10,Tuesday,Beverages,Sunny,0,0,1.0,83.66,229.0,219.0,537.0
2023-07-30,Sunday,Desserts,Cloudy,0,1,1.0,73.61,300.0,185.0,395.0
2027-09-18,Saturday,Burgers,Hot,0,1,1.0,182.39,273.0,228.0,529.0
2029-11-13,Tuesday,Beverages,SUNNY,0,0,0.0,79.34,233.0,140.0,286.0
2029-04-10,Tuesday,Breakfast,Rainy,0,0,0.0,136.52,338.0,90.0,191.0
2029-02-09,Friday,Fries,Cloudy,0,0,0.0,83.32,121.0,136.0,291.0
2025-05-14,Wednesday,Beverages,Sunny,0,0,0.0,59.4,253.0,135.0,289.0
2024-04-23,Tuesday,beverages,Cloudy,0,0,0.0,99.72,248.0,108.0,221.0
2029-10-28,Sunday,Burgers,Sunny,0,1,0.0,138.54,301.0,207.0,462.0
2022-09-27,Tuesday,Fries,Rainy,0,0,0.0,70.9,202.0,107.0,178.0
2023-09-22,Friday,Fries,Rainy,0,0,0.0,76.2,393.0,79.0,200.0
2024-10-30,Wednesday,Burgers,Cold,0,0,0.0,181.61,236.0,126.0,224.0
2022-10-14,Friday,Beverages,Cloudy,0,0,1.0,78.6,174.0,187.0,433.0
2028-02-17,Thursday,Burgers,Sunny,0,0,0.0,147.0,383.0,128.0,245.0
2022-10-28,Friday,Burgers,Cloudy,0,0,1.0,131.21,351.0,156.0,359.0
2029-10-29,Monday,Burgers,Sunny,0,0,0.0,173.38,436.0,167.0,364.0
2027-02-16,Tuesday,Beverages,Sunny,0,0,1.0,77.19,366.0,183.0,457.0
2022-03-07,Monday,Beverages,Sunny,0,0,1.0,70.54,450.0,196.0,
2028-02-26,Saturday,Breakfast,Hot,0,1,0.0,94.58,237.0,119.0,275.0
2024-06-09,Sunday,McNuggets,Hot,0,1,0.0,147.36,253.0,156.0,356.0
2027-07-23,Friday,McNuggets,Sunny,0,0,1.0,91.24,147.0,179.0,428.0
2028-09-24,Sunday,Beverages,Cold,0,1,1.0,94.78,270.0,202.0,433.0
2030-03-04,Monday,Beverages,Sunny,0,0,0.0,66.55,315.0,139.0,299.0
2025-06-22,Sunday,McNuggets,Hot,0,1,,114.81,367.0,165.0,374.0
2022-08-19,Friday,Breakfast,Cloudy,0,0,0.0,103.32,270.0,121.0,212.0
2023-05-19,Friday,Breakfast,Sunny,0,0,0.0,135.03,234.0,121.0,242.0
2028-07-12,Wednesday,Fries,Rainy,0,0,0.0,70.53,435.0,103.0,192.0
2026-12-21,Monday,Desserts,Cold,0,0,0.0,90.41,290.0,120.0,270.0
2026-02-06,Friday,Beverages,Sunny,0,0,1.0,77.46,214.0,215.0,530.0
2029-07-27,Friday,Burgers,Hot,0,0,0.0,144.54,443.0,133.0,192.0
2024-10-01,Tuesday,Breakfast,Sunny,1,0,0.0,103.36,307.0,126.0,285.0
2024-04-16,Tuesday,Desserts,Cold,0,0,0.0,112.3,286.0,94.0,158.0
2029-11-12,Monday,Desserts,Rainy,0,0,0.0,73.23,289.0,115.0,246.0
2023-01-10,Tuesday,Burgers,Hot,0,0,0.0,116.04,294.0,110.0,238.0
2025-07-23,Wednesday,McNuggets,Rainy,0,0,0.0,157.65,252.0,131.0,262.0
2028-05-23,Tuesday,Burgers,Cold,0,0,1.0,123.17,157.0,155.0,419.0
2027-01-22,Friday,Burgers,Sunny,0,0,0.0,181.13,357.0,130.0,292.0
2027-02-08,Monday,Desserts,Cloudy,0,0,0.0,56.01,317.0,129.0,243.0
2027-09-30,Thursday,Breakfast,Cloudy,0,0,0.0,121.19,252.0,126.0,195.0
2024-01-22,Monday,Desserts,Cold,0,0,0.0,57.45,401.0,106.0,1259.0
2022-04-10,Sunday,Burgers,Cloudy,0,1,1.0,140.26,332.0,211.0,446.0
2029-01-07,Sunday,Burgers,Sunny,0,1,1.0,144.56,312.0,206.0,
2024-05-16,Thursday,Burgers,Cloudy,0,0,0.0,144.23,149.0,153.0,344.0
2024-06-29,Saturday,McNuggets,Sunny,0,1,0.0,116.25,214.0,170.0,330.0
2028-07-28,Friday,Fries,Sunny,0,0,0.0,63.1,456.0,145.0,283.0
2023-06-14,Wednesday,Desserts,Cloudy,0,0,1.0,116.43,239.0,146.0,360.0
2023-09-29,Friday,Beverages,Cold,0,0,1.0,96.5,171.0,176.0,384.0
2022-07-05,Tuesday,McNuggets,Cloudy,0,0,1.0,147.67,210.0,195.0,480.0
2025-05-21,Wednesday,Desserts,Sunny,0,0,0.0,104.12,219.0,140.0,274.0
2025-12-26,Friday,Desserts,Sunny,1,0,1.0,82.14,353.0,194.0,508.0
2024-07-20,Saturday,Breakfast,Sunny,0,1,0.0,77.21,280.0,145.0,274.0
2025-12-03,Wednesday,Beverages,Cloudy,0,0,0.0,80.3,292.0,144.0,324.0
2028-05-12,Friday,Fries,,0,0,0.0,57.57,233.0,98.0,140.0
2027-05-26,Wednesday,Breakfast,Cold,0,0,0.0,136.26,368.0,89.0,148.0
2028-08-26,Saturday,Desserts,Rainy,1,1,0.0,83.27,299.0,155.0,395.0
2027-09-27,Monday,Breakfast,Cloudy,0,0,1.0,92.02,321.0,118.0,255.0
2023-08-31,Thursday,Fries,Sunny,0,0,0.0,82.14,341.0,97.0,233.0
2025-10-25,Saturday,Beverages,Sunny,1,1,0.0,74.99,347.0,192.0,460.0
2022-06-01,Wednesday,Fries,Sunny,0,0,0.0,82.34,207.0,116.0,180.0
2026-04-16,Thursday,McNuggets,Sunny,0,0,1.0,158.02,370.0,149.0,409.0
2024-05-04,Saturday,Burgers,Rainy,0,1,0.0,179.04,278.0,153.0,407.0
2024-01-02,Tuesday,Breakfast,Cold,0,0,0.0,122.37,437.0,106.0,216.0
2028-10-03,Tuesday,Burgers,Hot,0,0,0.0,164.91,255.0,131.0,332.0
2026-07-15,Wednesday,Beverages,Hot,0,0,1.0,68.77,375.0,174.0,352.0
2029-07-25,Wednesday,McNuggets,Cold,0,0,0.0,135.22,289.0,140.0,272.0
2022-01-24,Monday,Fries,Cloudy,0,0,0.0,71.81,376.0,119.0,304.0
2026-09-17,Thursday,Burgers,Cloudy,0,0,0.0,164.3,311.0,112.0,156.0
2022-06-08,Wednesday,Fries,Hot,0,0,0.0,91.27,371.0,127.0,283.0
2024-05-11,Saturday,Beverages,Rainy,0,1,1.0,73.69,164.0,205.0,577.0
2024-06-21,Friday,Burgers,Cold,0,0,0.0,121.9,262.0,137.0,354.0
2026-01-23,Friday,Burgers,Rainy,0,0,0.0,129.58,248.0,99.0,198.0
2025-05-15,Thursday,Desserts,Rainy,0,0,0.0,85.88,,95.0,191.0
2028-03-31,Friday,Fries,Cloudy,0,0,1.0,68.49,223.0,157.0,400.0
2023-03-21,Tuesday,Breakfast,Cold,0,0,0.0,103.31,247.0,87.0,202.0
2030-02-20,Wednesday,Breakfast,Hot,0,0,0.0,97.1,333.0,104.0,196.0
2024-01-25,Thursday,Burgers,Sunny,1,0,0.0,127.73,162.0,193.0,508.0
2024-07-12,Friday,Breakfast,Sunny,0,0,0.0,112.99,281.0,118.0,212.0
2026-10-22,Thursday,Breakfast,Hot,0,0,1.0,115.26,276.0,141.0,282.0
2027-10-31,Sunday,Beverages,Hot,0,1,0.0,91.82,389.0,178.0,389.0
2022-11-08,Tuesday,Burgers,Rainy,0,0,,137.99,184.0,124.0,227.0
2023-07-03,Monday,Beverages,Cloudy,0,0,0.0,70.86,361.0,116.0,245.0
2027-07-03,Saturday,Beverages,Cloudy,0,1,0.0,64.63,328.0,171.0,380.0
2026-02-18,Wednesday,Breakfast,Cold,0,0,1.0,89.15,102.0,114.0,189.0
2022-11-03,Thursday,Beverages,Cloudy,0,0,0.0,58.88,185.0,126.0,283.0
2022-10-15,Saturday,Beverages,Hot,1,1,0.0,90.12,429.0,205.0,386.0
2023-11-26,Sunday,Burgers,Cloudy,0,1,0.0,144.15,468.0,147.0,356.0
2022-11-05,Saturday,Breakfast,Cloudy,0,1,0.0,81.53,230.0,112.0,198.0
2028-06-06,Tuesday,McNuggets,Cloudy,0,0,0.0,104.18,222.0,126.0,262.0
2024-01-20,Saturday,McNuggets,Cold,0,1,0.0,164.62,306.0,157.0,375.0
2026-01-27,Tuesday,McNuggets,Cloudy,0,0,1.0,164.97,254.0,180.0,375.0
2025-07-12,Saturday,Burgers,Cloudy,0,1,1.0,159.53,147.0,227.0,999.0
2024-06-27,Thursday,Fries,Rainy,0,0,1.0,64.27,330.0,147.0,382.0
2027-04-26,Monday,Fries,Cloudy,0,0,0.0,91.39,363.0,75.0,135.0
2028-08-05,Saturday,Desserts,Cloudy,0,1,0.0,85.42,265.0,156.0,380.0
2025-08-23,Saturday,Beverages,Sunny,0,1,0.0,84.16,181.0,155.0,334.0
2029-05-29,Tuesday,Breakfast,RAINY ,0,0,0.0,114.52,260.0,121.0,164.0
2024-08-28,Wednesday,McNuggets,Cold,0,0,0.0,95.33,326.0,118.0,233.0
2022-01-14,Friday,Burgers,Cloudy,0,0,0.0,114.18,335.0,111.0,209.0
2024-05-23,Thursday,Beverages,Hot,0,0,0.0,56.54,263.0,111.0,187.0
2024-03-19,Tuesday,Beverages,Sunny,0,0,0.0,99.25,230.0,134.0,286.0
2029-02-23,Friday,Breakfast,Sunny,0,0,0.0,133.25,337.0,97.0,188.0
2023-05-30,Tuesday,Burgers,Hot,0,0,0.0,159.9,372.0,131.0,226.0
2028-09-08,Friday,Breakfast,Sunny,0,0,0.0,,274.0,101.0,146.0
2023-02-14,Tuesday,Burgers,Sunny,0,0,1.0,150.67,292.0,189.0,459.0
2027-04-21,Wednesday,Fries,Cold,0,0,0.0,104.74,203.0,121.0,278.0
2028-04-06,Thursday,Fries,Sunny,0,0,0.0,73.83,154.0,125.0,324.0
2025-09-19,Friday,Beverages,Rainy,0,0,1.0,65.73,378.0,,368.0
2026-02-20,Friday,McNuggets,,0,0,1.0,134.48,258.0,173.0,350.0
2025-10-24,Friday,Burgers,Rainy,0,0,1.0,161.71,216.0,153.0,334.0
2027-10-05,Tuesday,McNuggets,Cloudy,0,0,0.0,118.97,198.0,135.0,272.0
2023-01-18,Wednesday,McNuggets,Sunny,0,0,0.0,136.25,257.0,170.0,398.0
2026-06-17,Wednesday,Burgers,Rainy,0,0,1.0,126.67,319.0,176.0,460.0
2029-04-19,Thursday,Fries,Hot,0,0,0.0,74.54,197.0,134.0,317.0
2025-10-08,Wednesday,Beverages,Cloudy,0,0,0.0,54.81,285.0,118.0,1454.0
2025-11-06,Thursday,Beverages,Rainy,0,0,0.0,53.42,269.0,89.0,233.0
2023-07-07,Friday,Beverages,Rainy,0,0,0.0,85.33,202.0,135.0,326.0
2022-08-11,Thursday,Burgers,Sunny,0,0,0.0,152.57,416.0,149.0,303.0
2025-01-01,Wednesday,Fries,Sunny,1,0,1.0,87.4,269.0,186.0,407.0
2029-03-15,Thursday,McNuggets,Hot,0,0,0.0,164.32,209.0,118.0,267.0
2022-01-09,Sunday,McNuggets,Rainy,0,1,0.0,129.85,224.0,153.0,355.0
2028-03-19,Sunday,Beverages,Cloudy,0,1,0.0,59.55,268.0,145.0,337.0
2022-11-13,Sunday,Beverages,Cloudy,0,1,1.0,89.28,515.0,218.0,427.0
2023-03-04,Saturday,Desserts,Rainy,0,1,1.0,109.09,386.0,206.0,498.0
2027-06-16,Wednesday,McNuggets,Cloudy,0,0,0.0,157.94,233.0,101.0,208.0
2022-04-16,Saturday,Fries,Cloudy,0,1,0.0,71.02,221.0,166.0,381.0
2029-10-20,Saturday,Fries,Cloudy,0,1,0.0,108.54,342.0,152.0,324.0
2022-05-23,Monday,Beverages,Rainy,0,0,0.0,97.89,331.0,115.0,273.0
2022-05-02,Monday,Desserts,Sunny,0,0,0.0,82.75,279.0,69.0,118.0
2028-07-27,Thursday,McNuggets,Hot,0,0,1.0,133.64,359.0,178.0,468.0
2029-12-09,Sunday,Burgers,Cloudy,0,1,1.0,119.73,296.0,204.0,460.0
2025-04-04,Friday,McNuggets,Rainy,0,0,0.0,100.9,177.0,100.0,245.0
2027-05-18,Tuesday,Fries,Hot,0,0,0.0,74.46,243.0,113.0,264.0
2029-03-17,Saturday,Burgers,Sunny,0,1,0.0,167.25,330.0,159.0,253.0
2028-10-04,Wednesday,Beverages,Hot,0,0,0.0,56.68,,148.0,325.0
2022-04-26,Tuesday,Desserts,Hot,0,0,1.0,83.3,210.0,171.0,356.0
2025-12-27,Saturday,McNuggets,Rainy,0,1,0.0,110.14,529.0,136.0,316.0
2026-11-20,Friday,McNuggets,Cloudy,0,0,1.0,147.79,256.0,144.0,347.0
2027-12-11,Saturday,McNuggets,Cloudy,0,1,1.0,157.47,257.0,200.0,463.0
2029-10-02,Tuesday,McNuggets,Cloudy,0,0,0.0,154.1,431.0,140.0,255.0
2030-03-03,Sunday,Breakfast,Sunny,0,1,0.0,77.5,266.0,139.0,329.0
2028-02-12,Saturday,Breakfast,Cloudy,0,1,0.0,113.94,397.0,147.0,354.0
2027-09-23,Thursday,Desserts,Sunny,0,0,0.0,105.62,295.0,134.0,231.0
2023-11-04,Saturday,Burgers,Rainy,0,1,0.0,141.04,385.0,148.0,289.0
2028-06-24,Saturday,Burgers,Rainy,0,1,0.0,143.57,354.0,155.0,296.0
2026-08-16,Sunday,McNuggets,Cloudy,0,1,0.0,153.89,485.0,140.0,306.0
2023-08-15,Tuesday,McNuggets,Sunny,1,0,0.0,100.23,195.0,161.0,337.0
2025-12-24,Wednesday,McNuggets,Hot,0,0,0.0,162.23,219.0,102.0,184.0
2024-06-07,Friday,Burgers,Rainy,0,0,0.0,124.72,98.0,110.0,277.0
2026-12-20,Sunday,Burgers,Hot,0,1,0.0,166.45,375.0,180.0,293.0
2029-05-30,Wednesday,Burgers,Cold,0,0,1.0,185.96,163.0,155.0,327.0
2027-03-29,Monday,Fries,Sunny,0,0,0.0,103.96,357.0,135.0,310.0
2022-08-02,Tuesday,Fries,Rainy,0,0,0.0,77.13,336.0,126.0,162.0
2024-02-18,Sunday,McNuggets,Rainy,0,1,1.0,121.93,203.0,205.0,453.0
2026-09-24,Thursday,Desserts,Hot,0,0,0.0,81.9,270.0,123.0,258.0
2024-03-11,Monday,McNuggets,Sunny,0,0,0.0,152.79,359.0,141.0,307.0
2028-11-15,Wednesday,Burgers,Sunny,0,0,0.0,,198.0,116.0,290.0
2026-04-27,Monday,McNuggets,Sunny,0,0,1.0,162.15,390.0,177.0,406.0
2029-03-20,Tuesday,McNuggets,Sunny,0,0,1.0,120.49,296.0,182.0,373.0
2030-01-12,Saturday,Beverages,Cold,0,1,0.0,53.94,216.0,154.0,321.0
2029-07-07,Saturday,McNuggets,Sunny,0,1,0.0,155.12,296.0,154.0,307.0
2022-10-01,Saturday,Desserts,Cloudy,1,1,0.0,76.68,141.0,171.0,392.0
2022-03-13,Sunday,Burgers,Rainy,0,1,0.0,170.13,465.0,192.0,340.0
2027-01-25,Monday,Fries,Cold,1,0,0.0,82.55,342.0,125.0,283.0
2024-12-23,Monday,Burgers,Rainy,0,0,0.0,143.34,231.0,152.0,288.0
2023-01-30,Monday,Fries,Cold,0,0,1.0,75.79,285.0,157.0,322.0
2023-08-07,Monday,Fries,Hot,0,0,0.0,62.37,387.0,116.0,217.0
2027-10-01,Friday,Fries,Sunny,1,0,0.0,109.41,199.0,149.0,346.0
2027-08-08,Sunday,McNuggets,Rainy,0,1,0.0,147.04,225.0,134.0,320.0
2023-05-16,Tuesday,McNuggets,Sunny,0,0,0.0,131.33,370.0,115.0,235.0
2028-05-09,Tuesday,Desserts,Sunny,0,0,0.0,92.2,199.0,128.0,201.0
2028-02-29,Tuesday,Burgers,Cloudy,0,0,1.0,154.3,436.0,145.0,340.0
2029-03-06,Tuesday,Desserts,Cold,0,0,0.0,69.18,378.0,78.0,134.0
2029-12-19,Wednesday,Fries,Sunny,0,0,1.0,55.61,344.0,182.0,462.0
2027-08-27,Friday,Burgers,Hot,0,0,1.0,112.67,460.0,176.0,421.0
2025-06-13,Friday,McNuggets,Cloudy,0,0,0.0,96.72,501.0,164.0,283.0
2026-07-24,Friday,Breakfast,Rainy,0,0,0.0,79.74,283.0,87.0,163.0
2026-12-07,Monday,Breakfast,Sunny,0,0,0.0,128.61,338.0,120.0,230.0
2022-07-25,Monday,Burgers,Hot,0,0,1.0,116.09,370.0,149.0,381.0
2024-01-04,Thursday,Beverages,Cloudy,0,0,0.0,88.06,344.0,180.0,385.0
2028-05-28,Sunday,Beverages,Sunny,0,1,1.0,67.19,320.0,237.0,550.0
2023-06-11,Sunday,Beverages,Cold,0,1,0.0,94.0,423.0,137.0,241.0
2025-11-27,Thursday,Burgers,Sunny,0,0,0.0,135.89,222.0,114.0,242.0
2024-06-17,Monday,Burgers,Cloudy,0,0,0.0,176.47,335.0,136.0,311.0
2023-01-13,Friday,Burgers,Sunny,0,0,1.0,142.76,358.0,168.0,442.0
2030-03-14,Thursday,Burgers,Sunny,0,0,0.0,188.21,314.0,124.0,253.0
2029-06-08,Friday,Fries,Cloudy,0,0,1.0,77.15,373.0,158.0,320.0
2029-07-13,Friday,Fries,Sunny,0,0,0.0,84.33,330.0,99.0,120.0
2023-01-22,Sunday,Fries,,0,1,0.0,105.19,317.0,,306.0
2022-07-18,Monday,Desserts,Sunny,0,0,0.0,97.5,392.0,138.0,216.0
2024-11-16,Saturday,Desserts,Cold,0,1,1.0,106.69,297.0,196.0,451.0
2023-08-14,Monday,Burgers,Cold,0,0,0.0,150.82,496.0,120.0,207.0
2023-06-04,Sunday,Burgers,Sunny,0,1,0.0,141.64,453.0,186.0,471.0
2029-08-03,Friday,Fries,Rainy,0,0,0.0,61.07,,111.0,190.0
2027-09-01,Wednesday,Fries,Sunny,0,0,0.0,84.28,268.0,71.0,127.0
2023-03-06,Monday,Burgers,Rainy,0,0,0.0,176.29,362.0,114.0,257.0
2024-12-19,Thursday,Desserts,Hot,0,0,0.0,84.79,142.0,98.0,202.0
2022-07-27,Wednesday,McNuggets,Hot,0,0,0.0,144.96,343.0,135.0,329.0
2023-05-07,Sunday,McNuggets,Rainy,0,1,0.0,93.47,388.0,179.0,340.0
2028-06-16,Friday,Beverages,Hot,0,0,0.0,86.31,292.0,120.0,228.0
2030-01-25,Friday,Beverages,Cloudy,1,0,1.0,63.37,306.0,174.0,451.0
2024-03-03,Sunday,Beverages,Rainy,0,1,0.0,45.82,432.0,177.0,447.0
2028-11-28,Tuesday,Fries,Cloudy,0,0,0.0,58.82,217.0,93.0,234.0
2025-04-01,Tuesday,McNuggets,Sunny,0,0,0.0,157.93,386.0,123.0,242.0
2025-03-31,Monday,Desserts,Rainy,0,0,1.0,84.64,388.0,119.0,353.0
2028-11-20,Monday,Desserts,Hot,0,0,0.0,93.94,368.0,148.0,267.0
2025-10-23,Thursday,Burgers,Cloudy,0,0,0.0,153.33,191.0,144.0,226.0
2028-03-09,Thursday,Beverages,Hot,0,0,1.0,60.11,221.0,178.0,512.0
2022-03-25,Friday,Burgers,Rainy,0,0,0.0,170.4,277.0,110.0,269.0
2028-07-25,Tuesday,Burgers,Cloudy,0,0,0.0,165.04,190.0,129.0,295.0
2030-02-19,Tuesday,Burgers,Sunny,0,0,0.0,135.66,226.0,154.0,312.0
2022-01-21,Friday,McNuggets,Sunny,0,0,0.0,111.8,242.0,98.0,240.0
2025-11-30,Sunday,Desserts,Hot,0,1,0.0,108.64,274.0,142.0,255.0
2026-06-05,Friday,Desserts,Hot,0,0,0.0,115.04,320.0,147.0,245.0
2027-06-26,Saturday,Desserts,Hot,0,1,0.0,91.39,212.0,199.0,440.0
2029-06-19,Tuesday,Burgers,Sunny,0,0,0.0,125.4,253.0,111.0,290.0
2027-06-25,Friday,Fries,Cloudy,0,0,0.0,62.58,294.0,99.0,225.0
2024-08-31,Saturday,Burgers,Rainy,0,1,0.0,114.83,253.0,162.0,275.0
2029-09-24,Monday,Fries,Hot,0,0,0.0,98.45,401.0,143.0,336.0
2024-06-02,Sunday,Burgers,Sunny,0,1,0.0,184.89,391.0,172.0,276.0
2025-01-03,Friday,Breakfast,Sunny,0,0,0.0,86.88,315.0,96.0,
2022-06-06,Monday,McNuggets,Cold,0,0,1.0,164.61,330.0,134.0,304.0
2028-04-23,Sunday,Desserts,Cloudy,0,1,0.0,51.62,342.0,,289.0
2024-06-05,Wednesday,McNuggets,Cold,0,0,0.0,161.3,,109.0,93.0
2025-11-01,Saturday,Burgers,Sunny,0,1,0.0,123.74,217.0,169.0,340.0
2028-12-09,Saturday,Breakfast,Sunny,0,1,0.0,97.51,395.0,144.0,331.0
2028-11-13,Monday,Breakfast,Sunny,0,0,1.0,93.77,438.0,150.0,351.0
2026-04-01,Wednesday,McNuggets,Sunny,0,0,0.0,122.15,381.0,145.0,262.0
2029-05-27,Sunday,Burgers,Sunny,0,1,0.0,137.65,367.0,156.0,377.0
2028-04-02,Sunday,Burgers,Cold,0,1,0.0,110.66,432.0,158.0,378.0
2029-07-11,Wednesday,Breakfast,Cold,0,0,0.0,87.08,266.0,101.0,213.0
2029-05-05,Saturday,Breakfast,Cloudy,0,1,1.0,86.58,117.0,187.0,467.0
2023-04-04,Tuesday,Burgers,Rainy,0,0,0.0,163.05,270.0,122.0,258.0
2027-05-11,Tuesday,McNuggets,Cloudy,0,0,0.0,122.29,254.0,120.0,296.0
2022-03-20,Sunday,Fries,Sunny,0,1,0.0,94.74,288.0,173.0,348.0
2030-01-27,Sunday,Fries,Rainy,0,1,0.0,85.2,576.0,152.0,300.0
2024-11-22,Friday,Breakfast,Hot,0,0,1.0,101.33,148.0,161.0,351.0
2024-06-25,Tuesday,Breakfast,Cloudy,0,0,,129.15,123.0,96.0,220.0
2026-06-10,Wednesday,Burgers,Hot,0,0,0.0,133.26,340.0,141.0,242.0
2028-02-20,Sunday,Burgers,Cloudy,0,1,0.0,179.94,433.0,160.0,347.0
2029-11-14,Wednesday,Breakfast,Cloudy,0,0,1.0,127.79,294.0,123.0,274.0
2023-01-16,Monday,Burgers,Cloudy,0,0,0.0,110.95,466.0,125.0,294.0
2024-08-05,Monday,Desserts,Rainy,0,0,0.0,68.89,416.0,64.0,90.0
2026-11-07,Saturday,Breakfast,Cloudy,0,1,1.0,118.88,358.0,150.0,258.0
2027-07-18,Sunday,Beverages,Cold,0,1,0.0,70.32,353.0,176.0,396.0
2023-12-17,Sunday,Desserts,Cloudy,0,1,0.0,84.92,385.0,150.0,300.0
2027-06-01,Tuesday,Beverages,Sunny,0,0,1.0,85.52,308.0,185.0,414.0
2023-11-18,Saturday,McNuggets,Cold,0,1,0.0,112.84,203.0,171.0,407.0
2029-02-10,Saturday,Beverages,Rainy,0,1,0.0,52.19,317.0,140.0,291.0
2025-07-17,Thursday,McNuggets,Cold,0,0,0.0,144.18,288.0,117.0,245.0
2022-11-02,Wednesday,Desserts,Cloudy,0,0,0.0,59.73,348.0,104.0,187.0
2022-07-29,Friday,Burgers,Rainy,0,0,0.0,156.64,207.0,123.0,213.0
2027-10-04,Monday,beverages,Rainy,0,0,0.0,171.33,510.0,126.0,195.0
2028-02-27,Sunday,McNuggets,Cloudy,0,1,1.0,118.89,255.0,214.0,516.0
2022-08-30,Tuesday,Desserts,Cloudy,0,0,0.0,98.68,384.0,109.0,208.0
2029-03-19,Monday,McNuggets,Sunny,0,0,0.0,115.57,375.0,145.0,313.0
2024-06-04,Tuesday,Burgers,Cold,0,0,1.0,163.87,230.0,196.0,401.0
2026-08-18,Tuesday,Burgers,Cloudy,0,0,0.0,168.03,440.0,109.0,194.0
2024-07-06,Saturday,Desserts,Cloudy,0,1,1.0,64.84,198.0,222.0,488.0
2026-09-22,Tuesday,Burgers,Sunny,0,0,0.0,141.57,443.0,155.0,377.0
2028-04-04,Tuesday,Fries,Rainy,0,0,1.0,65.99,273.0,180.0,301.0
2022-07-11,Monday,Desserts,Cold,0,0,0.0,51.1,363.0,106.0,263.0
2026-12-13,Sunday,Burgers,Cold,0,1,1.0,139.79,546.0,183.0,504.0
2029-05-09,Wednesday,Burgers,Hot,0,0,0.0,147.11,233.0,141.0,283.0
2025-06-19,Thursday,Burgers,Cloudy,0,0,0.0,113.36,325.0,146.0,333.0
2023-04-29,Saturday,McNuggets,Cold,0,1,0.0,154.35,292.0,155.0,253.0
2024-07-04,Thursday,Beverages,Cloudy,0,0,0.0,96.62,242.0,138.0,347.0
2029-03-16,Friday,McNuggets,Rainy,0,0,0.0,162.86,267.0,110.0,320.0
2022-10-05,Wednesday,McNuggets,Cloudy,0,0,0.0,133.3,131.0,133.0,243.0
2024-09-15,Sunday,Fries,Cloudy,0,1,0.0,56.84,369.0,147.0,301.0
2026-02-16,Monday,Beverages,Sunny,0,0,0.0,73.21,285.0,135.0,247.0
2028-09-06,Wednesday,burgers,Cloudy,0,0,0.0,61.29,346.0,112.0,280.0
2025-08-24,Sunday,McNuggets,Sunny,0,1,1.0,136.4,325.0,223.0,504.0
2023-07-26,Wednesday,Breakfast,Cloudy,0,0,0.0,77.17,298.0,104.0,231.0
2024-09-20,Friday,McNuggets,Sunny,0,0,0.0,,292.0,135.0,341.0
2025-12-25,Thursday,Burgers,Hot,1,0,1.0,175.15,193.0,195.0,363.0
2025-12-22,Monday,McNuggets,Rainy,0,0,0.0,166.2,222.0,121.0,274.0
2023-08-09,Wednesday,Fries,Cloudy,0,0,0.0,99.23,211.0,112.0,263.0
2027-12-24,Friday,Fries,Cold,0,0,1.0,87.11,294.0,155.0,323.0
2023-06-28,Wednesday,McNuggets,Cloudy,0,0,0.0,127.52,369.0,149.0,361.0
2025-09-11,Thursday,Burgers,Rainy,0,0,1.0,149.01,314.0,169.0,411.0
2024-10-04,Friday,Breakfast,Cloudy,0,0,0.0,115.07,339.0,133.0,221.0
2023-11-06,Monday,Beverages,Rainy,0,0,0.0,66.9,353.0,122.0,279.0
2026-10-19,Monday,Burgers,Rainy,0,0,0.0,154.62,384.0,143.0,313.0
2024-05-05,Sunday,Burgers,Sunny,0,1,0.0,148.51,391.0,180.0,338.0
2023-03-24,Friday,Breakfast,Rainy,0,0,0.0,120.12,381.0,105.0,235.0
2026-01-12,Monday,Desserts,Sunny,0,0,1.0,106.41,283.0,161.0,401.0
2026-09-23,Wednesday,Beverages,Cold,0,0,0.0,65.49,378.0,113.0,276.0
2026-08-02,Sunday,Breakfast,Cloudy,0,1,0.0,70.98,424.0,120.0,242.0
2028-04-05,Wednesday,Desserts,Cold,0,0,0.0,116.31,316.0,83.0,127.0
2029-06-01,Friday,Burgers,Rainy,0,0,0.0,140.02,194.0,111.0,224.0
2028-08-10,Thursday,Burgers,Sunny,0,0,0.0,-20.0,244.0,118.0,236.0
2026-11-11,Wednesday,Fries,Hot,0,0,0.0,55.32,287.0,152.0,291.0
2029-05-28,Monday,Breakfast,Cold,0,0,0.0,80.39,375.0,97.0,274.0
2025-06-01,Sunday,Burgers,Sunny,0,1,1.0,172.99,435.0,177.0,458.0
2022-10-22,Saturday,Burgers,Cold,0,1,1.0,185.9,293.0,200.0,483.0
2023-08-12,Saturday,Burgers,Sunny,0,1,0.0,138.45,440.0,175.0,314.0
2025-07-05,Saturday,McNuggets,Hot,0,1,0.0,119.98,263.0,158.0,327.0
2026-01-15,Thursday,McNuggets,Cloudy,1,0,0.0,124.83,142.0,145.0,382.0
2027-03-01,Monday,Beverages,Cold,0,0,1.0,83.2,407.0,149.0,282.0
2028-01-13,Thursday,Burgers,Rainy,0,0,0.0,170.43,308.0,106.0,203.0
2029-10-21,Sunday,McNuggets,Sunny,0,1,1.0,113.04,314.0,231.0,549.0
2028-03-30,Thursday,Fries,Cold,0,0,0.0,69.44,425.0,127.0,202.0
2025-11-18,Tuesday,Burgers,Sunny,0,0,0.0,116.58,312.0,149.0,361.0
2023-03-02,Thursday,Beverages,Rainy,0,0,0.0,87.75,348.0,89.0,168.0
2023-06-19,Monday,Breakfast,Sunny,0,0,0.0,99.29,375.0,101.0,195.0
2024-11-20,Wednesday,Desserts,Hot,0,0,0.0,86.75,171.0,113.0,210.0
2027-04-10,Saturday,Burgers,Sunny,0,1,0.0,127.18,291.0,-5.0,423.0
2028-12-10,Sunday,Breakfast,,0,1,0.0,129.6,335.0,159.0,289.0
2030-02-23,Saturday,Burgers,Cold,0,1,0.0,178.85,265.0,162.0,275.0
2022-05-13,Friday,Burgers,Cold,0,0,0.0,151.67,394.0,146.0,227.0
2027-03-14,Sunday,Fries,Sunny,0,1,0.0,62.03,377.0,134.0,281.0
2027-03-02,Tuesday,Burgers,Cloudy,0,0,0.0,114.44,276.0,194.0,392.0
2023-02-26,Sunday,Breakfast,Rainy,0,1,0.0,108.44,405.0,148.0,359.0
2029-05-15,Tuesday,McNuggets,Sunny,0,0,0.0,135.66,269.0,160.0,338.0
2027-08-29,Sunday,Burgers,Cloudy,0,1,0.0,113.93,432.0,183.0,348.0
2030-01-16,Wednesday,McNuggets,Sunny,0,0,1.0,123.29,206.0,171.0,358.0
2025-09-30,Tuesday,Burgers,Sunny,0,0,0.0,158.12,252.0,120.0,294.0
2023-07-11,Tuesday,Burgers,Sunny,0,0,0.0,118.55,252.0,123.0,265.0
2027-09-05,Sunday,Desserts,Sunny,0,1,0.0,53.19,458.0,159.0,308.0
2026-04-07,Tuesday,Beverages,Rainy,0,0,0.0,92.21,226.0,112.0,233.0
2029-06-05,Tuesday,Fries,Cloudy,0,0,0.0,92.93,263.0,146.0,311.0
2023-07-25,Tuesday,Beverages,Cloudy,0,0,0.0,67.12,253.0,152.0,312.0
2022-12-19,Monday,McNuggets,Cold,0,0,0.0,160.11,271.0,133.0,278.0
2022-04-02,Saturday,McNuggets,Cold,0,1,1.0,95.68,311.0,185.0,392.0
2027-11-20,Saturday,Breakfast,Sunny,0,1,0.0,129.8,149.0,152.0,307.0
2029-01-08,Monday,Beverages,Cold,0,0,0.0,89.46,522.0,131.0,159.0
2025-03-16,Sunday,McNuggets,Sunny,0,1,0.0,131.51,333.0,174.0,435.0
2026-03-24,Tuesday,Fries,Sunny,0,0,1.0,97.2,223.0,169.0,423.0
2025-07-09,Wednesday,Beverages,Rainy,0,0,0.0,50.95,291.0,95.0,252.0
2028-01-18,Tuesday,Fries,Hot,0,0,0.0,56.36,128.0,109.0,315.0
2029-02-05,Monday,Beverages,Sunny,0,0,0.0,63.49,291.0,163.0,433.0
2028-10-13,Friday,Breakfast,Rainy,0,0,0.0,120.83,228.0,73.0,185.0
2028-02-15,Tuesday,Desserts,Rainy,0,0,1.0,87.04,205.0,135.0,370.0
2023-11-29,Wednesday,McNuggets,Rainy,0,0,0.0,149.48,163.0,104.0,119.0
2029-10-26,Friday,Beverages,Hot,1,0,0.0,51.6,342.0,182.0,353.0
2022-12-15,Thursday,Fries,Cloudy,1,0,0.0,90.82,256.0,163.0,356.0
2026-06-07,Sunday,Beverages,Cloudy,0,1,1.0,52.4,530.0,192.0,453.0
2028-07-02,Sunday,McNuggets,Cloudy,0,1,0.0,163.4,541.0,191.0,437.0
2028-09-26,Tuesday,Desserts,Hot,0,0,1.0,66.64,134.0,160.0,411.0
2028-01-05,Wednesday,Beverages,Hot,0,0,0.0,59.58,256.0,134.0,325.0
2025-02-11,Tuesday,Beverages,Cloudy,0,0,0.0,80.7,202.0,121.0,256.0
2029-09-08,Saturday,Burgers,Cold,0,1,1.0,114.14,156.0,215.0,515.0
2026-02-14,Saturday,Fries,Sunny,0,1,1.0,78.75,181.0,204.0,525.0
2029-11-10,Saturday,Desserts,Sunny,0,1,1.0,119.08,223.0,159.0,356.0
2029-10-25,Thursday,Burgers,Cloudy,1,0,0.0,155.08,213.0,173.0,337.0
2025-09-01,Monday,Burgers,Sunny,0,0,0.0,178.71,432.0,129.0,216.0
2029-08-15,Wednesday,Breakfast,Sunny,1,0,0.0,120.97,209.0,126.0,381.0
2023-03-30,Thursday,Desserts,Cloudy,0,0,0.0,63.23,262.0,90.0,181.0
2024-07-02,Tuesday,Beverages,Cold,0,0,0.0,78.35,229.0,132.0,280.0
2025-04-14,Monday,Burgers,Rainy,0,0,1.0,128.74,331.0,164.0,367.0
2025-06-28,Saturday,Beverages,Rainy,0,1,0.0,95.72,219.0,140.0,293.0
2027-04-12,Monday,Beverages,Sunny,0,0,1.0,68.12,420.0,176.0,351.0
2022-02-07,Monday,Burgers,Cold,0,0,1.0,177.69,422.0,172.0,386.0
2024-09-01,Sunday,Burgers,Sunny,0,1,0.0,145.46,,172.0,403.0
2029-09-04,Tuesday,Desserts,Hot,0,0,1.0,119.52,200.0,149.0,365.0
2024-09-10,Tuesday,Burgers,Sunny,0,0,1.0,182.79,378.0,183.0,388.0
2027-02-10,Wednesday,Burgers,Cloudy,0,0,0.0,113.09,377.0,132.0,209.0
2028-01-25,Tuesday,Fries,Rainy,1,0,0.0,68.68,234.0,121.0,276.0
2025-11-19,Wednesday,Beverages,Cloudy,0,0,0.0,68.0,357.0,-5.0,317.0
2025-07-08,Tuesday,Fries,Rainy,0,0,0.0,60.99,188.0,130.0,289.0
2022-02-09,Wednesday,Beverages,Cloudy,0,0,1.0,56.64,322.0,169.0,387.0
2026-01-26,Monday,Fries,Sunny,1,0,0.0,55.55,492.0,106.0,264.0
2027-01-21,Thursday,Burgers,Cold,0,0,1.0,156.99,226.0,162.0,355.0
2022-06-19,Sunday,McNuggets,Cloudy,0,1,0.0,112.85,421.0,152.0,393.0
2025-09-17,Wednesday,Desserts,Rainy,0,0,1.0,55.06,253.0,140.0,309.0
2024-01-08,Monday,Breakfast,Hot,0,0,0.0,71.28,403.0,148.0,323.0
2026-05-28,Thursday,Fries,Cold,0,0,0.0,96.16,332.0,89.0,194.0
2029-06-25,Monday,Burgers,Rainy,0,0,0.0,134.54,474.0,127.0,233.0
2027-05-16,Sunday,Beverages,Sunny,0,1,0.0,73.8,524.0,172.0,327.0
2023-09-27,Wednesday,Burgers,Sunny,0,0,0.0,132.89,312.0,121.0,293.0
2029-10-27,Saturday,Fries,Sunny,0,1,0.0,84.26,372.0,168.0,320.0
2029-04-03,Tuesday,Beverages,Rainy,0,0,0.0,89.81,318.0,96.0,152.0
2025-07-14,Monday,Fries,Cloudy,0,0,1.0,83.73,438.0,145.0,266.0
2025-10-12,Sunday,Burgers,Sunny,0,1,0.0,173.09,340.0,163.0,334.0
2023-08-03,Thursday,Fries,Cloudy,0,0,0.0,67.16,362.0,135.0,259.0
2022-11-25,Friday,Beverages,Sunny,0,0,0.0,63.57,301.0,125.0,
2027-05-12,Wednesday,Beverages,Rainy,0,0,1.0,83.63,306.0,183.0,403.0
2024-06-11,Tuesday,Breakfast,Rainy,0,0,1.0,126.83,370.0,141.0,304.0
2027-03-26,Friday,Fries,Cold,0,0,1.0,55.31,197.0,136.0,344.0
2024-02-20,Tuesday,McNuggets,Cloudy,0,0,0.0,119.22,179.0,110.0,240.0
2022-06-09,Thursday,McNuggets,Sunny,0,0,1.0,122.14,274.0,184.0,408.0
2028-08-22,Tuesday,Desserts,Rainy,0,0,0.0,75.55,257.0,93.0,171.0
2026-09-09,Wednesday,Breakfast,Sunny,0,0,0.0,135.81,306.0,149.0,334.0
2029-03-26,Monday,Burgers,Hot,0,0,0.0,175.69,415.0,134.0,265.0
2022-03-03,Thursday,Fries,Sunny,0,0,0.0,101.9,204.0,119.0,300.0
2024-04-29,Monday,McNuggets,Sunny,0,0,0.0,130.3,,113.0,237.0
2028-10-11,Wednesday,Desserts,Cloudy,0,0,1.0,62.79,559.0,160.0,290.0
2030-01-05,Saturday,Breakfast,Hot,0,1,0.0,70.29,146.0,153.0,360.0
2027-05-09,Sunday,Desserts,Cloudy,0,1,1.0,111.25,238.0,176.0,476.0
2024-11-09,Saturday,McNuggets,Rainy,0,1,0.0,134.65,275.0,141.0,278.0
2028-12-01,Friday,Burgers,Rainy,1,0,0.0,118.85,148.0,152.0,346.0
2026-03-25,Wednesday,Desserts,Cloudy,0,0,0.0,113.38,403.0,119.0,218.0
2027-06-23,Wednesday,Fries,Rainy,0,0,0.0,86.02,346.0,88.0,181.0
2026-08-05,Wednesday,Beverages,Cold,0,0,1.0,78.78,419.0,180.0,
2024-12-06,Friday,Fries,Cloudy,0,0,0.0,106.5,223.0,84.0,166.0
2022-02-23,Wednesday,Desserts,Sunny,0,0,0.0,72.05,304.0,136.0,250.0
2028-10-08,Sunday,Desserts,Sunny,0,1,0.0,119.9,330.0,144.0,287.0
2022-09-16,Friday,McNuggets,,0,0,1.0,151.99,215.0,149.0,391.0
2023-05-21,Sunday,Burgers,Rainy,0,1,1.0,147.09,256.0,176.0,402.0
2024-01-23,Tuesday,McNuggets,Cloudy,0,0,0.0,129.35,268.0,126.0,278.0
2027-08-06,Friday,Burgers,Rainy,0,0,,166.99,226.0,159.0,342.0
2022-08-06,Saturday,Breakfast,Sunny,0,1,0.0,133.76,261.0,148.0,290.0
2024-04-04,Thursday,Beverages,Sunny,0,0,0.0,72.17,313.0,135.0,300.0
2026-04-25,Saturday,Burgers,Cloudy,0,1,0.0,182.08,237.0,142.0,339.0
2027-06-28,Monday,Fries,Hot,0,0,0.0,57.88,435.0,160.0,331.0
2029-08-01,Wednesday,McNuggets,Cold,1,0,0.0,91.77,336.0,143.0,406.0
2025-10-21,Tuesday,Beverages,Sunny,0,0,0.0,94.13,257.0,113.0,239.0
2028-12-08,Friday,Burgers,Hot,0,0,1.0,120.09,212.0,195.0,372.0
2025-06-20,Friday,Fries,Rainy,0,0,0.0,80.91,332.0,130.0,267.0
2028-10-31,Tuesday,Beverages,Cloudy,0,0,1.0,75.09,287.0,144.0,424.0
2026-11-06,Friday,Beverages,Sunny,0,0,0.0,70.99,379.0,132.0,338.0
2024-02-11,Sunday,Breakfast,Cold,0,1,1.0,93.72,278.0,180.0,431.0
2029-10-07,Sunday,Desserts,Cold,0,1,0.0,91.21,208.0,134.0,335.0
2026-12-23,Wednesday,Breakfast,Hot,0,0,1.0,119.02,211.0,174.0,356.0
2029-06-11,Monday,Breakfast,Sunny,0,0,1.0,87.69,383.0,195.0,418.0
2024-12-21,Saturday,Beverages,Sunny,0,1,0.0,78.68,226.0,147.0,301.0
2026-11-14,Saturday,Fries,Sunny,0,1,1.0,98.68,431.0,205.0,560.0
2026-05-10,Sunday,McNuggets,Rainy,0,1,0.0,152.14,319.0,142.0,233.0
2025-08-18,Monday,Fries,Cold,0,0,0.0,68.33,311.0,104.0,180.0
2029-05-26,Saturday,Burgers,Rainy,0,1,0.0,118.53,279.0,166.0,366.0
2026-06-02,Tuesday,Fries,cloudy,0,0,0.0,74.16,505.0,117.0,194.0
2029-01-30,Tuesday,Burgers,Cloudy,0,0,1.0,143.14,205.0,206.0,492.0
2029-04-24,Tuesday,McNuggets,Hot,0,0,1.0,116.94,406.0,180.0,378.0
2028-06-22,Thursday,McNuggets,,0,0,0.0,109.53,257.0,142.0,270.0
2026-10-06,Tuesday,Beverages,Rainy,0,0,0.0,55.73,239.0,108.0,256.0
2026-10-07,Wednesday,Breakfast,Rainy,0,0,0.0,81.58,298.0,83.0,111.0
2029-10-31,Wednesday,Desserts,Cloudy,0,0,0.0,113.74,278.0,98.0,255.0
2025-03-09,Sunday,Breakfast,Cloudy,0,1,0.0,97.42,374.0,143.0,318.0
2024-08-21,Wednesday,Fries,Rainy,0,0,0.0,85.25,368.0,99.0,185.0
2030-01-15,Tuesday,Breakfast,Rainy,1,0,0.0,125.46,225.0,106.0,214.0
2026-09-18,Friday,Burgers,Sunny,0,0,1.0,128.49,173.0,174.0,403.0
2023-02-03,Friday, fries,Sunny,0,0,0.0,104.18,347.0,96.0,200.0
2023-08-08,Tuesday,McNuggets,Cloudy,0,0,0.0,165.5,215.0,121.0,214.0
2024-08-06,Tuesday,Desserts,Sunny,0,0,1.0,85.8,113.0,159.0,274.0
2023-12-06,Wednesday,Burgers,Cold,0,0,0.0,137.69,302.0,105.0,181.0
2023-03-08,Wednesday,Breakfast,Cold,0,0,1.0,83.22,322.0,145.0,216.0
2022-10-20,Thursday,Breakfast,Cloudy,0,0,1.0,107.68,377.0,155.0,335.0
2022-05-26,Thursday,Burgers,Cloudy,0,0,0.0,142.88,358.0,132.0,238.0
2022-11-20,Sunday,Fries,Rainy,0,1,0.0,78.58,342.0,167.0,370.0
2028-12-18,Monday,McNuggets,Hot,0,0,0.0,128.5,423.0,112.0,289.0
2025-03-11,Tuesday,Breakfast,Cloudy,0,0,0.0,78.79,341.0,98.0,173.0
2025-12-23,Tuesday,Desserts,Hot,0,0,0.0,108.45,281.0,119.0,224.0
2022-01-03,Monday,Breakfast,Sunny,0,0,1.0,120.74,316.0,164.0,344.0
2023-07-31,Monday,Burgers,Sunny,0,0,1.0,167.43,384.0,149.0,365.0
2028-05-17,Wednesday,McNuggets,Cloudy,0,0,1.0,156.95,434.0,167.0,363.0
2022-12-06,Tuesday,Burgers,Rainy,0,0,0.0,146.88,262.0,124.0,248.0
2027-01-17,Sunday,Beverages,Cloudy,0,1,0.0,92.77,377.0,131.0,274.0
2029-11-08,Thursday,Fries,Hot,0,0,0.0,89.58,233.0,136.0,292.0
2024-07-14,Sunday,Burgers,Sunny,0,1,0.0,117.35,355.0,187.0,371.0
2022-09-23,Friday,Breakfast,Sunny,0,0,0.0,73.13,360.0,89.0,178.0
2023-01-12,Thursday,Breakfast,Hot,0,0,1.0,118.67,299.0,161.0,345.0
2027-04-09,Friday,Breakfast,Sunny,0,0,1.0,122.51,156.0,150.0,289.0
2026-01-03,Saturday,McNuggets,Sunny,0,1,,162.92,348.0,166.0,321.0
2022-09-29,Thursday,Breakfast,Sunny,0,0,1.0,106.53,159.0,150.0,286.0
2023-11-28,Tuesday,Fries,Cold,0,0,0.0,67.7,394.0,79.0,157.0
2027-08-18,Wednesday,McNuggets,sunny,0,0,0.0,117.71,370.0,105.0,260.0
2022-09-02,Friday,Burgers,Rainy,0,0,1.0,149.4,333.0,162.0,343.0
2029-10-18,Thursday,Fries,Hot,0,0,0.0,99.77,349.0,137.0,291.0
2023-04-22,Saturday,Burgers,Cold,0,1,0.0,188.31,357.0,172.0,404.0
2026-10-21,Wednesday,Desserts,Hot,0,0,0.0,60.79,215.0,128.0,268.0
2027-01-15,Friday,Fries,Cold,1,0,0.0,102.0,332.0,159.0,435.0
2027-03-25,Thursday,Burgers,Cloudy,0,0,0.0,128.4,310.0,122.0,208.0
2026-10-02,Friday,Desserts,Sunny,0,0,0.0,64.7,469.0,128.0,354.0
2029-09-18,Tuesday,Burgers,Rainy,0,0,0.0,127.73,263.0,104.0,169.0
2030-03-08,Friday,McNuggets,Rainy,0,0,1.0,151.98,419.0,158.0,351.0
2027-06-11,Friday,Beverages,Rainy,0,0,0.0,47.37,431.0,113.0,283.0
2030-02-22,Friday,Fries,Sunny,0,0,0.0,63.7,186.0,110.0,248.0
2022-09-08,Thursday,Fries,Cloudy,0,0,0.0,57.33,199.0,129.0,242.0
2023-02-18,Saturday,McNuggets,Cloudy,0,1,0.0,98.83,435.0,160.0,351.0
2023-06-30,Friday,Fries,Sunny,0,0,0.0,60.9,198.0,110.0,243.0
2025-04-08,Tuesday,McNuggets,Hot,0,0,0.0,161.09,223.0,137.0,239.0
2024-01-09,Tuesday,Beverages,Hot,0,0,0.0,62.15,314.0,120.0,271.0
2022-11-07,Monday,Beverages,Rainy,0,0,0.0,59.57,393.0,117.0,211.0
2026-10-15,Thursday,Breakfast,Cloudy,1,0,0.0,101.58,423.0,147.0,344.0
2024-06-12,Wednesday,Fries,Cloudy,0,0,,94.54,268.0,106.0,209.0
2025-02-05,Wednesday,Beverages,Sunny,0,0,0.0,57.78,248.0,93.0,1086.0
2025-12-20,Saturday,McNuggets,Hot,0,1,0.0,169.5,168.0,158.0,374.0
2030-01-20,Sunday,McNuggets,Sunny,0,1,0.0,100.31,365.0,152.0,370.0
2022-01-16,Sunday,Burgers,Cloudy,0,1,1.0,115.94,415.0,177.0,457.0
2027-07-08,Thursday,Beverages,Sunny,0,0,0.0,93.12,226.0,127.0,233.0
2023-12-23,Saturday,Burgers,Hot,0,1,0.0,146.99,439.0,181.0,397.0
2025-11-21,Friday,Fries,Sunny,0,0,0.0,65.31,325.0,135.0,299.0
2029-04-20,Friday,Burgers,Rainy,0,0,1.0,155.94,330.0,146.0,354.0
2024-09-08,Sunday,Breakfast,Hot,0,1,0.0,112.23,413.0,144.0,254.0
2028-04-07,Friday,Beverages,Sunny,0,0,0.0,69.22,318.0,133.0,265.0
2026-03-20,Friday,Beverages,Sunny,0,0,0.0,71.35,275.0,147.0,320.0
2029-01-05,Friday,McNuggets,Cold,0,0,1.0,110.3,153.0,175.0,455.0
2026-03-31,Tuesday,Desserts,Cold,0,0,1.0,80.48,416.0,167.0,409.0
2028-09-17,Sunday,Desserts,Sunny,0,1,0.0,93.53,218.0,135.0,287.0
2022-12-30,Friday,Beverages,Sunny,0,0,0.0,55.67,262.0,137.0,297.0
2024-09-09,Monday,Burgers,Sunny,0,0,1.0,134.96,267.0,185.0,382.0
2022-07-02,Saturday,Desserts,Cloudy,0,1,0.0,57.98,220.0,147.0,332.0
2024-09-12,Thursday,Beverages,Cold,0,0,0.0,75.7,419.0,114.0,252.0
2027-08-14,Saturday,Beverages,Hot,0,1,0.0,52.34,359.0,193.0,430.0
2025-04-09,Wednesday,Burgers,Rainy,0,0,1.0,128.15,240.0,195.0,393.0
2022-05-26,Thursday,Burgers,Cloudy,0,0,0.0,142.88,358.0,132.0,238.0
2029-08-24,Friday,Beverages,Cold,0,0,0.0,99.56,278.0,148.0,340.0
2025-01-26,Sunday,Desserts,Cloudy,1,1,0.0,67.46,537.0,183.0,432.0
2022-07-07,Thursday,Beverages,Cloudy,0,0,0.0,45.0,211.0,124.0,183.0
2023-09-12,Tuesday,Breakfast,Sunny,0,0,1.0,83.33,195.0,130.0,319.0
2026-07-29,Wednesday,Fries,Cloudy,0,0,1.0,104.99,168.0,172.0,392.0
2025-03-21,Friday,Beverages,Cold,0,0,0.0,48.57,358.0,107.0,250.0
2025-03-28,Friday,McNuggets,Rainy,0,0,1.0,121.03,140.0,159.0,348.0
2028-08-09,Wednesday,Beverages,Hot,0,0,0.0,49.0,523.0,132.0,216.0
2028-02-06,Sunday,McNuggets,Cold,0,1,0.0,165.42,294.0,,265.0
2023-09-07,Thursday,Desserts,Cloudy,0,0,0.0,118.79,310.0,108.0,169.0
2026-02-22,Sunday,Burgers,Rainy,0,1,0.0,145.4,323.0,150.0,272.0
2026-01-06,Tuesday,Desserts,Sunny,0,0,1.0,79.68,221.0,142.0,351.0
2023-02-06,Monday,Desserts,Sunny,0,0,1.0,70.58,459.0,148.0,306.0
2024-09-21,Saturday,Fries,Cloudy,0,1,1.0,61.85,326.0,209.0,493.0
2024-07-23,Tuesday,Burgers,Cloudy,0,0,1.0,134.28,289.0,153.0,287.0
2023-01-07,Saturday,Burgers,Rainy,0,1,0.0,125.34,288.0,145.0,373.0
2029-08-27,Monday,McNuggets,Hot,0,0,0.0,159.76,470.0,121.0,193.0
2028-02-01,Tuesday,Burgers,Sunny,0,0,0.0,171.19,404.0,101.0,198.0
2023-08-17,Thursday,Fries,Rainy,0,0,1.0,76.83,221.0,147.0,379.0
2029-02-28,Wednesday,Burgers,Hot,0,0,1.0,172.86,270.0,176.0,443.0
2023-12-28,Thursday,Burgers,Sunny,0,0,0.0,175.68,161.0,165.0,267.0
2024-04-06,Saturday,Fries,Cloudy,0,1,0.0,81.16,416.0,155.0,280.0
2028-01-12,Wednesday,Beverages,Rainy,0,0,1.0,78.36,273.0,117.0,320.0
2023-11-19,Sunday,Fries,Cloudy,0,1,0.0,71.39,404.0,130.0,325.0
2028-02-21,Monday,McNuggets,Cloudy,0,0,0.0,103.68,331.0,117.0,256.0
2022-05-17,Tuesday,Beverages,Hot,0,0,0.0,81.35,279.0,98.0,158.0
2029-01-24,Wednesday,Burgers,,0,0,0.0,118.72,244.0,136.0,317.0
2023-09-21,Thursday,Burgers,Hot,0,0,0.0,113.81,92.0,173.0,405.0
2022-12-01,Thursday,Burgers,Cold,1,0,0.0,140.92,320.0,156.0,368.0
2023-01-26,Thursday,Desserts,Cloudy,1,0,0.0,,306.0,131.0,314.0
2028-05-26,Friday,Fries,Rainy,0,0,0.0,64.8,390.0,115.0,235.0
2025-01-14,Tuesday,Burgers,Rainy,0,0,0.0,123.41,312.0,129.0,286.0
2030-01-02,Wednesday,Burgers,Rainy,0,0,1.0,188.35,252.0,,385.0
2029-12-21,Friday,Burgers,Cold,0,0,1.0,158.26,337.0,158.0,319.0
2023-12-12,Tuesday,Breakfast,Sunny,0,0,0.0,83.16,392.0,113.0,250.0
2024-11-05,Tuesday,Fries,Rainy,0,0,0.0,60.49,168.0,105.0,228.0
2028-07-22,Saturday,Desserts,Rainy,0,1,1.0,105.15,360.0,194.0,382.0
2027-03-27,Saturday,Desserts,Rainy,0,1,0.0,95.59,335.0,135.0,270.0
2029-03-12,Monday,McNuggets,Cloudy,0,0,1.0,128.85,415.0,181.0,452.0
2026-04-11,Saturday,Fries,Sunny,0,1,0.0,107.7,348.0,144.0,285.0
2029-12-01,Saturday,McNuggets,Rainy,1,1,1.0,94.45,196.0,230.0,536.0
2026-05-14,Thursday,McNuggets,Cloudy,0,0,0.0,158.78,395.0,152.0,302.0
2029-11-22,Thursday,Burgers,Cloudy,0,0,0.0,123.58,281.0,91.0,203.0
2028-12-26,Tuesday,Burgers,Cloudy,1,0,0.0,167.93,489.0,160.0,352.0
2025-01-17,Friday,Fries,Sunny,0,0,0.0,93.74,373.0,164.0,320.0
2023-04-11,Tuesday,Fries,Rainy,0,0,0.0,107.51,314.0,93.0,151.0
2026-04-10,Friday,Fries,Rainy,0,0,1.0,61.48,396.0,143.0,377.0
2025-05-08,Thursday,Desserts,Hot,0,0,0.0,68.23,233.0,111.0,226.0
2028-05-03,Wednesday,Desserts,Cloudy,0,0,0.0,116.14,246.0,110.0,186.0
2022-12-08,Thursday,Beverages,Rainy,0,0,0.0,74.78,262.0,96.0,175.0
2028-07-04,Tuesday,Fries,Rainy,0,0,0.0,95.94,237.0,88.0,210.0
2026-02-17,Tuesday,McNuggets,Rainy,0,0,0.0,147.04,229.0,57.0,133.0
2025-01-09,Thursday,Desserts,Sunny,0,0,0.0,99.21,194.0,123.0,180.0
2023-10-23,Monday,Fries,Cloudy,0,0,0.0,85.81,422.0,106.0,150.0
2022-12-05,Monday,Beverages,Rainy,0,0,0.0,62.08,252.0,128.0,270.0
2022-08-04,Thursday,Fries,Sunny,0,0,1.0,73.12,455.0,158.0,291.0
2026-06-04,Thursday,McNuggets,Cloudy,0,0,0.0,130.9,245.0,134.0,325.0
2027-06-04,Friday,Burgers,Cold,0,0,0.0,165.41,329.0,86.0,224.0
2028-12-20,Wednesday,Beverages,Sunny,0,0,0.0,,319.0,148.0,333.0
2029-10-09,Tuesday,Breakfast,Rainy,0,0,1.0,76.53,255.0,122.0,346.0
2026-05-12,Tuesday,Burgers,Cloudy,0,0,1.0,142.73,434.0,175.0,408.0
2027-03-13,Saturday,Burgers,Sunny,0,1,0.0,127.28,475.0,178.0,392.0
2026-10-10,Saturday,Burgers,Cold,0,1,0.0,152.13,307.0,175.0,360.0
2028-12-28,Thursday,Desserts,Rainy,0,0,0.0,97.54,184.0,101.0,190.0
2024-03-27,Wednesday,McNuggets,Cloudy,0,0,0.0,137.68,246.0,123.0,259.0
2024-12-03,Tuesday,Burgers,Cold,0,0,0.0,170.17,137.0,163.0,298.0
2029-07-29,Sunday,Beverages,Sunny,0,1,1.0,59.13,464.0,211.0,479.0
2022-10-02,Sunday,Beverages,Hot,0,1,0.0,84.57,418.0,170.0,311.0
2028-03-22,Wednesday,Beverages,Sunny,0,0,0.0,75.99,214.0,159.0,305.0
2024-05-15,Wednesday,Beverages,Cloudy,0,0,0.0,45.28,291.0,98.0,141.0
2022-04-12,Tuesday,McNuggets,Hot,0,0,1.0,153.36,307.0,171.0,449.0
2026-02-10,Tuesday,Beverages,Cloudy,0,0,1.0,46.45,228.0,176.0,466.0
2027-12-17,Friday,Fries,Cold,0,0,0.0,88.01,216.0,155.0,331.0
2022-06-21,Tuesday,Burgers,Sunny,0,0,0.0,178.43,260.0,154.0,323.0
2022-04-18,Monday,Breakfast,Sunny,0,0,0.0,126.79,354.0,102.0,164.0
2029-11-27,Tuesday,Beverages,Cold,0,0,0.0,61.38,345.0,128.0,208.0
2026-03-02,Monday,Desserts,Rainy,0,0,0.0,97.52,472.0,107.0,242.0
2022-10-10,Monday,Fries,Hot,0,0,1.0,94.68,304.0,191.0,470.0
2028-02-08,Tuesday,Fries,Rainy,0,0,0.0,79.21,226.0,98.0,174.0
2027-07-14,Wednesday,Desserts,Rainy,0,0,0.0,99.19,337.0,77.0,113.0
2028-07-05,Wednesday,Breakfast,Cloudy,0,0,0.0,102.69,206.0,105.0,219.0
2030-03-11,Monday,Breakfast,Cloudy,0,0,0.0,80.89,335.0,77.0,163.0
2030-01-13,Sunday,McNuggets,Cloudy,0,1,0.0,121.04,312.0,155.0,287.0
2029-11-24,Saturday,Burgers,Cloudy,0,1,1.0,167.46,273.0,205.0,526.0
2029-04-13,Friday,McNuggets,Rainy,0,0,1.0,113.9,306.0,167.0,415.0
2029-02-20,Tuesday,Fries,Cold,0,0,0.0,64.19,312.0,115.0,231.0
2028-11-05,Sunday,Breakfast,Cloudy,0,1,0.0,91.58,263.0,131.0,251.0
2022-10-23,Sunday,Beverages,Sunny,0,1,1.0,94.62,507.0,189.0,530.0
2023-12-14,Thursday,Beverages,Rainy,0,0,1.0,59.18,169.0,110.0,290.0
2022-03-14,Monday,Burgers,Cloudy,0,0,0.0,143.83,370.0,116.0,279.0
2027-07-10,Saturday,Fries,Sunny,0,1,0.0,,461.0,154.0,344.0
2028-04-16,Sunday,Burgers,Rainy,0,1,0.0,120.55,394.0,123.0,339.0
2029-02-06,Tuesday,Beverages,Cold,0,0,1.0,61.19,414.0,167.0,354.0
2025-04-13,Sunday,Breakfast,Cloudy,0,1,1.0,84.1,457.0,176.0,333.0
2023-04-27,Thursday,McNuggets,Rainy,0,0,0.0,113.3,313.0,98.0,189.0
2028-02-24,Thursday,Beverages,Rainy,0,0,0.0,87.53,196.0,91.0,107.0
2026-03-11,Wednesday,Fries,Sunny,0,0,0.0,96.16,319.0,116.0,212.0
2029-01-29,Monday,McNuggets,Sunny,0,0,0.0,143.1,407.0,89.0,216.0
2026-02-23,Monday,Burgers,Rainy,0,0,0.0,161.76,261.0,129.0,251.0
2030-03-15,Friday,Desserts,Rainy,0,0,0.0,50.33,250.0,77.0,168.0
2026-01-30,Friday,Fries,Sunny,0,0,0.0,68.56,355.0,,287.0
2025-03-17,Monday,Desserts,Cold,0,0,1.0,59.79,442.0,171.0,399.0
2028-10-17,Tuesday,Desserts,Sunny,0,0,0.0,77.24,301.0,134.0,279.0
2027-10-17,Sunday,Burgers,Rainy,0,1,0.0,180.13,289.0,149.0,347.0
2028-04-17,Monday,Burgers,Cloudy,0,0,0.0,163.15,310.0,145.0,304.0
2028-02-22,Tuesday,Desserts,Cold,0,0,0.0,79.81,254.0,87.0,128.0
2028-04-18,Tuesday,Fries,Sunny,0,0,1.0,66.77,295.0,192.0,490.0
2023-02-10,Friday,Desserts,Hot,0,0,1.0,78.5,221.0,155.0,287.0
2024-01-28,Sunday,Beverages,Cloudy,0,1,0.0,99.54,483.0,151.0,274.0
2029-12-30,Sunday,Fries,Sunny,0,1,0.0,100.27,365.0,168.0,425.0
2028-01-21,Friday,Breakfast,Sunny,0,0,1.0,119.73,264.0,139.0,385.0
2027-04-25,Sunday,Burgers,Cloudy,0,1,0.0,159.79,419.0,177.0,329.0
2022-04-08,Friday,Beverages,Sunny,0,0,1.0,49.74,210.0,138.0,367.0
2025-08-26,Tuesday,Desserts,Rainy,1,0,0.0,98.58,471.0,142.0,376.0
2028-08-14,Monday,Burgers,Cloudy,0,0,0.0,140.06,464.0,141.0,350.0
2024-01-14,Sunday,Beverages,Sunny,0,1,1.0,82.62,252.0,220.0,548.0
2024-03-17,Sunday,Desserts,Cloudy,0,1,1.0,101.72,442.0,182.0,434.0
2029-09-03,Monday,Desserts,,0,0,0.0,76.14,377.0,88.0,1015.0
2027-05-15,Saturday,Burgers,Cloudy,0,1,1.0,135.2,114.0,217.0,529.0
2028-12-05,Tuesday,McNuggets,Cloudy,0,0,1.0,167.71,256.0,123.0,235.0
2026-03-16,Monday,Burgers,Rainy,0,0,1.0,144.23,514.0,157.0,321.0
2028-10-07,Saturday,Desserts,Cloudy,0,1,0.0,65.08,222.0,137.0,335.0
2027-11-03,Wednesday,Beverages,Sunny,0,0,1.0,62.82,306.0,185.0,448.0
2022-05-29,Sunday,Burgers,Hot,0,1,0.0,142.74,371.0,135.0,304.0
2027-01-08,Friday,Breakfast,Sunny,0,0,1.0,87.88,182.0,137.0,282.0
2027-09-11,Saturday,Breakfast,Cloudy,0,1,0.0,127.34,190.0,145.0,363.0
2027-05-21,Friday,Burgers,Cold,0,0,0.0,121.96,238.0,120.0,235.0
2025-08-08,Friday,McNuggets,Sunny,0,0,1.0,,142.0,201.0,458.0
2023-11-24,Friday,Beverages,Hot,0,0,0.0,66.63,285.0,139.0,319.0
2024-03-29,Friday,Burgers,Hot,0,0,1.0,139.15,360.0,175.0,392.0
2026-09-25,Friday,Breakfast,Hot,0,0,1.0,82.39,263.0,91.0,267.0
2025-10-18,Saturday,Breakfast,Cold,0,1,0.0,79.13,178.0,120.0,226.0
2028-04-28,Friday,Fries,Cold,0,0,0.0,58.74,169.0,125.0,325.0
2028-12-17,Sunday,Breakfast,Hot,0,1,1.0,126.7,209.0,195.0,431.0
2026-05-19,Tuesday,Desserts,Sunny,0,0,0.0,83.17,501.0,88.0,215.0
2028-07-17,Monday,McNuggets,Hot,0,0,0.0,122.55,275.0,115.0,184.0
2028-10-22,Sunday,Beverages,Sunny,0,1,0.0,63.89,438.0,156.0,314.0
2023-12-03,Sunday,Burgers,Rainy,0,1,1.0,127.2,311.0,170.0,387.0
2027-04-24,Saturday,Burgers,Hot,0,1,0.0,111.62,271.0,182.0,425.0
2029-05-13,Sunday,Beverages,Rainy,0,1,0.0,80.94,314.0,128.0,358.0
2024-07-10,Wednesday,Beverages,Cloudy,0,0,0.0,92.84,388.0,118.0,285.0
2025-11-25,Tuesday,Desserts,Cloudy,0,0,0.0,104.67,205.0,125.0,209.0
2026-09-05,Saturday,McNuggets,Hot,0,1,0.0,142.97,483.0,192.0,324.0
2024-06-24,Monday,Desserts,sunny,0,0,0.0,77.4,454.0,77.0,134.0
2023-03-31,Friday,Burgers,Cold,0,0,1.0,178.75,179.0,178.0,308.0
2027-10-10,Sunday,Fries,Hot,0,1,1.0,71.08,265.0,205.0,424.0
2027-10-22,Friday,Breakfast,Cloudy,0,0,0.0,122.23,189.0,95.0,165.0
2028-05-21,Sunday,McNuggets,Sunny,0,1,1.0,160.93,416.0,188.0,416.0
2027-01-06,Wednesday,McNuggets,Hot,0,0,0.0,99.73,262.0,127.0,279.0
2022-06-17,Friday,Burgers,Sunny,0,0,1.0,123.78,268.0,168.0,404.0
2024-01-01,Monday,Burgers,Sunny,1,0,0.0,121.07,535.0,179.0,438.0
2027-12-26,Sunday,Desserts,Cold,1,1,0.0,119.31,429.0,163.0,363.0
2025-08-03,Sunday,Burgers,Sunny,0,1,1.0,188.11,368.0,-5.0,538.0
2022-01-27,Thursday,Burgers,Cold,0,0,1.0,155.14,378.0,169.0,359.0
2028-09-04,Monday,Beverages,Sunny,0,0,0.0,93.95,317.0,-5.0,263.0
2026-07-11,Saturday,Fries,,0,1,0.0,101.44,177.0,165.0,346.0
2026-06-11,Thursday,Beverages,Sunny,0,0,0.0,78.81,256.0,121.0,228.0
2023-08-11,Friday,Burgers,Hot,0,0,0.0,142.53,289.0,176.0,414.0
2025-11-02,Sunday,Burgers,Cloudy,0,1,0.0,132.3,336.0,161.0,378.0
2024-09-24,Tuesday,Burgers,Cloudy,0,0,1.0,185.74,227.0,171.0,394.0
2025-03-22,Saturday,Breakfast,Rainy,0,1,1.0,123.39,237.0,182.0,431.0
2026-08-28,Friday,Desserts,Sunny,0,0,1.0,62.91,175.0,138.0,304.0
2024-11-06,Wednesday,Beverages,Hot,0,0,1.0,95.71,199.0,157.0,352.0
2022-02-03,Thursday,Desserts,Sunny,0,0,0.0,108.33,366.0,141.0,259.0
2027-12-27,Monday,Desserts,Rainy,0,0,0.0,56.35,357.0,94.0,189.0
2028-07-24,Monday,Burgers,Sunny,0,0,,171.09,468.0,97.0,195.0
2025-10-11,Saturday,McNuggets,Cloudy,0,1,0.0,152.15,306.0,166.0,351.0
2022-02-11,Friday,Beverages,Cold,0,0,0.0,62.4,290.0,127.0,287.0
2028-08-21,Monday,Fries,Cloudy,0,0,0.0,100.72,291.0,114.0,261.0
2028-01-26,Wednesday,Breakfast,,1,0,0.0,100.26,283.0,129.0,311.0
2029-03-23,Friday,Desserts,Sunny,0,0,0.0,83.72,84.0,129.0,286.0
2027-07-31,Saturday,Burgers,Cold,0,1,1.0,130.37,190.0,224.0,513.0
2027-02-15,Monday,Burgers,Sunny,0,0,0.0,159.77,426.0,167.0,371.0
2029-02-24,Saturday,Burgers,Rainy,0,1,1.0,129.12,211.0,199.0,510.0
2023-09-02,Saturday,McNuggets,Cold,0,1,0.0,148.98,404.0,157.0,388.0
2025-02-06,Thursday,Burgers,Rainy,0,0,0.0,159.92,217.0,103.0,237.0
2022-01-29,Saturday,McNuggets,Rainy,0,1,1.0,169.76,303.0,199.0,418.0
2023-03-18,Saturday,Desserts,Cloudy,0,1,0.0,57.31,226.0,144.0,242.0
2027-07-02,Friday,Burgers,Sunny,0,0,0.0,164.08,159.0,149.0,338.0
2027-12-28,Tuesday,Breakfast,Cloudy,0,0,1.0,116.71,207.0,156.0,372.0
2023-05-09,Tuesday,Burgers,Cold,0,0,0.0,124.33,172.0,93.0,219.0
2025-06-12,Thursday,Burgers,Cloudy,0,0,1.0,179.87,258.0,196.0,484.0
2025-07-25,Friday,Desserts,,0,0,0.0,107.44,280.0,85.0,148.0
2029-01-14,Sunday,Beverages,Cold,0,1,0.0,60.18,274.0,165.0,332.0
2029-08-07,Tuesday,Beverages,Cloudy,0,0,0.0,61.83,403.0,126.0,376.0
2025-10-14,Tuesday,Desserts,Rainy,0,0,1.0,67.8,252.0,170.0,398.0
2025-07-28,Monday,McNuggets,Hot,0,0,0.0,110.69,520.0,130.0,260.0
2022-08-25,Thursday,Fries,Sunny,1,0,0.0,56.04,346.0,151.0,311.0
2023-07-06,Thursday,Breakfast,,0,0,0.0,136.24,291.0,110.0,191.0
2023-06-05,Monday,McNuggets,Sunny,0,0,0.0,115.79,473.0,146.0,209.0
2028-02-23,Wednesday,Breakfast,Rainy,0,0,0.0,83.1,125.0,77.0,181.0
2025-05-17,Saturday,Burgers,Cloudy,0,1,0.0,178.84,253.0,140.0,350.0
2025-02-12,Wednesday,Beverages,Rainy,0,0,0.0,76.19,241.0,108.0,277.0
2023-12-22,Friday,Desserts,Cloudy,0,0,1.0,103.91,148.0,167.0,445.0
2024-01-06,Saturday,Desserts,Cloudy,0,1,0.0,92.32,198.0,129.0,266.0
2029-05-10,Thursday,Burgers,Cloudy,0,0,0.0,114.7,282.0,117.0,271.0
2026-10-17,Saturday,Beverages,Cloudy,0,1,0.0,68.45,189.0,151.0,327.0
2022-02-28,Monday,Burgers,Sunny,0,0,1.0,127.61,393.0,137.0,287.0
2023-09-24,Sunday,Desserts,Sunny,0,1,0.0,98.67,339.0,181.0,387.0
2025-03-27,Thursday,Fries,Rainy,0,0,0.0,80.88,192.0,75.0,137.0
2028-02-09,Wednesday,Breakfast,Rainy,0,0,0.0,125.72,168.0,123.0,231.0
2023-08-16,Wednesday,Burgers,Rainy,0,0,0.0,169.12,340.0,103.0,229.0
2025-07-27,Sunday,Beverages,Rainy,0,1,1.0,99.89,457.0,190.0,542.0
2025-10-19,Sunday,Burgers,Sunny,0,1,1.0,188.05,218.0,204.0,482.0
2029-04-02,Monday,Beverages,Rainy,0,0,1.0,45.91,329.0,126.0,320.0
2029-04-17,Tuesday,McNuggets,Rainy,0,0,0.0,153.61,332.0,124.0,214.0
2030-01-22,Tuesday,McNuggets,Hot,0,0,1.0,158.76,350.0,172.0,427.0
2024-07-28,Sunday,McNuggets,Cloudy,0,1,0.0,149.94,268.0,183.0,315.0
2029-09-23,Sunday,McNuggets,Rainy,0,1,0.0,124.91,451.0,149.0,385.0
2025-06-03,Tuesday,McNuggets,Cold,0,0,1.0,91.59,112.0,171.0,449.0
2024-06-23,Sunday,Beverages,Hot,0,1,0.0,95.45,502.0,179.0,437.0
2029-01-19,Friday,McNuggets,Sunny,0,0,0.0,102.13,254.0,175.0,337.0
2025-07-03,Thursday,Beverages,Cloudy,0,0,0.0,68.67,365.0,134.0,244.0
2028-08-27,Sunday,McNuggets,Rainy,0,1,0.0,105.42,389.0,140.0,327.0
2029-12-23,Sunday,Desserts,Cloudy,0,1,0.0,114.37,428.0,118.0,246.0
2027-11-24,Wednesday,Breakfast,Hot,0,0,1.0,99.1,258.0,133.0,355.0
2028-08-12,Saturday,Desserts,Cloudy,0,1,0.0,71.38,311.0,108.0,267.0
2028-10-30,Monday,Beverages,Cloudy,0,0,0.0,75.03,433.0,138.0,283.0
2025-02-16,Sunday,McNuggets,Sunny,0,1,1.0,163.97,359.0,214.0,421.0
2028-08-06,Sunday,Beverages,Cloudy,0,1,0.0,66.93,388.0,145.0,345.0
2023-12-08,Friday,Fries,Hot,0,0,1.0,55.14,292.0,176.0,315.0
2029-04-28,Saturday,Desserts,Cold,0,1,0.0,52.58,274.0,138.0,325.0
2024-10-19,Saturday,Desserts,Rainy,0,1,1.0,113.65,323.0,182.0,434.0
2024-01-16,Tuesday,Desserts,Sunny,0,0,1.0,98.16,319.0,179.0,328.0
2026-03-27,Friday,Breakfast,Sunny,0,0,1.0,136.72,312.0,164.0,295.0
2029-08-18,Saturday,Desserts,Sunny,0,1,0.0,110.91,198.0,171.0,287.0
2028-01-31,Monday,Beverages,Cloudy,0,0,0.0,67.08,396.0,166.0,394.0
2023-05-29,Monday,Desserts,Hot,0,0,1.0,98.88,454.0,171.0,371.0
2022-03-23,Wednesday,McNuggets,Cold,0,0,1.0,127.59,188.0,149.0,335.0
2029-05-18,Friday,Desserts,,0,0,0.0,68.28,323.0,139.0,267.0
2025-08-01,Friday,Fries,Hot,1,0,1.0,104.95,149.0,212.0,510.0
2028-11-30,Thursday,Fries,Sunny,0,0,0.0,96.61,144.0,98.0,146.0
2024-07-03,Wednesday,Beverages,Cold,0,0,0.0,69.83,275.0,102.0,
2025-11-05,Wednesday,McNuggets,Cold,0,0,0.0,167.84,118.0,124.0,237.0
2026-07-06,Monday,Breakfast,Sunny,0,0,0.0,129.34,422.0,104.0,242.0
2029-08-25,Saturday,Fries,Cold,1,1,1.0,65.06,365.0,268.0,555.0
2025-01-13,Monday,McNuggets,Cold,0,0,1.0,115.57,360.0,152.0,304.0
2022-05-31,Tuesday,Desserts,Rainy,0,0,0.0,88.04,372.0,101.0,192.0
2029-07-22,Sunday,Burgers,Cloudy,0,1,0.0,150.74,281.0,168.0,391.0
2024-02-14,Wednesday,Breakfast,Rainy,0,0,0.0,125.57,319.0,76.0,226.0
2022-11-26,Saturday,Fries,Rainy,0,1,0.0,99.53,263.0,157.0,350.0
2022-01-07,Friday,Burgers,Cold,0,0,0.0,134.09,438.0,144.0,204.0
2024-08-01,Thursday,Breakfast,Cloudy,1,0,0.0,,293.0,116.0,292.0
2024-04-02,Tuesday,Fries,Hot,0,0,1.0,92.32,294.0,153.0,376.0
2024-01-05,Friday,Fries,Sunny,0,0,0.0,96.04,405.0,100.0,201.0
2024-06-28,Friday,Fries,Cloudy,0,0,0.0,56.67,381.0,105.0,204.0
2023-04-14,Friday,Fries,Hot,0,0,1.0,83.17,218.0,148.0,385.0
2022-07-01,Friday,Burgers,Sunny,0,0,0.0,142.63,284.0,126.0,216.0
2022-06-14,Tuesday,Burgers,Sunny,0,0,0.0,186.8,279.0,156.0,287.0
2026-03-04,Wednesday,Burgers,Rainy,0,0,1.0,144.58,225.0,164.0,364.0
2023-03-28,Tuesday,Beverages,Rainy,0,0,1.0,79.44,170.0,154.0,341.0
2023-05-06,Saturday,Beverages,Sunny,0,1,0.0,72.57,382.0,204.0,395.0
2024-03-24,Sunday,Desserts,Rainy,0,1,1.0,104.41,333.0,182.0,405.0
2025-02-17,Monday,Beverages,Hot,0,0,0.0,66.87,429.0,144.0,251.0
2025-08-04,Monday,Desserts,Cold,0,0,0.0,69.69,569.0,134.0,226.0
2028-03-20,Monday,Burgers,Sunny,0,0,0.0,121.99,341.0,132.0,300.0
2025-01-16,Thursday,Fries,Cloudy,0,0,1.0,56.97,387.0,157.0,369.0
2030-03-10,Sunday,Burgers,Sunny,0,1,0.0,118.04,239.0,162.0,336.0
2027-08-05,Thursday,Beverages,Sunny,0,0,0.0,95.84,340.0,156.0,244.0
2025-12-12,Friday,Burgers,Hot,0,0,0.0,170.76,248.0,149.0,279.0
2027-05-07,Friday,McNuggets,Cloudy,0,0,0.0,107.87,219.0,133.0,211.0
2024-10-03,Thursday,McNuggets,Cloudy,0,0,0.0,92.57,402.0,118.0,280.0
2026-06-16,Tuesday,Beverages,Cloudy,0,0,0.0,73.89,417.0,156.0,344.0
2026-06-21,Sunday,McNuggets,Hot,0,1,0.0,107.59,358.0,192.0,479.0
2024-12-10,Tuesday,Desserts,Rainy,0,0,0.0,118.81,220.0,88.0,163.0
2023-08-02,Wednesday,Beverages,Hot,0,0,0.0,47.8,285.0,150.0,367.0
2028-04-25,Tuesday,Burgers,Cloudy,0,0,0.0,186.34,357.0,140.0,240.0
2028-07-01,Saturday,Beverages,Hot,0,1,1.0,68.82,230.0,227.0,542.0
2028-04-10,Monday,Fries,Sunny,0,0,0.0,72.49,491.0,121.0,281.0
2028-05-19,Friday,Fries,Sunny,0,0,1.0,100.87,249.0,132.0,295.0
2022-11-24,Thursday,McNuggets,Cloudy,0,0,0.0,106.64,415.0,133.0,314.0
2026-11-26,Thursday,Burgers,Sunny,0,0,0.0,172.93,270.0,132.0,265.0
2023-03-19,Sunday,Fries,Sunny,0,1,1.0,68.06,263.0,198.0,481.0
2027-02-02,Tuesday,Breakfast,Cold,0,0,0.0,126.98,172.0,93.0,191.0
2029-03-29,Thursday,Burgers,Rainy,0,0,0.0,131.56,261.0,142.0,246.0
2027-08-09,Monday,Burgers,Cloudy,0,0,1.0,113.22,331.0,171.0,430.0
2024-04-12,Friday,Burgers,Hot,0,0,0.0,123.01,,142.0,278.0
2028-07-30,Sunday,Beverages,Cold,0,1,0.0,93.47,428.0,145.0,299.0
2027-11-01,Monday,Burgers,Rainy,0,0,1.0,172.05,373.0,152.0,309.0
2025-11-15,Saturday,Beverages,Cloudy,0,1,0.0,96.59,339.0,166.0,398.0
2025-04-16,Wednesday,Burgers,Sunny,0,0,0.0,123.77,191.0,108.0,229.0
2028-05-31,Wednesday,Burgers,Sunny,0,0,0.0,140.65,241.0,162.0,319.0
2026-02-08,Sunday,Desserts,Cloudy,0,1,0.0,52.45,315.0,166.0,411.0
2027-05-05,Wednesday,Burgers,Cloudy,0,0,1.0,123.72,287.0,163.0,423.0
2022-03-28,Monday,McNuggets,Cloudy,0,0,1.0,121.92,284.0,145.0,390.0
2025-11-04,Tuesday,Breakfast,Cloudy,0,0,0.0,83.7,299.0,89.0,133.0
2030-02-08,Friday,Burgers,Cloudy,0,0,0.0,187.42,294.0,137.0,238.0
2028-06-09,Friday,Desserts,Cold,0,0,0.0,50.31,355.0,97.0,187.0
2026-01-21,Wednesday,Burgers,Cloudy,0,0,0.0,165.57,136.0,135.0,291.0
2024-02-17,Saturday,McNuggets,Rainy,0,1,0.0,169.61,421.0,131.0,244.0
2024-03-10,Sunday,Desserts,Rainy,0,1,0.0,115.12,311.0,151.0,365.0
2026-07-25,Saturday,Burgers,Sunny,0,1,0.0,110.27,153.0,193.0,334.0
2027-03-10,Wednesday,Beverages,Cloudy,0,0,0.0,78.67,239.0,123.0,290.0
2022-02-24,Thursday,FRIES ,Rainy,0,0,1.0,136.04,240.0,151.0,358.0
2028-07-18,Tuesday,Fries,Sunny,0,0,0.0,55.6,177.0,137.0,283.0
2025-07-11,Friday,Fries,Rainy,0,0,0.0,60.43,267.0,77.0,137.0
2027-04-05,Monday,McNuggets,Cold,0,0,0.0,147.34,299.0,122.0,264.0
2026-07-26,Sunday,Desserts,Hot,0,1,0.0,67.17,316.0,172.0,308.0
2029-03-03,Saturday,Breakfast,Rainy,0,1,0.0,134.25,296.0,136.0,247.0
2027-12-22,Wednesday,Burgers,Hot,0,0,0.0,182.44,286.0,147.0,322.0
2026-08-29,Saturday,Beverages,Sunny,0,1,1.0,69.37,304.0,165.0,429.0
2025-05-30,Friday,McNuggets,Cold,0,0,0.0,167.36,119.0,157.0,217.0
2022-04-24,Sunday,Breakfast,Sunny,0,1,0.0,102.27,363.0,145.0,251.0
2029-10-11,Thursday,Fries,Cloudy,0,0,0.0,55.68,117.0,138.0,334.0
2024-09-14,Saturday,Beverages,Cloudy,0,1,0.0,61.14,300.0,151.0,373.0
2023-05-17,Wednesday,Beverages,Hot,0,0,0.0,85.48,242.0,118.0,292.0
2027-12-20,Monday,Beverages,Cold,0,0,0.0,46.69,365.0,114.0,276.0
2024-10-06,Sunday,Beverages,Sunny,0,1,0.0,86.77,223.0,150.0,311.0
2025-04-13,Sunday,Breakfast,Cloudy,0,1,1.0,84.1,457.0,176.0,333.0
2025-10-26,Sunday,Fries,Cold,1,1,0.0,57.82,503.0,196.0,478.0
2023-08-13,Sunday,Burgers,Sunny,0,1,1.0,173.28,301.0,211.0,502.0
2024-02-08,Thursday,Fries,Sunny,0,0,1.0,109.23,246.0,189.0,409.0
2022-01-18,Tuesday,Beverages,Cloudy,0,0,0.0,89.71,227.0,126.0,231.0
2024-11-08,Friday,Fries,Cloudy,0,0,0.0,67.37,222.0,105.0,294.0
2025-12-18,Thursday,Breakfast,Hot,0,0,0.0,117.4,236.0,103.0,176.0
2028-11-08,Wednesday,Desserts,Cloudy,0,0,1.0,73.86,218.0,146.0,367.0
2022-10-13,Thursday,Burgers,Sunny,0,0,0.0,168.58,254.0,129.0,180.0
2029-04-25,Wednesday,Fries,Sunny,0,0,0.0,62.95,379.0,117.0,209.0
2023-03-05,Sunday,Fries,Hot,0,1,0.0,78.78,471.0,161.0,376.0
2025-08-21,Thursday,McNuggets,Sunny,0,0,0.0,129.31,289.0,109.0,183.0
2027-07-06,Tuesday,Desserts,Cloudy,0,0,0.0,117.22,,172.0,362.0
2023-11-01,Wednesday,Fries,Cloudy,0,0,0.0,98.05,309.0,109.0,188.0
2022-02-01,Tuesday,Burgers,Cloudy,0,0,0.0,166.82,241.0,138.0,272.0
2025-09-03,Wednesday,Beverages,Sunny,0,0,0.0,76.11,402.0,141.0,255.0
2023-12-24,Sunday,Burgers,Cold,0,1,1.0,167.13,397.0,190.0,454.0
2024-08-09,Friday,McNuggets,Hot,0,0,0.0,143.82,442.0,133.0,285.0
2027-03-30,Tuesday,Beverages,Sunny,0,0,0.0,92.25,329.0,125.0,291.0
2028-05-10,Wednesday,burgers,Sunny,0,0,0.0,-20.0,190.0,139.0,273.0
2022-08-03,Wednesday,McNuggets,Sunny,0,0,1.0,91.88,180.0,171.0,453.0
2024-09-16,Monday,Breakfast,Hot,0,0,0.0,127.11,294.0,100.0,137.0
2025-03-10,Monday,Burgers,Rainy,0,0,1.0,183.24,330.0,167.0,338.0
2029-09-27,Thursday,McNuggets,Rainy,0,0,0.0,117.18,262.0,116.0,187.0
2027-08-20,Friday,Beverages,Sunny,0,0,0.0,96.54,300.0,152.0,328.0
2022-11-23,Wednesday,Beverages,Hot,0,0,1.0,86.53,137.0,192.0,407.0
2023-07-15,Saturday,McNuggets,Cloudy,0,1,0.0,156.62,504.0,137.0,274.0
2025-10-15,Wednesday,Fries,Rainy,1,0,0.0,102.41,382.0,127.0,299.0
2026-09-21,Monday,McNuggets,Sunny,0,0,1.0,145.5,577.0,178.0,439.0
2024-12-22,Sunday,McNuggets,Sunny,0,1,0.0,147.29,290.0,133.0,231.0
2028-06-17,Saturday,Burgers,Cloudy,0,1,0.0,157.18,250.0,145.0,348.0
2022-12-08,Thursday,Beverages,Rainy,0,0,0.0,74.78,262.0,96.0,175.0
2026-07-12,Sunday,Fries,Hot,0,1,1.0,86.3,338.0,168.0,393.0
2022-05-28,Saturday,Beverages,Rainy,0,1,0.0,67.39,305.0,142.0,377.0
2028-06-25,Sunday,Beverages,Cloudy,0,1,1.0,98.98,296.0,217.0,531.0
2028-09-07,Thursday,Beverages,Sunny,0,0,0.0,74.98,279.0,128.0,265.0
2025-01-12,Sunday,Breakfast,Sunny,0,1,0.0,105.83,340.0,168.0,370.0
2024-04-28,Sunday,Beverages,Rainy,0,1,0.0,77.51,287.0,182.0,398.0
2024-08-24,Saturday,McNuggets,Cloudy,0,1,1.0,147.24,291.0,218.0,436.0
2024-12-08,Sunday,Burgers,Rainy,0,1,0.0,160.85,318.0,157.0,276.0
2028-10-29,Sunday,Fries,Sunny,0,1,1.0,98.28,418.0,201.0,404.0
2027-03-21,Sunday,Burgers,Sunny,0,1,1.0,142.94,245.0,226.0,554.0
2022-06-05,Sunday,Fries,Rainy,0,1,0.0,61.94,192.0,146.0,325.0
2023-10-28,Saturday,Burgers,Cloudy,0,1,1.0,169.57,407.0,218.0,557.0
2023-10-24,Tuesday,Desserts,Cloudy,0,0,0.0,67.85,129.0,115.0,241.0
2024-09-29,Sunday,Desserts,Hot,0,1,1.0,62.33,465.0,179.0,383.0
2028-06-27,Tuesday,McNuggets,Sunny,0,0,0.0,163.74,272.0,106.0,247.0
2028-12-22,Friday,Beverages,Sunny,0,0,0.0,96.98,334.0,116.0,283.0
2022-06-26,Sunday,McNuggets,Rainy,0,1,0.0,108.55,448.0,130.0,305.0
2029-05-11,Friday,Beverages,Cold,0,0,0.0,85.11,265.0,138.0,318.0
2027-02-23,Tuesday,Beverages,Hot,0,0,0.0,96.27,229.0,141.0,343.0
2026-03-05,Thursday,Beverages,Hot,0,0,0.0,67.7,390.0,149.0,263.0
2029-10-22,Monday,Fries,Cold,0,0,0.0,103.91,531.0,117.0,200.0
2025-04-18,Friday,Fries,Cold,0,0,0.0,72.68,230.0,136.0,213.0
2027-06-14,Monday,Breakfast,Cold,0,0,0.0,116.24,434.0,85.0,173.0
2022-01-25,Tuesday,Beverages,Sunny,1,0,0.0,73.47,285.0,166.0,421.0
2029-10-15,Monday,McNuggets,Hot,1,0,0.0,168.56,472.0,155.0,276.0
2027-08-17,Tuesday,Breakfast,Cloudy,0,0,1.0,139.17,278.0,165.0,361.0
2027-10-06,Wednesday,Breakfast,Cloudy,0,0,1.0,121.39,279.0,153.0,279.0
2029-05-23,Wednesday,Breakfast,Sunny,0,0,0.0,76.29,173.0,103.0,172.0
2024-05-25,Saturday,Burgers,Cloudy,0,1,0.0,117.11,388.0,177.0,446.0
2029-06-21,Thursday,Fries,Sunny,0,0,0.0,61.99,196.0,123.0,215.0
2024-07-27,Saturday,Burgers,Sunny,0,1,0.0,179.96,388.0,128.0,274.0
2029-06-23,Saturday,Breakfast,Hot,0,1,0.0,119.71,198.0,143.0,320.0
2026-04-02,Thursday,Breakfast,Sunny,0,0,0.0,110.3,272.0,128.0,179.0
2022-12-13,Tuesday,McNuggets,Sunny,0,0,0.0,150.19,238.0,129.0,249.0
2028-12-13,Wednesday,Breakfast,Cloudy,0,0,0.0,111.59,376.0,94.0,233.0
2029-08-05,Sunday,Beverages,Rainy,0,1,0.0,57.17,257.0,172.0,443.0
2025-05-18,Sunday,Burgers,Cold,0,1,0.0,147.9,367.0,145.0,292.0
2027-04-11,Sunday,McNuggets,Cloudy,0,1,1.0,156.76,405.0,214.0,429.0
2023-01-21,Saturday,Breakfast,Hot,0,1,0.0,131.36,237.0,166.0,325.0
2027-01-04,Monday,Fries,Cloudy,0,0,0.0,83.83,307.0,112.0,222.0
2027-12-29,Wednesday,Breakfast,Cold,0,0,0.0,89.84,352.0,,187.0
2028-12-14,Thursday,Breakfast,Cloudy,0,0,1.0,119.57,245.0,119.0,250.0
2028-02-02,Wednesday,Fries,Cloudy,0,0,1.0,105.33,205.0,146.0,367.0
2022-09-01,Thursday,Fries,Rainy,0,0,1.0,93.72,146.0,131.0,333.0
2027-10-15,Friday,Desserts,Rainy,1,0,0.0,80.35,436.0,126.0,326.0
2027-01-01,Friday,Burgers,Rainy,1,0,1.0,112.05,378.0,196.0,461.0
2024-07-25,Thursday,Burgers,Cloudy,0,0,0.0,147.82,223.0,166.0,343.0
2026-08-17,Monday,Breakfast,Cold,0,0,1.0,87.03,302.0,163.0,456.0
2030-02-28,Thursday,Beverages,Rainy,0,0,1.0,52.8,236.0,126.0,364.0
2022-11-09,Wednesday,Burgers,Rainy,0,0,0.0,166.67,228.0,121.0,252.0
2025-12-30,Tuesday,McNuggets,Cloudy,0,0,0.0,131.92,219.0,132.0,260.0
2030-02-07,Thursday,Breakfast,Hot,0,0,1.0,133.97,250.0,139.0,310.0
2025-08-25,Monday,Fries,Cloudy,1,0,1.0,59.9,514.0,216.0,453.0
2027-04-19,Monday,McNuggets,Cloudy,0,0,0.0,124.65,384.0,141.0,261.0
2024-07-24,Wednesday,Fries,Cloudy,0,0,0.0,60.97,271.0,111.0,227.0
2023-07-21,Friday,Fries,Rainy,0,0,0.0,89.15,299.0,90.0,175.0
2027-01-29,Friday,Desserts,Rainy,0,0,,69.64,180.0,94.0,205.0
2028-09-22,Friday,Beverages,Cloudy,0,0,0.0,68.3,285.0,116.0,160.0
2026-07-04,Saturday,Breakfast,Hot,0,1,0.0,75.19,237.0,148.0,376.0
2030-02-04,Monday,McNuggets,Cloudy,0,0,0.0,144.28,,111.0,246.0
2026-11-28,Saturday,Beverages,Sunny,0,1,0.0,90.06,166.0,191.0,461.0
2025-12-01,Monday,Beverages,Rainy,1,0,0.0,,261.0,132.0,355.0
2028-06-07,Wednesday,Burgers,Rainy,0,0,0.0,179.01,234.0,119.0,206.0
2024-10-10,Thursday,Burgers,Sunny,0,0,0.0,-20.0,187.0,125.0,360.0
2027-04-13,Tuesday,McNuggets,Hot,0,0,1.0,136.17,329.0,184.0,376.0
2028-03-25,Saturday,McNuggets,Sunny,0,1,1.0,114.0,221.0,232.0,566.0
2022-05-07,Saturday,Breakfast,Rainy,0,1,0.0,99.11,417.0,104.0,250.0
2027-10-20,Wednesday,Burgers,Hot,0,0,0.0,170.3,201.0,158.0,231.0
2025-09-09,Tuesday,Fries,Rainy,0,0,0.0,106.01,315.0,125.0,208.0
2022-12-22,Thursday,McNuggets,Sunny,0,0,1.0,153.05,479.0,191.0,482.0
2024-04-07,Sunday,Fries,Cloudy,0,1,0.0,84.51,290.0,174.0,415.0
2026-06-28,Sunday,Desserts,Hot,0,1,0.0,68.59,372.0,161.0,391.0
2024-09-11,Wednesday,McNuggets,Hot,0,0,1.0,159.63,356.0,148.0,415.0
2022-12-29,Thursday,Beverages,Rainy,0,0,0.0,68.06,305.0,111.0,257.0
2022-12-12,Monday,McNuggets,Rainy,0,0,0.0,169.87,343.0,118.0,242.0
2029-06-17,Sunday,Fries,Sunny,0,1,1.0,86.32,308.0,164.0,363.0
2029-01-17,Wednesday,Beverages,Rainy,0,0,0.0,60.77,304.0,122.0,244.0
2023-12-13,Wednesday,McNuggets,Rainy,0,0,0.0,158.77,255.0,109.0,177.0
2029-12-31,Monday,McNuggets,Cold,0,0,0.0,108.48,423.0,101.0,199.0
2022-01-11,Tuesday,Burgers,Cloudy,0,0,1.0,132.93,250.0,173.0,416.0
2028-10-23,Monday,Desserts,Rainy,0,0,0.0,78.06,294.0,128.0,244.0
2027-01-09,Saturday,Breakfast,Cloudy,0,1,0.0,105.47,282.0,129.0,263.0
2024-03-04,Monday,McNuggets,Hot,0,0,0.0,111.16,448.0,124.0,261.0
2029-08-30,Thursday,Desserts,Cold,0,0,0.0,59.28,199.0,122.0,237.0
2022-04-05,Tuesday,Breakfast,Sunny,0,0,0.0,105.93,271.0,120.0,207.0
2022-05-10,Tuesday,Beverages,Hot,0,0,0.0,97.28,401.0,110.0,243.0
2030-01-18,Friday,Burgers,Sunny,0,0,0.0,148.75,261.0,178.0,429.0
2027-03-16,Tuesday,Beverages,Sunny,0,0,0.0,73.29,319.0,161.0,314.0
2028-08-20,Sunday,Beverages,Cloudy,0,1,0.0,74.15,289.0,136.0,301.0
2027-04-17,Saturday,Beverages,Cold,0,1,0.0,56.49,383.0,151.0,373.0
2028-04-14,Friday,Burgers,Sunny,0,0,1.0,110.9,429.0,125.0,349.0
2027-02-09,Tuesday,Desserts,Rainy,0,0,1.0,117.87,246.0,147.0,388.0
2026-07-17,Friday,Fries,Sunny,0,0,0.0,79.54,194.0,108.0,219.0
2023-06-01,Thursday,Fries,Sunny,0,0,1.0,80.82,223.0,166.0,305.0
2027-02-01,Monday,Beverages,Cold,0,0,0.0,52.39,331.0,100.0,179.0
2025-07-01,Tuesday,Desserts,Cloudy,0,0,0.0,108.11,194.0,93.0,155.0
2024-08-08,Thursday,McNuggets,Sunny,0,0,1.0,130.99,325.0,195.0,447.0
2025-01-25,Saturday,Desserts,,1,1,1.0,51.44,249.0,201.0,526.0
2023-02-24,Friday,Breakfast,Sunny,0,0,0.0,106.22,472.0,86.0,108.0
2024-07-11,Thursday,Desserts,Hot,0,0,0.0,92.35,278.0,123.0,267.0
2028-02-05,Saturday,Fries,Rainy,0,1,0.0,93.64,248.0,118.0,284.0
2023-04-23,Sunday,Beverages,Cloudy,0,1,0.0,93.41,417.0,173.0,373.0
2027-07-29,Thursday,Fries,Cloudy,0,0,0.0,106.99,318.0,98.0,187.0
2028-01-14,Friday,Breakfast,Cold,0,0,0.0,133.12,215.0,121.0,242.0
2026-08-20,Thursday,Fries,Cloudy,0,0,0.0,107.53,388.0,139.0,280.0
2028-12-02,Saturday,Desserts,Sunny,0,1,1.0,108.68,364.0,235.0,513.0
2026-01-11,Sunday,Breakfast,Cold,0,1,0.0,129.71,559.0,125.0,291.0
2025-04-17,Thursday,Burgers,Sunny,0,0,0.0,134.43,236.0,123.0,215.0
2026-07-28,Tuesday,Breakfast,Rainy,0,0,0.0,76.94,323.0,89.0,158.0
2029-09-09,Sunday, fries,Rainy,0,1,0.0,46.66,513.0,113.0,300.0
2027-05-25,Tuesday,Burgers,Cloudy,0,0,1.0,141.26,400.0,171.0,354.0
2024-03-31,Sunday,Breakfast,Cloudy,0,1,0.0,114.55,429.0,173.0,350.0
2027-06-21,Monday,Burgers,Cloudy,0,0,0.0,165.89,268.0,103.0,236.0
2029-12-12,Wednesday,Burgers,SUNNY,0,0,1.0,164.49,251.0,197.0,498.0
2025-06-02,Monday,Desserts,Rainy,0,0,0.0,118.89,467.0,88.0,147.0
2029-11-11,Sunday,Desserts,Sunny,0,1,0.0,77.86,366.0,146.0,327.0
2029-03-31,Saturday,Desserts,Sunny,0,1,0.0,74.67,248.0,166.0,281.0
2024-11-12,Tuesday,Fries,Cloudy,0,0,1.0,67.77,325.0,182.0,399.0
2027-03-04,Thursday,McNuggets,Sunny,0,0,0.0,155.54,204.0,130.0,212.0
2023-09-08,Friday,Desserts,Sunny,0,0,1.0,110.22,185.0,168.0,362.0
2025-08-11,Monday,Burgers,CLOUDY,0,0,0.0,166.45,393.0,155.0,276.0
2029-12-28,Friday,Beverages,Sunny,0,0,0.0,58.46,319.0,138.0,335.0
2029-01-15,Monday,Desserts,Sunny,1,0,0.0,81.06,,167.0,310.0
2026-11-08,Sunday,Desserts,Sunny,0,1,0.0,80.36,262.0,168.0,380.0
2030-03-06,Wednesday,Burgers,Rainy,0,0,0.0,132.05,243.0,122.0,223.0
2022-05-12,Thursday,Fries,Hot,0,0,1.0,96.04,253.0,172.0,364.0
2022-03-19,Saturday,Burgers,Sunny,0,1,0.0,171.06,192.0,170.0,273.0
2027-08-15,Sunday,Burgers,Sunny,1,1,1.0,162.37,433.0,277.0,749.0
2023-12-26,Tuesday,McNuggets,Cloudy,1,0,0.0,101.06,335.0,153.0,279.0
2025-08-07,Thursday,Beverages,Cold,0,0,0.0,84.01,257.0,66.0,160.0
2027-01-26,Tuesday,Breakfast,Cloudy,1,0,0.0,96.25,283.0,92.0,224.0
2022-09-03,Saturday,Desserts,Sunny,0,1,0.0,114.04,347.0,164.0,290.0
2028-11-21,Tuesday,Burgers,Hot,0,0,1.0,140.05,251.0,189.0,388.0
2025-10-04,Saturday,Breakfast,Sunny,0,1,0.0,105.23,386.0,123.0,228.0
2027-01-30,Saturday,Fries,Sunny,0,1,0.0,85.62,203.0,138.0,348.0
2025-08-12,Tuesday,Burgers,Cloudy,0,0,1.0,125.26,266.0,203.0,493.0
2029-12-18,Tuesday,Fries,Sunny,0,0,0.0,78.64,255.0,151.0,355.0
2029-08-13,Monday,Breakfast,Cloudy,0,0,1.0,109.31,221.0,144.0,329.0
2023-01-11,Wednesday,Fries,Hot,0,0,0.0,68.57,244.0,114.0,289.0
2027-03-24,Wednesday,Fries,Hot,0,0,0.0,101.32,453.0,149.0,293.0
2022-11-30,Wednesday,Burgers,Sunny,0,0,0.0,167.32,241.0,142.0,306.0
2028-03-29,Wednesday,Burgers,Cloudy,0,0,0.0,170.91,224.0,177.0,409.0
2028-05-18,Thursday,Burgers,Cloudy,0,0,0.0,112.21,378.0,122.0,246.0
2026-05-24,Sunday,Burgers,Hot,0,1,0.0,142.3,483.0,160.0,340.0
2025-01-23,Thursday,Fries,Sunny,0,0,0.0,60.18,258.0,90.0,151.0
2029-11-02,Friday,Desserts,Sunny,0,0,1.0,106.64,368.0,153.0,374.0
2027-04-28,Wednesday,McNuggets,Cloudy,0,0,0.0,115.6,265.0,114.0,272.0
2028-04-08,Saturday,Burgers,Rainy,0,1,0.0,166.57,258.0,151.0,316.0
2028-12-27,Wednesday,Breakfast,Cold,0,0,0.0,126.86,387.0,95.0,174.0
2025-09-04,Thursday,Desserts,Hot,0,0,0.0,59.94,250.0,135.0,293.0
2022-11-17,Thursday,Beverages,Cloudy,0,0,0.0,56.53,295.0,102.0,230.0
2026-06-08,Monday,Breakfast,Hot,0,0,0.0,82.1,462.0,81.0,178.0
2028-10-12,Thursday,Burgers,Cloudy,0,0,0.0,158.79,274.0,122.0,215.0
2027-08-23,Monday,Burgers,Cold,0,0,0.0,170.4,408.0,113.0,219.0
2026-08-01,Saturday,Breakfast,Sunny,1,1,0.0,82.71,332.0,187.0,442.0
2027-04-27,Tuesday,Breakfast,Hot,0,0,1.0,91.77,153.0,137.0,287.0
2022-09-18,Sunday,McNuggets,Sunny,0,1,0.0,126.3,337.0,143.0,342.0
2028-07-10,Monday,Desserts,Sunny,0,0,0.0,92.36,221.0,92.0,147.0
2027-08-02,Monday,Fries,Cold,0,0,1.0,97.64,331.0,155.0,324.0
2023-11-21,Tuesday,Burgers,Sunny,0,0,0.0,176.85,191.0,152.0,275.0
2024-06-20,Thursday,Burgers,Cloudy,0,0,0.0,139.84,250.0,118.0,258.0
2027-07-20,Tuesday,Breakfast,Sunny,0,0,1.0,80.46,233.0,127.0,272.0
2022-05-19,Thursday,Fries,Cloudy,0,0,0.0,81.47,401.0,134.0,186.0
2027-04-02,Friday,McNuggets,Cloudy,0,0,0.0,129.61,188.0,149.0,319.0
2027-01-03,Sunday,Breakfast,Cloudy,0,1,0.0,129.63,233.0,176.0,318.0
2026-04-23,Thursday,Desserts,Hot,0,0,1.0,74.8,147.0,191.0,453.0
2022-11-16,Wednesday,Fries,Hot,0,0,0.0,94.9,40.0,130.0,313.0
2023-10-16,Monday,Breakfast,Sunny,0,0,0.0,85.74,455.0,98.0,217.0
2027-11-08,Monday,Breakfast,Sunny,0,0,1.0,133.0,327.0,133.0,321.0
2028-06-08,Thursday,McNuggets,Hot,0,0,1.0,121.42,232.0,,359.0
2023-07-13,Thursday,Breakfast,Sunny,0,0,1.0,118.8,280.0,167.0,273.0
2022-04-23,Saturday,Desserts,Rainy,0,1,1.0,87.8,336.0,183.0,394.0
2023-06-16,Friday,Desserts,Hot,0,0,1.0,115.34,158.0,166.0,399.0
2022-08-13,Saturday,Fries,Sunny,0,1,0.0,104.47,331.0,140.0,322.0
2023-12-25,Monday,Breakfast,Sunny,1,0,0.0,121.52,436.0,132.0,333.0
2028-09-23,Saturday,McNuggets,Cloudy,0,1,0.0,114.57,171.0,160.0,287.0
2029-02-15,Thursday,Breakfast,Sunny,0,0,1.0,136.5,389.0,147.0,273.0
2025-12-04,Thursday,McNuggets,Cold,0,0,0.0,127.75,311.0,137.0,237.0
2028-06-15,Thursday,Burgers,Cold,0,0,0.0,183.77,284.0,141.0,295.0
2025-12-29,Monday,Burgers,Cloudy,0,0,0.0,111.62,377.0,132.0,222.0
2030-03-18,Monday,Fries,Cloudy,0,0,0.0,106.62,444.0,114.0,211.0
2024-04-26,Friday,Burgers,Cold,0,0,0.0,177.84,232.0,145.0,308.0
2022-07-13,Wednesday,McNuggets,Cloudy,0,0,1.0,154.78,332.0,163.0,306.0
2026-01-04,Sunday,Desserts,Rainy,0,1,0.0,61.32,342.0,132.0,349.0
2024-08-04,Sunday,Burgers,Rainy,0,1,0.0,136.47,531.0,148.0,393.0
2027-07-15,Thursday,Beverages,Cloudy,0,0,1.0,47.31,124.0,167.0,390.0
2026-06-18,Thursday,Beverages,Cloudy,0,0,1.0,73.86,466.0,201.0,459.0
2022-04-28,Thursday,Burgers,Sunny,0,0,1.0,188.88,267.0,173.0,362.0
2023-10-08,Sunday,Desserts,Sunny,0,1,0.0,97.06,,158.0,351.0
2027-02-14,Sunday,Breakfast,Cloudy,0,1,1.0,74.61,363.0,183.0,428.0
2022-01-04,Tuesday,McNuggets,Rainy,0,0,0.0,124.88,333.0,98.0,199.0
2022-03-16,Wednesday,McNuggets,Rainy,0,0,0.0,119.6,217.0,90.0,198.0
2026-10-22,Thursday,Breakfast,Hot,0,0,1.0,115.26,276.0,141.0,282.0
2023-04-13,Thursday,Desserts,Rainy,0,0,0.0,113.65,199.0,100.0,197.0
2022-01-06,Thursday,Burgers,Hot,0,0,1.0,137.25,283.0,183.0,450.0
2025-05-31,Saturday,Burgers,Sunny,0,1,0.0,122.81,195.0,182.0,442.0
2024-07-08,Monday,Burgers,Hot,0,0,0.0,144.71,276.0,136.0,254.0
2022-08-17,Wednesday,Desserts,Sunny,0,0,1.0,76.88,420.0,153.0,381.0
2024-11-29,Friday,Beverages,Sunny,0,0,1.0,57.65,244.0,192.0,475.0
2022-08-31,Wednesday,Desserts,Cloudy,0,0,0.0,98.9,218.0,109.0,148.0
2028-04-26,Wednesday,McNuggets,Cloudy,0,0,0.0,101.38,214.0,130.0,292.0
2025-03-06,Thursday,Breakfast,Cloudy,0,0,1.0,108.75,262.0,170.0,386.0
2029-05-22,Tuesday,Breakfast,Cold,0,0,0.0,133.1,175.0,55.0,167.0
2026-03-07,Saturday,Fries,Hot,0,1,0.0,87.04,222.0,180.0,443.0
2026-05-25,Monday,Beverages,Cold,0,0,0.0,56.43,338.0,108.0,276.0
2029-09-19,Wednesday,burgers,Cold,0,0,0.0,170.53,177.0,89.0,170.0
2028-06-13,Tuesday,Burgers,Cloudy,0,0,0.0,120.67,232.0,137.0,272.0
2029-01-20,Saturday,Desserts,Rainy,0,1,0.0,95.3,322.0,108.0,238.0
2027-06-13,Sunday,McNuggets,Hot,0,1,1.0,144.27,469.0,197.0,436.0
2028-07-08,Saturday,Breakfast,Sunny,0,1,0.0,99.78,211.0,151.0,326.0
2027-05-30,Sunday,Desserts,Cloudy,0,1,0.0,81.37,119.0,137.0,334.0
2026-10-28,Wednesday,beverages,Cold,0,0,0.0,98.55,356.0,105.0,192.0
2025-07-29,Tuesday,Desserts,Sunny,0,0,1.0,100.69,262.0,158.0,290.0
2026-03-22,Sunday,Burgers,Cloudy,0,1,0.0,159.0,242.0,160.0,305.0
2023-09-15,Friday,Fries,Sunny,0,0,0.0,76.43,376.0,140.0,314.0
2028-05-30,Tuesday,Burgers,Cold,0,0,0.0,123.59,449.0,125.0,230.0
2026-02-02,Monday,Burgers,Hot,0,0,0.0,121.02,343.0,162.0,316.0
2022-04-21,Thursday,Fries,Rainy,0,0,1.0,106.88,288.0,155.0,348.0
2028-04-11,Tuesday,Burgers,Sunny,0,0,0.0,154.31,286.0,154.0,359.0
2025-03-15,Saturday,Fries,Sunny,0,1,0.0,80.17,203.0,166.0,355.0
2028-10-26,Thursday,Fries,Sunny,1,0,1.0,106.72,335.0,207.0,396.0
2022-08-21,Sunday,McNuggets,Sunny,0,1,0.0,164.23,386.0,152.0,288.0
2022-03-08,Tuesday,Burgers,Sunny,0,0,0.0,130.27,382.0,134.0,232.0
2029-07-03,Tuesday,Fries,Cold,0,0,0.0,72.73,276.0,115.0,216.0
2027-09-04,Saturday,Burgers,Cloudy,0,1,1.0,139.46,229.0,195.0,470.0
2028-01-02,Sunday,McNuggets,Hot,0,1,0.0,106.54,273.0,177.0,408.0
2023-06-21,Wednesday,Breakfast,Sunny,0,0,0.0,114.4,111.0,90.0,185.0
2022-05-06,Friday,Beverages,Rainy,0,0,1.0,97.9,299.0,169.0,415.0
2027-11-04,Thursday,Beverages,Sunny,0,0,0.0,82.34,433.0,,330.0
2025-06-08,Sunday,McNuggets,Sunny,0,1,0.0,164.82,566.0,167.0,315.0
2028-11-19,Sunday,McNuggets,Sunny,0,1,0.0,,329.0,167.0,380.0
2027-05-31,Monday,Fries,Sunny,0,0,1.0,106.56,320.0,164.0,312.0
2029-03-21,Wednesday,Desserts,Rainy,0,0,1.0,92.96,358.0,162.0,378.0
2028-06-12,Monday,McNuggets,Cloudy,0,0,0.0,153.94,306.0,100.0,240.0
2027-09-07,Tuesday,Desserts,Cloudy,0,0,0.0,87.18,268.0,120.0,233.0
2023-04-30,Sunday,McNuggets,Rainy,0,1,0.0,,270.0,152.0,304.0
2026-07-13,Monday,Burgers,Cloudy,0,0,1.0,140.59,407.0,184.0,400.0
2029-06-02,Saturday,Fries,Cold,0,1,1.0,87.95,227.0,200.0,
2028-04-12,Wednesday,Beverages,Sunny,0,0,0.0,85.19,382.0,144.0,284.0
2025-10-31,Friday,McNuggets,Sunny,0,0,0.0,129.34,,143.0,212.0
2026-11-10,Tuesday,Breakfast,Cloudy,0,0,,84.98,215.0,152.0,302.0
2024-07-07,Sunday,Breakfast,Rainy,0,1,0.0,72.07,470.0,109.0,292.0
2026-07-05,Sunday,Burgers,Rainy,0,1,0.0,181.32,420.0,163.0,394.0
2024-10-23,Wednesday,Desserts,Cloudy,0,0,0.0,113.86,322.0,147.0,242.0
2024-10-27,Sunday,Burgers,Rainy,0,1,0.0,110.43,382.0,129.0,308.0
2024-06-01,Saturday,Burgers,Cold,0,1,0.0,139.24,233.0,164.0,414.0
2025-08-28,Thursday,McNuggets,Sunny,0,0,0.0,152.91,273.0,130.0,238.0
2028-02-28,Monday,Burgers,Cloudy,0,0,1.0,178.18,529.0,186.0,427.0
2022-12-31,Saturday,Desserts,Cold,0,1,0.0,69.94,293.0,142.0,384.0
2027-10-27,Wednesday,McNuggets,Rainy,0,0,0.0,147.8,242.0,119.0,276.0
2022-01-28,Friday,Beverages,Rainy,0,0,0.0,51.3,363.0,132.0,287.0
2023-04-19,Wednesday,Desserts,Rainy,0,0,1.0,64.49,311.0,131.0,313.0
2023-06-10,Saturday,burgers,Sunny,0,1,1.0,70.34,254.0,194.0,442.0
2023-12-27,Wednesday,Breakfast,Cold,0,0,0.0,,286.0,105.0,169.0
2022-02-25,Friday,Desserts,Cold,0,0,0.0,116.54,353.0,118.0,213.0
2023-10-01,Sunday,Fries,Sunny,1,1,0.0,79.08,390.0,178.0,343.0
2022-10-30,Sunday,Beverages,Rainy,0,1,0.0,91.56,320.0,140.0,294.0
2030-01-08,Tuesday,Fries,Cold,0,0,1.0,68.13,103.0,195.0,460.0
2025-06-30,Monday,Fries,Cloudy,0,0,0.0,89.31,442.0,77.0,200.0
2029-04-22,Sunday,Breakfast,Sunny,0,1,0.0,118.17,405.0,160.0,330.0
2023-09-17,Sunday,McNuggets,Sunny,0,1,1.0,120.92,340.0,196.0,483.0
2027-08-18,Wednesday,McNuggets,Rainy,0,0,0.0,117.71,370.0,105.0,260.0
2025-07-04,Friday,McNuggets,Sunny,0,0,0.0,122.76,233.0,122.0,283.0
2024-11-15,Friday,Burgers,Sunny,0,0,,188.82,370.0,162.0,305.0
2022-12-03,Saturday,Breakfast,Cold,0,1,0.0,114.29,492.0,102.0,219.0
2022-02-17,Thursday,Beverages,Cloudy,0,0,0.0,76.42,225.0,158.0,291.0
2022-04-17,Sunday,Beverages,Rainy,0,1,0.0,52.96,398.0,138.0,347.0
2024-12-15,Sunday,Desserts,Sunny,1,1,1.0,118.49,477.0,214.0,599.0
2028-03-11,Saturday,McNuggets,Hot,0,1,0.0,114.21,296.0,173.0,343.0
2025-02-18,Tuesday,Fries,Cold,0,0,1.0,89.37,266.0,161.0,351.0
2028-08-11,Friday,Beverages,Sunny,0,0,0.0,67.88,257.0,132.0,302.0
2027-01-11,Monday,Burgers,Cloudy,0,0,0.0,156.0,322.0,119.0,266.0
2026-10-20,Tuesday,Fries,Cloudy,0,0,0.0,90.82,314.0,117.0,203.0
2025-01-06,Monday,Desserts,Cloudy,0,0,0.0,93.23,284.0,87.0,172.0
2027-05-23,Sunday,Fries,Cold,0,1,0.0,91.16,355.0,148.0,348.0
2023-06-08,Thursday,Breakfast,Sunny,0,0,0.0,117.02,442.0,98.0,146.0
2025-11-29,Saturday,McNuggets,Sunny,0,1,0.0,98.29,211.0,151.0,253.0
2029-03-24,Saturday,McNuggets,Sunny,0,1,0.0,122.05,301.0,142.0,310.0
2023-08-27,Sunday,Burgers,Sunny,0,1,1.0,113.51,417.0,223.0,446.0
2026-01-29,Thursday,Beverages,Rainy,0,0,1.0,62.7,137.0,136.0,330.0
2028-07-07,Friday,Breakfast,Sunny,0,0,0.0,83.95,271.0,97.0,211.0
2022-03-02,Wednesday,Fries,Sunny,0,0,0.0,105.74,323.0,141.0,202.0
2029-08-14,Tuesday,Desserts,Rainy,0,0,0.0,100.04,300.0,95.0,221.0
2023-11-03,Friday,Desserts,Sunny,0,0,1.0,98.87,308.0,131.0,378.0
2022-04-03,Sunday,Breakfast,Cloudy,0,1,0.0,104.15,414.0,163.0,357.0
2023-10-29,Sunday,Fries,Hot,0,1,0.0,57.61,563.0,146.0,334.0
2027-03-03,Wednesday,Fries,Rainy,0,0,0.0,70.65,392.0,112.0,206.0
2022-10-08,Saturday,Desserts,Cloudy,0,1,1.0,79.26,300.0,213.0,530.0
2026-09-16,Wednesday,Fries,Cold,0,0,1.0,68.33,210.0,158.0,330.0
2022-12-26,Monday,McNuggets,Rainy,1,0,0.0,144.94,539.0,126.0,314.0
2024-06-18,Tuesday,Burgers,Hot,0,0,0.0,113.33,320.0,113.0,238.0
2027-04-20,Tuesday,Breakfast,Cloudy,0,0,0.0,83.44,262.0,117.0,196.0
2027-06-18,Friday,Breakfast,Sunny,0,0,0.0,130.93,234.0,101.0,168.0
2028-05-29,Monday,Breakfast,Hot,0,0,1.0,97.9,552.0,180.0,437.0
2024-01-31,Wednesday,Burgers,Sunny,0,0,0.0,184.02,233.0,150.0,248.0
2027-11-29,Monday,Beverages,Cloudy,0,0,0.0,81.45,294.0,140.0,354.0
2029-04-09,Monday,Beverages,Sunny,0,0,0.0,78.48,261.0,169.0,354.0
2022-02-12,Saturday,burgers,Sunny,0,1,0.0,188.09,288.0,156.0,354.0
2027-12-14,Tuesday,Breakfast,Sunny,0,0,0.0,118.54,292.0,75.0,164.0
2022-07-24,Sunday,McNuggets,Rainy,0,1,0.0,164.63,331.0,157.0,376.0
2026-01-13,Tuesday,Beverages,Cloudy,0,0,0.0,52.27,418.0,108.0,208.0
2027-10-02,Saturday,Desserts,Cloudy,0,1,1.0,69.08,372.0,211.0,564.0
2022-03-10,Thursday,Burgers,Sunny,0,0,0.0,112.44,92.0,157.0,399.0
2027-02-19,Friday,Beverages,Rainy,0,0,0.0,61.73,175.0,125.0,287.0
2028-08-04,Friday,Burgers,Cloudy,0,0,0.0,156.49,173.0,134.0,265.0
2028-02-10,Thursday,Burgers,Cloudy,0,0,0.0,158.78,244.0,134.0,328.0
2022-05-18,Wednesday,McNuggets,Hot,0,0,1.0,115.83,177.0,189.0,397.0
2024-03-07,Thursday,Desserts,Cloudy,0,0,1.0,114.8,171.0,169.0,338.0
2027-12-21,Tuesday,Fries,Cloudy,0,0,0.0,94.81,262.0,162.0,265.0
2027-10-30,Saturday,Desserts,Cloudy,0,1,1.0,81.36,395.0,188.0,404.0
2024-01-29,Monday,Desserts,Cloudy,0,0,1.0,-20.0,267.0,149.0,387.0
2023-06-26,Monday,McNuggets,Hot,0,0,1.0,117.68,381.0,148.0,404.0
2024-10-16,Wednesday,Burgers,Sunny,0,0,1.0,130.82,348.0,,359.0
2028-05-05,Friday,Fries,Sunny,0,0,1.0,88.12,226.0,165.0,407.0
2022-06-15,Wednesday,Breakfast,Cloudy,0,0,0.0,127.43,308.0,82.0,130.0
2022-09-06,Tuesday,Desserts,Hot,0,0,1.0,63.96,261.0,158.0,365.0
2025-08-24,Sunday,McNuggets,Sunny,0,1,1.0,136.4,325.0,223.0,504.0
2027-07-11,Sunday,Desserts,Cloudy,0,1,0.0,115.19,365.0,150.0,327.0
2023-03-23,Thursday,Desserts,Hot,0,0,1.0,117.94,235.0,191.0,381.0
2025-09-20,Saturday,Fries,Rainy,0,1,0.0,60.52,362.0,125.0,249.0
2027-11-16,Tuesday,Breakfast,Hot,0,0,0.0,116.95,353.0,155.0,239.0
2025-08-22,Friday,Beverages,Hot,0,0,0.0,92.99,194.0,106.0,196.0
2030-01-23,Wednesday,Breakfast,Cold,0,0,0.0,134.72,407.0,127.0,188.0
2027-11-21,Sunday,Fries,Cloudy,0,1,0.0,56.23,321.0,133.0,280.0
2023-03-11,Saturday,Burgers,Rainy,0,1,1.0,133.8,165.0,192.0,428.0
2027-10-24,Sunday,Desserts,Sunny,0,1,0.0,75.97,360.0,142.0,263.0
2023-08-01,Tuesday,Desserts,Cloudy,1,0,0.0,102.0,363.0,140.0,264.0
2028-08-16,Wednesday,Fries,Cloudy,0,0,0.0,84.16,483.0,115.0,238.0
2029-08-06,Monday,Beverages,Sunny,0,0,1.0,99.27,411.0,151.0,393.0
2027-01-23,Saturday,Desserts,Hot,0,1,0.0,115.65,298.0,159.0,315.0
2024-02-02,Friday,Fries,Cloudy,0,0,0.0,108.4,307.0,84.0,196.0
2023-01-24,Tuesday,Breakfast,Sunny,0,0,0.0,102.35,277.0,88.0,170.0
2022-08-24,Wednesday,McNuggets,Sunny,0,0,1.0,119.37,153.0,146.0,344.0
2029-03-22,Thursday,Breakfast,Hot,0,0,0.0,113.65,366.0,74.0,90.0
2027-06-08,Tuesday,Burgers,Rainy,0,0,0.0,133.99,285.0,115.0,302.0
2022-09-25,Sunday,McNuggets,,0,1,0.0,112.41,547.0,135.0,273.0
2024-02-10,Saturday,Burgers,Cloudy,0,1,0.0,171.28,217.0,131.0,279.0
2027-12-06,Monday,Desserts,Cold,0,0,0.0,87.38,353.0,,299.0
2023-03-14,Tuesday,Breakfast,Rainy,0,0,0.0,86.09,269.0,68.0,103.0
2023-11-05,Sunday,Beverages,Sunny,0,1,0.0,53.8,290.0,166.0,354.0
2022-09-07,Wednesday,Breakfast,Rainy,0,0,0.0,91.54,355.0,96.0,204.0
2028-01-11,Tuesday,Burgers,Cold,0,0,0.0,141.17,203.0,155.0,284.0
2026-04-24,Friday,Burgers,Hot,0,0,0.0,182.48,459.0,144.0,254.0
2027-11-13,Saturday,McNuggets,Rainy,0,1,0.0,107.3,393.0,146.0,351.0
2027-09-13,Monday,Burgers,Sunny,0,0,0.0,136.36,405.0,110.0,212.0
2029-04-04,Wednesday,Burgers,Hot,0,0,0.0,138.74,173.0,137.0,294.0
2029-02-13,Tuesday,McNuggets,Sunny,0,0,0.0,120.8,224.0,150.0,301.0
2029-08-04,Saturday,Breakfast,Sunny,0,1,0.0,86.76,190.0,132.0,255.0
2023-03-25,Saturday,Fries,Rainy,0,1,0.0,72.78,245.0,155.0,317.0
2026-01-09,Friday,Breakfast,Hot,0,0,0.0,106.68,205.0,85.0,154.0
2023-12-18,Monday,Breakfast,Cloudy,0,0,0.0,85.06,291.0,84.0,44.0
2028-08-23,Wednesday,Burgers,Cold,0,0,0.0,118.02,167.0,130.0,201.0
2029-04-01,Sunday,Beverages,Hot,0,1,0.0,67.16,293.0,173.0,364.0
2027-08-11,Wednesday, fries,Cloudy,0,0,1.0,67.35,262.0,180.0,455.0
2027-03-17,Wednesday,Burgers,Cloudy,0,0,0.0,157.1,303.0,158.0,307.0
2025-03-14,Friday,Burgers,Cloudy,0,0,0.0,149.85,255.0,125.0,220.0
2022-03-24,Thursday,Fries,Sunny,0,0,0.0,73.19,334.0,138.0,291.0
2028-09-19,Tuesday,Fries,Cloudy,0,0,0.0,76.97,351.0,164.0,317.0
2025-12-31,Wednesday,Fries,Cloudy,0,0,0.0,82.78,273.0,92.0,166.0
2027-03-09,Tuesday,Burgers,Sunny,0,0,0.0,138.86,296.0,130.0,266.0
2026-07-27,Monday,Burgers,Rainy,0,0,1.0,166.37,298.0,167.0,347.0
2027-06-24,Thursday,Fries,Cloudy,0,0,1.0,84.32,,127.0,303.0
2023-04-21,Friday,Desserts,Hot,0,0,1.0,107.06,377.0,158.0,354.0
2023-06-02,Friday,Breakfast,Cloudy,0,0,1.0,120.42,300.0,132.0,285.0
2023-02-09,Thursday,Fries,Hot,0,0,0.0,64.19,273.0,110.0,229.0
2023-01-20,Friday,Breakfast,Sunny,0,0,0.0,107.44,265.0,126.0,226.0
2028-09-28,Thursday,McNuggets,Sunny,0,0,0.0,140.17,350.0,111.0,222.0
2027-11-23,Tuesday,McNuggets,Cold,0,0,0.0,119.43,441.0,108.0,252.0
2026-06-22,Monday,Breakfast,Hot,0,0,1.0,95.78,472.0,151.0,289.0
2029-12-03,Monday,McNuggets,Sunny,0,0,0.0,129.94,383.0,,275.0
2023-11-20,Monday,Breakfast,,0,0,0.0,96.82,344.0,105.0,209.0
2025-05-25,Sunday,Desserts,Rainy,0,1,1.0,88.23,417.0,194.0,401.0
2022-03-04,Friday,Breakfast,Rainy,0,0,0.0,124.24,307.0,92.0,172.0
2024-05-02,Thursday,Burgers,Rainy,0,0,1.0,114.46,275.0,164.0,375.0
2029-08-16,Thursday,Breakfast,Sunny,0,0,0.0,116.66,390.0,149.0,315.0
2028-11-11,Saturday,Breakfast,Cloudy,0,1,0.0,131.84,446.0,123.0,181.0
2025-06-16,Monday,Fries,Cloudy,0,0,0.0,91.8,226.0,114.0,231.0
2022-08-12,Friday,Fries,Sunny,0,0,0.0,69.65,312.0,150.0,329.0
2028-01-03,Monday,Beverages,Cold,0,0,0.0,79.19,410.0,133.0,253.0
2023-01-09,Monday,McNuggets,Rainy,0,0,1.0,159.89,449.0,125.0,297.0
2026-12-30,Wednesday,McNuggets,Cloudy,0,0,0.0,145.8,322.0,160.0,313.0
2029-01-11,Thursday,Fries,Rainy,0,0,1.0,82.25,262.0,149.0,270.0
2029-12-13,Thursday,Beverages,Cloudy,0,0,1.0,67.96,483.0,180.0,305.0
2029-03-14,Wednesday,Fries,Sunny,0,0,0.0,78.01,248.0,125.0,198.0
2029-06-10,Sunday,Desserts,Cloudy,0,1,0.0,,370.0,149.0,374.0
2022-01-10,Monday,McNuggets,Sunny,0,0,0.0,136.36,343.0,130.0,226.0
2027-04-29,Thursday,Breakfast,Hot,0,0,0.0,93.76,236.0,112.0,204.0
2027-01-13,Wednesday,Desserts,Sunny,0,0,0.0,95.56,312.0,131.0,235.0
2023-12-10,Sunday,Fries,Sunny,0,1,0.0,74.38,372.0,131.0,174.0
2022-09-13,Tuesday,Beverages,Sunny,0,0,0.0,63.0,386.0,151.0,240.0
2026-06-06,Saturday,McNuggets,Hot,0,1,1.0,159.94,249.0,217.0,523.0
2023-01-25,Wednesday,Breakfast,Rainy,1,0,0.0,108.44,186.0,140.0,310.0
2026-05-01,Friday,Fries,Cloudy,0,0,0.0,109.49,149.0,136.0,316.0
2024-07-13,Saturday,Beverages,Cold,0,1,0.0,74.26,196.0,172.0,351.0
2027-07-30,Friday,Burgers,Rainy,0,0,0.0,158.68,187.0,107.0,180.0
2028-08-28,Monday,Breakfast,Sunny,0,0,0.0,113.92,307.0,109.0,193.0
2025-05-09,Friday,Beverages,Rainy,0,0,1.0,46.02,229.0,175.0,326.0
2027-05-01,Saturday,Beverages,Rainy,0,1,0.0,48.2,206.0,147.0,329.0
2024-01-10,Wednesday,Fries,Rainy,0,0,1.0,90.08,268.0,140.0,280.0
2022-02-10,Thursday,Burgers,Sunny,0,0,0.0,121.62,392.0,130.0,287.0
2024-05-18,Saturday,Desserts,Rainy,0,1,0.0,113.76,290.0,138.0,313.0
2023-06-24,Saturday,Burgers,Sunny,0,1,0.0,157.45,193.0,176.0,350.0
2028-12-16,Saturday,Breakfast,Rainy,0,1,0.0,78.51,261.0,106.0,202.0
2025-10-03,Friday,Burgers,Cloudy,0,0,0.0,182.36,137.0,140.0,355.0
2025-02-19,Wednesday,Desserts,Rainy,0,0,1.0,104.59,330.0,156.0,321.0
2024-10-28,Monday,McNuggets,Sunny,0,0,0.0,168.79,327.0,142.0,210.0
2023-01-08,Sunday,Burgers,Sunny,0,1,1.0,114.01,358.0,212.0,457.0
2023-10-30,Monday,Burgers,Sunny,0,0,1.0,127.54,346.0,160.0,444.0
2022-12-24,Saturday,McNuggets,Cloudy,0,1,0.0,103.01,197.0,157.0,398.0
2024-08-25,Sunday,Fries,Sunny,1,1,0.0,61.03,439.0,186.0,490.0
2025-09-15,Monday,McNuggets,Cold,0,0,0.0,155.69,453.0,,203.0
2024-11-01,Friday,McNuggets,Cold,0,0,1.0,117.58,238.0,177.0,387.0
2023-04-16,Sunday,Burgers,Sunny,0,1,0.0,147.2,454.0,142.0,322.0
2025-10-28,Tuesday,Beverages,Sunny,0,0,0.0,72.79,295.0,128.0,305.0
2029-04-07,Saturday,Burgers,Cloudy,0,1,0.0,124.0,253.0,147.0,329.0
2026-03-30,Monday,McNuggets,Hot,0,0,1.0,102.74,522.0,183.0,428.0
2025-06-10,Tuesday,Burgers,Cold,0,0,0.0,157.03,261.0,122.0,240.0
2027-09-26,Sunday,Fries,Sunny,0,1,0.0,80.88,625.0,162.0,317.0
2026-04-05,Sunday,Burgers,cloudy,0,1,0.0,150.79,337.0,140.0,349.0
2029-03-06,Tuesday,Desserts,Cold,0,0,0.0,69.18,378.0,78.0,134.0
2025-06-04,Wednesday,Breakfast,Cloudy,0,0,1.0,118.93,473.0,137.0,304.0
2026-08-27,Thursday,Beverages,Cold,0,0,0.0,,360.0,113.0,164.0
2025-06-06,Friday,Burgers,Cloudy,0,0,0.0,113.24,456.0,144.0,268.0
2029-12-11,Tuesday,Breakfast,Cloudy,0,0,1.0,138.24,197.0,141.0,268.0
2022-03-21,Monday,Burgers,Cold,0,0,0.0,126.36,338.0,147.0,296.0
2025-03-18,Tuesday,McNuggets,Cloudy,0,0,0.0,,404.0,148.0,279.0
2024-03-25,Monday,Desserts,Sunny,0,0,0.0,117.0,413.0,110.0,219.0
2027-01-27,Wednesday,Desserts,Hot,0,0,1.0,93.81,213.0,144.0,357.0
2028-01-30,Sunday,McNuggets,Sunny,0,1,1.0,95.25,488.0,184.0,422.0
2029-04-15,Sunday,Desserts,Sunny,0,1,0.0,119.9,346.0,162.0,345.0
2027-10-07,Thursday,Fries,Sunny,0,0,0.0,60.72,282.0,87.0,198.0
2022-05-14,Saturday,Fries,Cloudy,0,1,0.0,69.77,209.0,125.0,313.0
2025-02-14,Friday,Breakfast,Cloudy,0,0,1.0,72.23,193.0,144.0,268.0
2024-07-22,Monday,Beverages,Sunny,0,0,0.0,45.17,365.0,131.0,292.0
2024-07-17,Wednesday,McNuggets,Rainy,0,0,0.0,156.82,210.0,,260.0
2024-04-03,Wednesday,Fries,Cloudy,0,0,1.0,65.91,386.0,,294.0
2026-03-12,Thursday,McNuggets,Sunny,0,0,0.0,150.7,212.0,141.0,239.0
2025-04-29,Tuesday,McNuggets,Rainy,0,0,0.0,162.51,280.0,126.0,239.0
2023-05-20,Saturday,McNuggets,Cold,0,1,0.0,120.24,249.0,160.0,268.0
2030-03-19,Tuesday,Desserts,Sunny,0,0,1.0,72.19,231.0,185.0,477.0
2028-07-23,Sunday,Fries,Cloudy,0,1,1.0,68.96,390.0,171.0,493.0
2027-06-20,Sunday,Desserts,Sunny,0,1,0.0,114.87,360.0,170.0,254.0
2028-08-31,Thursday,Desserts,cloudy,0,0,1.0,107.22,334.0,138.0,379.0
2027-05-13,Thursday,McNuggets,Sunny,0,0,0.0,134.57,412.0,119.0,256.0
2025-10-16,Thursday,McNuggets,Hot,0,0,0.0,161.48,310.0,121.0,218.0
2024-06-13,Thursday,McNuggets,Hot,0,0,0.0,148.37,234.0,149.0,282.0
2024-04-08,Monday,Breakfast,Hot,0,0,0.0,123.98,433.0,116.0,186.0
2030-02-02,Saturday,Desserts,Sunny,0,1,0.0,108.26,320.0,168.0,305.0
2026-08-11,Tuesday,Breakfast,Sunny,0,0,0.0,121.22,228.0,84.0,101.0
2029-02-19,Monday,Burgers,Hot,0,0,0.0,138.12,383.0,140.0,308.0
2029-02-03,Saturday,Breakfast,Cloudy,0,1,1.0,103.1,203.0,178.0,410.0
2028-12-18,Monday,McNuggets,Hot,0,0,0.0,128.5,423.0,112.0,289.0
2023-10-15,Sunday,McNuggets,Hot,1,1,0.0,109.94,522.0,181.0,452.0
2022-06-22,Wednesday,Beverages,Sunny,0,0,0.0,46.75,313.0,111.0,223.0
2022-02-08,Tuesday,McNuggets,Sunny,0,0,0.0,148.86,392.0,135.0,315.0
2029-12-04,Tuesday,Burgers,Cloudy,0,0,0.0,136.96,279.0,137.0,292.0
2023-12-15,Friday,Beverages,Rainy,1,0,1.0,57.45,287.0,192.0,498.0
2022-04-01,Friday,Burgers,Cloudy,0,0,0.0,144.64,331.0,147.0,324.0
2030-03-09,Saturday,Desserts,Hot,0,1,0.0,116.28,,143.0,235.0
2025-04-20,Sunday,Breakfast,Cloudy,0,1,0.0,84.36,581.0,122.0,210.0
2029-03-27,Tuesday,Breakfast,Cloudy,0,0,0.0,100.45,261.0,115.0,215.0
2027-01-02,Saturday,Desserts,Sunny,0,1,0.0,114.73,447.0,135.0,231.0
2025-03-01,Saturday,Breakfast,Sunny,0,1,1.0,99.19,323.0,183.0,473.0
2025-08-17,Sunday,Desserts,Hot,0,1,0.0,63.98,467.0,127.0,
2022-08-05,Friday,Fries,Sunny,0,0,0.0,84.53,293.0,106.0,270.0
2023-05-26,Friday,McNuggets,Cloudy,0,0,0.0,133.56,223.0,138.0,293.0
2026-08-08,Saturday,Fries,Sunny,0,1,1.0,81.18,229.0,207.0,441.0
2023-05-15,Monday,Desserts,Hot,0,0,1.0,65.03,381.0,166.0,397.0
2028-11-14,Tuesday,Desserts,Cloudy,0,0,0.0,73.47,375.0,114.0,199.0
2027-01-31,Sunday,Breakfast,Sunny,0,1,0.0,119.61,349.0,134.0,317.0
2025-10-20,Monday,Desserts,Sunny,0,0,0.0,110.78,470.0,95.0,242.0
2026-02-28,Saturday,Desserts,Sunny,0,1,0.0,99.42,349.0,150.0,237.0
2028-07-14,Friday,Fries,Cloudy,0,0,1.0,57.44,295.0,194.0,480.0
2029-07-17,Tuesday,Desserts,Cold,0,0,1.0,77.95,268.0,162.0,316.0
2027-09-08,Wednesday,Fries,Rainy,0,0,0.0,77.45,204.0,114.0,269.0
2026-03-21,Saturday,McNuggets,Sunny,0,1,0.0,98.36,335.0,155.0,286.0
2025-05-02,Friday,McNuggets,Cloudy,0,0,1.0,115.2,288.0,157.0,426.0
2025-11-17,Monday,Burgers,Cloudy,0,0,0.0,165.82,264.0,120.0,315.0
2028-01-27,Thursday,Fries,Hot,0,0,0.0,91.74,303.0,95.0,196.0
2028-12-24,Sunday,Burgers,Sunny,0,1,0.0,186.25,440.0,139.0,279.0
2026-08-04,Tuesday,Burgers,Sunny,0,0,1.0,180.0,224.0,167.0,421.0
2025-04-12,Saturday,Desserts,Sunny,0,1,1.0,103.39,223.0,168.0,469.0
2026-03-23,Monday,Beverages,Sunny,0,0,0.0,85.59,315.0,109.0,223.0
2024-08-11,Sunday,Desserts,Sunny,0,1,0.0,67.59,296.0,172.0,371.0
2024-01-21,Sunday,Burgers,Cold,0,1,0.0,137.61,376.0,169.0,395.0
2022-08-23,Tuesday,Burgers,Cloudy,0,0,0.0,168.76,327.0,99.0,152.0
2024-01-03,Wednesday,McNuggets,Cloudy,0,0,1.0,127.57,213.0,157.0,365.0
2022-01-30,Sunday,Burgers,Rainy,0,1,0.0,144.04,442.0,145.0,381.0
2025-03-02,Sunday,Burgers,Cloudy,0,1,0.0,128.33,477.0,188.0,395.0
2029-02-18,Sunday,Beverages,Rainy,0,1,0.0,88.38,316.0,177.0,376.0
2028-09-11,Monday,Fries,Sunny,0,0,0.0,100.74,312.0,128.0,186.0
2025-04-24,Thursday,Desserts,Sunny,0,0,1.0,94.05,273.0,164.0,360.0
2024-12-01,Sunday,Breakfast,Sunny,1,1,0.0,115.77,405.0,194.0,371.0
2027-11-27,Saturday,Burgers,Sunny,0,1,1.0,185.44,265.0,192.0,431.0
2024-11-28,Thursday,Breakfast,Hot,0,0,0.0,110.82,159.0,113.0,268.0
2025-03-13,Thursday,Beverages,Sunny,0,0,0.0,63.95,452.0,99.0,260.0
2026-02-01,Sunday,Fries,Rainy,0,1,0.0,67.95,194.0,155.0,329.0
2028-12-03,Sunday,Burgers,Cloudy,0,1,0.0,154.44,537.0,144.0,307.0
2024-06-03,Monday,Breakfast,Cold,0,0,1.0,73.84,288.0,122.0,255.0
2022-05-24,Tuesday,Fries,Cloudy,0,0,1.0,83.13,274.0,152.0,346.0
2030-02-24,Sunday,Breakfast,Sunny,0,1,0.0,101.33,269.0,139.0,289.0
2024-04-30,Tuesday,Burgers,Cloudy,0,0,0.0,161.68,232.0,167.0,354.0
2023-12-19,Tuesday,Desserts,Sunny,0,0,0.0,69.03,40.0,109.0,191.0
2029-11-16,Friday,Beverages,Hot,0,0,0.0,89.17,249.0,128.0,256.0
2022-09-22,Thursday,Desserts,Hot,0,0,1.0,106.75,408.0,167.0,376.0
2022-03-17,Thursday,McNuggets,Hot,0,0,0.0,149.26,211.0,141.0,275.0
2028-10-28,Saturday,Breakfast,Rainy,0,1,0.0,99.1,303.0,159.0,397.0
2023-01-31,Tuesday,Desserts,Cold,0,0,0.0,50.57,316.0,110.0,336.0
2029-01-21,Sunday,McNuggets,Cold,0,1,0.0,163.39,244.0,170.0,376.0
2028-02-03,Thursday,Burgers,Cloudy,0,0,0.0,143.08,369.0,133.0,245.0
2029-10-04,Thursday,Fries,Cloudy,0,0,0.0,105.57,434.0,129.0,281.0
2023-02-01,Wednesday,Breakfast,Hot,0,0,0.0,70.65,339.0,95.0,202.0
2025-09-27,Saturday,Burgers,,0,1,0.0,140.42,300.0,157.0,322.0
2028-12-06,Wednesday,Breakfast,Sunny,0,0,0.0,75.86,236.0,103.0,191.0
2027-03-19,Friday,Burgers,Cloudy,0,0,1.0,162.5,251.0,201.0,516.0
2023-08-19,Saturday,Beverages,Rainy,0,1,0.0,65.65,347.0,152.0,409.0
2027-10-11,Monday,Desserts,Cold,0,0,1.0,95.9,415.0,126.0,345.0
2025-07-20,Sunday,Burgers,Sunny,0,1,0.0,179.93,442.0,139.0,267.0
2026-12-27,Sunday,Burgers,Sunny,0,1,0.0,114.42,462.0,187.0,414.0
2024-05-22,Wednesday,McNuggets,Sunny,0,0,0.0,,212.0,134.0,281.0
2030-02-27,Wednesday,Desserts,Rainy,0,0,0.0,69.25,257.0,126.0,235.0
2028-05-15,Monday,Breakfast,Sunny,0,0,0.0,100.98,460.0,102.0,171.0
2026-03-29,Sunday,Burgers,,0,1,1.0,133.72,314.0,174.0,495.0
2022-02-06,Sunday,Fries,Cloudy,0,1,1.0,60.91,321.0,186.0,421.0
2029-07-14,Saturday,McNuggets,Hot,0,1,0.0,158.64,104.0,177.0,327.0
2027-11-14,Sunday,Fries,Hot,0,1,0.0,97.43,341.0,176.0,417.0
2029-02-01,Thursday,Fries,Cold,0,0,0.0,98.14,399.0,116.0,272.0
2024-09-04,Wednesday,Burgers,Cloudy,0,0,1.0,176.41,428.0,152.0,382.0
2026-04-21,Tuesday,Burgers,Rainy,0,0,0.0,177.63,327.0,135.0,223.0
2025-01-27,Monday,Desserts,Rainy,0,0,0.0,112.35,444.0,78.0,120.0
2028-02-18,Friday,Fries,Cloudy,0,0,0.0,70.37,263.0,150.0,355.0
2028-11-09,Thursday,Burgers,Cloudy,0,0,0.0,153.48,362.0,158.0,314.0
2027-03-08,Monday,Breakfast,Rainy,0,0,1.0,128.41,375.0,132.0,283.0
2023-11-07,Tuesday,Desserts,Sunny,0,0,1.0,90.6,284.0,111.0,250.0
2023-12-30,Saturday,Burgers,Sunny,0,1,1.0,124.89,265.0,189.0,432.0
2023-02-17,Friday,Desserts,Sunny,0,0,1.0,102.78,206.0,162.0,430.0
2026-02-25,Wednesday,McNuggets,Cloudy,0,0,0.0,139.62,434.0,137.0,206.0
2026-07-08,Wednesday,McNuggets,Sunny,0,0,0.0,144.35,181.0,113.0,224.0
2024-04-05,Friday,Desserts,Sunny,0,0,1.0,105.41,292.0,167.0,405.0
2023-09-09,Saturday,Burgers,Rainy,0,1,0.0,165.03,376.0,157.0,286.0
2022-04-25,Monday,McNuggets,Sunny,0,0,0.0,116.07,263.0,113.0,233.0
2023-02-22,Wednesday,Fries,Rainy,0,0,1.0,69.54,233.0,139.0,348.0
2026-06-14,Sunday,McNuggets,Rainy,0,1,0.0,142.29,325.0,127.0,282.0
2030-02-21,Thursday,Breakfast,Hot,0,0,0.0,113.58,208.0,99.0,160.0
2022-03-31,Thursday,Beverages,Sunny,0,0,0.0,78.67,294.0,123.0,324.0
2027-09-14,Tuesday,Beverages,Hot,0,0,0.0,65.99,202.0,152.0,303.0
2024-01-24,Wednesday,Fries,Rainy,0,0,0.0,97.27,269.0,125.0,164.0
2026-06-19,Friday,Breakfast,Sunny,0,0,0.0,108.86,456.0,118.0,172.0
2022-01-12,Wednesday,Desserts,Sunny,0,0,1.0,75.69,443.0,165.0,366.0
2028-09-10,Sunday,Beverages,Sunny,0,1,0.0,71.63,234.0,162.0,328.0
2022-10-12,Wednesday,McNuggets,Cloudy,0,0,0.0,157.71,364.0,134.0,241.0
2024-12-02,Monday,Fries,Sunny,0,0,0.0,92.47,384.0,95.0,173.0
2025-04-06,Sunday,McNuggets,Hot,0,1,0.0,114.1,439.0,164.0,421.0
2025-12-11,Thursday,Desserts,Hot,0,0,0.0,98.56,306.0,119.0,243.0
2029-10-06,Saturday,Desserts,Rainy,0,1,0.0,57.0,326.0,107.0,216.0
2029-10-05,Friday,Fries,Hot,0,0,1.0,84.33,286.0,171.0,316.0
2029-07-06,Friday,Burgers,Cold,0,0,0.0,188.8,320.0,134.0,277.0
2026-04-18,Saturday,McNuggets,Sunny,0,1,1.0,164.28,327.0,218.0,575.0
2028-08-24,Thursday,Desserts,Sunny,0,0,1.0,97.16,197.0,149.0,359.0
2029-02-22,Thursday,Burgers,Cloudy,0,0,1.0,140.86,290.0,151.0,329.0
2026-08-15,Saturday,Beverages,Sunny,1,1,0.0,48.92,333.0,193.0,463.0
2024-05-01,Wednesday,Breakfast,Sunny,0,0,1.0,138.1,369.0,133.0,280.0
2028-01-17,Monday,Breakfast,Cloudy,0,0,0.0,85.98,347.0,95.0,150.0
2024-06-14,Friday,Burgers,Hot,0,0,1.0,118.02,283.0,207.0,376.0
2023-05-12,Friday,McNuggets,Hot,0,0,0.0,129.63,225.0,129.0,270.0
2028-04-24,Monday,Fries,Cloudy,0,0,0.0,57.81,258.0,149.0,364.0
2026-11-18,Wednesday,Beverages,Rainy,0,0,1.0,95.43,129.0,153.0,303.0
2022-12-02,Friday,Burgers,Hot,0,0,1.0,126.9,388.0,212.0,502.0
2023-05-31,Wednesday,Burgers,Cold,0,0,,125.12,252.0,125.0,205.0
2025-09-10,Wednesday,Desserts,Hot,0,0,1.0,86.47,201.0,152.0,308.0
2024-10-12,Saturday,Desserts,Sunny,0,1,1.0,50.99,256.0,216.0,540.0
2029-12-08,Saturday,Beverages,Cold,0,1,0.0,83.05,214.0,143.0,289.0
2029-10-08,Monday,Burgers,Cloudy,0,0,0.0,172.27,338.0,122.0,251.0
2026-11-17,Tuesday,Desserts,Sunny,0,0,0.0,85.17,322.0,115.0,153.0
2029-01-13,Saturday,Desserts,Cold,0,1,0.0,102.81,95.0,150.0,288.0
2026-11-21,Saturday,Desserts,Cloudy,0,1,0.0,55.95,351.0,149.0,288.0
2027-09-02,Thursday,Breakfast,Rainy,0,0,0.0,88.74,135.0,66.0,123.0
2022-12-23,Friday,Burgers,Rainy,0,0,0.0,176.84,497.0,81.0,197.0
2029-11-26,Monday,Beverages,Rainy,0,0,1.0,58.41,353.0,164.0,343.0
2025-08-05,Tuesday,Beverages,Sunny,0,0,0.0,97.44,,161.0,268.0
2026-06-24,Wednesday,Fries,Cold,0,0,0.0,107.77,257.0,109.0,224.0
2023-07-05,Wednesday,Beverages,Hot,0,0,0.0,51.36,135.0,124.0,278.0
2028-07-16,Sunday,McNuggets,Rainy,0,1,0.0,,353.0,157.0,323.0
2028-10-15,Sunday,Breakfast,Cloudy,1,1,1.0,128.02,298.0,247.0,609.0
2028-11-26,Sunday,Burgers,Rainy,0,1,0.0,111.43,347.0,138.0,276.0
2028-03-15,Wednesday,McNuggets,Cloudy,0,0,0.0,161.59,438.0,113.0,146.0
2025-05-12,Monday,Fries,Rainy,0,0,0.0,98.47,425.0,117.0,198.0
2029-06-06,Wednesday,Fries,Cold,0,0,0.0,77.49,316.0,122.0,260.0
2024-08-15,Thursday,Burgers,Cloudy,1,0,0.0,170.54,278.0,164.0,353.0
2026-11-09,Monday,Desserts,Hot,0,0,0.0,64.16,364.0,70.0,219.0
2027-11-12,Friday,Beverages,Sunny,0,0,1.0,96.81,200.0,198.0,410.0
2024-10-05,Saturday,Fries,Rainy,0,1,0.0,96.96,203.0,115.0,217.0
2024-12-28,Saturday,McNuggets,Cloudy,0,1,0.0,119.76,342.0,156.0,296.0
2029-05-31,Thursday,Fries,Sunny,0,0,0.0,109.82,331.0,126.0,188.0
2024-09-23,Monday,Desserts,Cloudy,0,0,0.0,112.83,305.0,107.0,229.0
2026-08-07,Friday,McNuggets,Rainy,0,0,0.0,112.82,244.0,118.0,223.0
2022-06-03,Friday,Beverages,Cloudy,0,0,0.0,72.28,315.0,155.0,367.0
2029-09-17,Monday,Beverages,Sunny,0,0,0.0,76.33,456.0,117.0,257.0
2023-08-04,Friday,Beverages,Cloudy,0,0,1.0,60.08,261.0,179.0,408.0
2026-01-10,Saturday,Beverages,Cold,0,1,1.0,76.47,163.0,227.0,559.0
2023-12-05,Tuesday,Burgers,Hot,0,0,0.0,174.0,232.0,159.0,313.0
2025-04-27,Sunday,Burgers,Cloudy,0,1,0.0,119.49,243.0,180.0,426.0
2024-06-15,Saturday,Fries,Sunny,0,1,1.0,94.48,357.0,214.0,443.0
2023-05-03,Wednesday,Fries,Sunny,0,0,0.0,65.25,323.0,89.0,161.0
2023-07-14,Friday,McNuggets,Cloudy,0,0,1.0,136.95,272.0,183.0,494.0
2025-02-15,Saturday,Fries,Sunny,0,1,0.0,80.81,247.0,173.0,357.0
2025-01-24,Friday,Burgers,Rainy,0,0,0.0,170.34,126.0,109.0,238.0
2023-05-28,Sunday,Desserts,Cold,0,1,1.0,55.31,478.0,211.0,467.0
2023-09-26,Tuesday,Beverages,Cloudy,0,0,0.0,81.56,300.0,131.0,314.0
2029-03-01,Thursday,Fries,Hot,0,0,1.0,72.68,446.0,176.0,354.0
2026-07-23,Thursday,Desserts,Hot,0,0,0.0,91.23,293.0,128.0,289.0
2024-10-09,Wednesday,Desserts,Rainy,0,0,0.0,114.95,328.0,93.0,178.0
2027-04-16,Friday,Beverages,Cloudy,0,0,1.0,65.43,351.0,144.0,368.0
2025-02-24,Monday,McNuggets,Sunny,0,0,1.0,161.1,254.0,158.0,335.0
2029-10-10,Wednesday,Fries,Rainy,0,0,0.0,64.5,365.0,80.0,106.0
2022-04-27,Wednesday,Breakfast,Hot,0,0,0.0,112.2,374.0,149.0,277.0
2024-01-11,Thursday,Beverages,Cold,0,0,0.0,45.51,300.0,139.0,
2029-11-23,Friday,Burgers,Cold,0,0,0.0,110.01,219.0,101.0,242.0
2027-05-29,Saturday,Fries,Sunny,0,1,0.0,95.71,414.0,98.0,1091.0
2024-12-17,Tuesday,Burgers,Sunny,0,0,1.0,154.56,147.0,195.0,451.0
2026-12-16,Wednesday,McNuggets,Sunny,0,0,0.0,141.55,319.0,130.0,298.0
2024-04-10,Wednesday,Fries,Cloudy,0,0,1.0,77.51,199.0,179.0,1452.0
2022-04-30,Saturday,Beverages,Sunny,0,1,0.0,92.42,258.0,158.0,365.0
2023-10-19,Thursday,Fries,Cloudy,0,0,0.0,106.97,295.0,117.0,252.0
2029-07-28,Saturday,Desserts,Hot,0,1,1.0,94.38,162.0,196.0,465.0
2029-06-18,Monday,Fries,Rainy,0,0,1.0,77.58,355.0,129.0,240.0
2030-02-14,Thursday,McNuggets,Cold,0,0,0.0,160.22,205.0,141.0,315.0
2023-09-28,Thursday,Beverages,Cloudy,0,0,0.0,55.94,305.0,103.0,167.0
2023-01-05,Thursday,Burgers,Rainy,0,0,1.0,156.51,326.0,167.0,422.0
2022-09-26,Monday,Fries,Rainy,0,0,0.0,63.03,278.0,97.0,181.0
2022-02-16,Wednesday,Fries,Cloudy,0,0,0.0,76.85,327.0,119.0,241.0
2024-09-18,Wednesday,McNuggets,Sunny,0,0,0.0,116.01,274.0,121.0,294.0
2024-05-26,Sunday,McNuggets,Sunny,0,1,0.0,94.65,453.0,175.0,425.0
2024-02-13,Tuesday,Fries,SUNNY,0,0,0.0,78.18,341.0,142.0,343.0
2025-05-04,Sunday,Fries,Sunny,0,1,1.0,60.02,558.0,199.0,422.0
2025-01-31,Friday,Burgers,Rainy,0,0,0.0,149.44,268.0,125.0,357.0
2022-01-05,Wednesday,Burgers,Rainy,0,0,0.0,160.4,203.0,132.0,305.0
2026-05-15,Friday,McNuggets,Rainy,0,0,1.0,146.02,277.0,142.0,351.0
2028-04-30,Sunday,Desserts,Rainy,0,1,0.0,85.62,330.0,135.0,254.0
2028-10-27,Friday,Burgers,,0,0,0.0,133.49,388.0,148.0,303.0
2024-12-13,Friday,McNuggets,Sunny,0,0,0.0,125.37,262.0,132.0,258.0
2024-04-17,Wednesday,Fries,Sunny,0,0,0.0,68.47,169.0,109.0,227.0
2023-11-13,Monday,Fries,Sunny,0,0,0.0,56.32,222.0,118.0,271.0
2026-09-12,Saturday,Desserts,Cloudy,0,1,1.0,52.63,244.0,207.0,456.0
2028-06-10,Saturday,McNuggets,Sunny,0,1,1.0,111.91,190.0,209.0,478.0
2029-03-02,Friday,Fries,Sunny,0,0,0.0,57.06,322.0,150.0,289.0
2028-06-19,Monday,Beverages,Sunny,0,0,0.0,68.59,408.0,161.0,298.0
2028-01-07,Friday,Desserts,Sunny,0,0,0.0,72.9,289.0,136.0,241.0
2025-02-22,Saturday,Breakfast,Rainy,0,1,0.0,130.06,294.0,144.0,323.0
2023-07-29,Saturday,Desserts,Cold,0,1,0.0,76.61,440.0,144.0,307.0
2022-02-20,Sunday,Desserts,Sunny,0,1,0.0,107.34,493.0,156.0,285.0
2024-05-03,Friday,Desserts,Cold,0,0,1.0,90.18,387.0,124.0,
2027-06-06,Sunday,Beverages,Rainy,0,1,0.0,93.33,257.0,118.0,256.0
2026-12-29,Tuesday,Breakfast,Cloudy,0,0,1.0,79.0,273.0,159.0,333.0
2024-04-13,Saturday,Burgers,Cloudy,0,1,1.0,189.64,267.0,216.0,469.0
2025-01-20,Monday,McNuggets,Cloudy,0,0,1.0,103.74,370.0,180.0,342.0
2025-03-12,Wednesday,Breakfast,Sunny,0,0,1.0,99.29,150.0,173.0,456.0
2028-11-23,Thursday,McNuggets,Sunny,0,0,0.0,146.75,364.0,136.0,278.0
2027-03-22,Monday,Desserts,Cold,0,0,0.0,83.17,566.0,93.0,268.0
2024-08-29,Thursday,Desserts,Cloudy,0,0,0.0,118.33,273.0,113.0,241.0
2023-02-04,Saturday,Breakfast,Rainy,0,1,1.0,71.58,189.0,162.0,361.0
2029-01-03,Wednesday,Beverages,Rainy,0,0,1.0,91.67,409.0,169.0,411.0
2028-06-26,Monday,Fries,Hot,0,0,0.0,74.22,528.0,115.0,278.0
2022-01-20,Thursday,Fries,Hot,0,0,0.0,91.24,248.0,153.0,260.0
2023-11-16,Thursday,Desserts,Rainy,0,0,0.0,88.78,180.0,77.0,105.0
2022-02-05,Saturday,Breakfast,Sunny,0,1,0.0,120.37,195.0,165.0,319.0
2029-11-03,Saturday,McNuggets,Cloudy,0,1,0.0,165.08,368.0,175.0,336.0
2023-06-09,Friday,Breakfast,Sunny,0,0,0.0,75.23,138.0,138.0,247.0
2028-09-21,Thursday,Burgers,Sunny,0,0,0.0,118.06,307.0,105.0,280.0
2024-07-09,Tuesday,Desserts,Cold,0,0,1.0,69.45,268.0,153.0,397.0
2027-01-16,Saturday,Beverages,Cold,0,1,0.0,70.93,438.0,188.0,379.0
2027-03-06,Saturday,Burgers,Cloudy,0,1,0.0,178.44,180.0,159.0,373.0
2023-06-22,Thursday,Fries,Cloudy,0,0,1.0,97.6,181.0,146.0,388.0
2026-09-02,Wednesday,Burgers,Cloudy,0,0,0.0,157.14,310.0,130.0,307.0
2030-02-13,Wednesday,McNuggets,Cold,0,0,0.0,126.24,190.0,121.0,244.0
2022-09-03,Saturday,Desserts,Sunny,0,1,0.0,114.04,347.0,164.0,290.0
2024-02-24,Saturday,Burgers,Hot,0,1,1.0,153.39,293.0,238.0,501.0
2025-11-10,Monday,Desserts,Rainy,0,0,0.0,,348.0,74.0,185.0
2028-12-12,Tuesday,Burgers,Hot,0,0,1.0,150.51,330.0,213.0,411.0
2022-06-04,Saturday,Desserts,Cloudy,0,1,0.0,61.84,350.0,98.0,177.0
2026-08-14,Friday,Desserts,Sunny,0,0,1.0,81.91,310.0,150.0,358.0
2023-09-18,Monday,Fries,Sunny,0,0,0.0,73.17,485.0,104.0,186.0
2029-12-20,Thursday,Fries,Cloudy,0,0,1.0,105.96,424.0,169.0,329.0
2025-09-08,Monday,Fries,Hot,0,0,0.0,81.85,394.0,126.0,288.0
2023-07-24,Monday,Fries,Hot,0,0,0.0,100.36,332.0,136.0,259.0
2030-02-15,Friday,Beverages,Sunny,0,0,1.0,50.5,296.0,172.0,451.0
2026-10-25,Sunday,Burgers,Cloudy,1,1,1.0,137.13,547.0,256.0,582.0
2026-12-22,Tuesday,Fries,Cold,0,0,0.0,103.94,293.0,130.0,200.0
2027-08-28,Saturday,Breakfast,Sunny,0,1,0.0,76.38,406.0,157.0,441.0
2022-05-08,Sunday,Desserts,Sunny,0,1,0.0,92.08,236.0,147.0,322.0
2028-03-11,Saturday,McNuggets,Hot,0,1,0.0,114.21,296.0,173.0,343.0
2027-06-30,Wednesday,Beverages,Hot,0,0,1.0,80.28,265.0,164.0,425.0
2024-09-07,Saturday,Fries,Hot,0,1,0.0,74.46,278.0,166.0,427.0
2029-01-29,Monday,McNuggets,Sunny,0,0,0.0,143.1,407.0,89.0,216.0
2022-07-10,Sunday,Burgers,Cloudy,0,1,0.0,182.32,458.0,173.0,368.0
2025-02-13,Thursday,McNuggets,Rainy,0,0,0.0,134.27,266.0,104.0,189.0
2024-09-19,Thursday,Fries,Hot,0,0,0.0,80.91,266.0,134.0,269.0
2023-12-01,Friday,Beverages,Sunny,1,0,0.0,89.5,325.0,146.0,282.0
2023-08-30,Wednesday,Burgers,,0,0,0.0,,271.0,149.0,330.0
2022-06-30,Thursday,Fries,Sunny,0,0,0.0,78.61,189.0,118.0,280.0
2022-10-29,Saturday,Beverages,Cold,0,1,0.0,72.23,361.0,161.0,311.0
2028-12-19,Tuesday,Burgers,Rainy,0,0,0.0,146.05,297.0,117.0,318.0
2029-09-10,Monday,McNuggets,Cloudy,0,0,0.0,98.43,304.0,124.0,210.0
2024-11-26,Tuesday,Desserts,Sunny,0,0,1.0,68.07,339.0,158.0,321.0
2024-09-25,Wednesday,Desserts,Cloudy,0,0,0.0,77.82,416.0,121.0,219.0
2029-12-22,Saturday,McNuggets,Rainy,0,1,1.0,106.25,315.0,201.0,430.0
2029-01-09,Tuesday,Fries,Sunny,0,0,0.0,69.49,162.0,110.0,223.0
2024-12-05,Thursday,Fries,Hot,0,0,0.0,104.17,141.0,128.0,221.0
2028-11-29,Wednesday,Breakfast,Cloudy,0,0,0.0,,219.0,107.0,126.0
2028-01-15,Saturday,Desserts,Cloudy,1,1,0.0,114.08,218.0,196.0,472.0
2025-05-28,Wednesday,Breakfast,Cloudy,0,0,0.0,92.27,236.0,84.0,178.0
2022-01-17,Monday,Fries,Hot,0,0,0.0,60.71,447.0,113.0,231.0
2027-06-07,Monday,Beverages,Hot,0,0,0.0,64.63,243.0,113.0,287.0
2023-07-01,Saturday,Burgers,RAINY ,0,1,0.0,121.65,245.0,182.0,375.0
2023-10-21,Saturday,McNuggets,Rainy,0,1,0.0,141.33,293.0,133.0,372.0
2029-06-30,Saturday,Beverages,Sunny,0,1,0.0,80.44,176.0,152.0,364.0
2029-07-31,Tuesday,Beverages,Sunny,0,0,0.0,45.56,242.0,143.0,343.0
2026-02-13,Friday,Fries,Cloudy,0,0,0.0,98.8,255.0,79.0,175.0
2024-08-17,Saturday,Breakfast,Sunny,0,1,1.0,86.38,471.0,188.0,408.0
2028-05-20,Saturday,Burgers,Cloudy,0,1,0.0,121.22,291.0,160.0,418.0
2024-03-08,Friday,Beverages,Sunny,0,0,0.0,80.49,351.0,133.0,283.0
2022-08-14,Sunday,Fries,Cold,0,1,0.0,106.01,319.0,174.0,373.0
2027-09-06,Monday,Desserts,Cold,0,0,1.0,71.02,309.0,152.0,293.0
2026-12-05,Saturday,Burgers,Rainy,0,1,0.0,117.76,317.0,151.0,319.0
2028-10-21,Saturday,Desserts,Cold,0,1,1.0,78.19,437.0,172.0,457.0
2030-03-17,Sunday,Fries,Hot,0,1,1.0,71.9,435.0,200.0,443.0
2028-03-27,Monday,Beverages,Cloudy,0,0,0.0,78.23,276.0,138.0,292.0
2027-09-17,Friday,Beverages,Cloudy,0,0,0.0,66.56,308.0,131.0,283.0
2026-08-21,Friday,Burgers,Cloudy,0,0,0.0,125.44,270.0,149.0,323.0
2024-11-11,Monday,McNuggets,Cloudy,0,0,0.0,139.55,460.0,128.0,326.0
2023-04-15,Saturday,Desserts,Sunny,0,1,1.0,75.21,389.0,199.0,445.0
2024-08-12,Monday,Beverages,Sunny,0,0,1.0,54.14,346.0,177.0,411.0
2027-08-03,Tuesday,Breakfast,Hot,0,0,1.0,110.21,320.0,156.0,303.0
2023-10-02,Monday,Fries,Sunny,0,0,0.0,56.19,363.0,102.0,203.0
2029-09-13,Thursday,McNuggets,Hot,0,0,1.0,105.51,231.0,148.0,341.0
2025-05-03,Saturday,McNuggets,,0,1,1.0,133.35,427.0,202.0,570.0
2025-03-04,Tuesday,Desserts,Cold,0,0,0.0,113.1,202.0,101.0,187.0
2025-11-16,Sunday,Desserts,Cloudy,0,1,0.0,107.8,390.0,134.0,281.0
2029-07-09,Monday,McNuggets,Rainy,0,0,0.0,90.45,305.0,96.0,230.0
2026-03-08,Sunday,Fries,Cold,0,1,0.0,58.91,446.0,152.0,327.0
2030-02-03,Sunday,McNuggets,Rainy,0,1,0.0,157.71,292.0,131.0,251.0
2025-07-24,Thursday,Burgers,Sunny,0,0,0.0,182.9,278.0,98.0,271.0
2029-12-10,Monday,Burgers,Rainy,0,0,0.0,115.2,457.0,75.0,216.0
2026-05-23,Saturday,Fries,Cloudy,0,1,1.0,105.12,246.0,182.0,466.0
2022-06-10,Friday,Fries,Cloudy,0,0,0.0,104.99,419.0,109.0,181.0
2026-09-01,Tuesday,Beverages,Cloudy,0,0,0.0,50.29,216.0,121.0,306.0
2024-08-14,Wednesday,Beverages,Cold,0,0,0.0,85.8,250.0,141.0,
2030-01-28,Monday,Desserts,Hot,0,0,0.0,100.53,307.0,132.0,232.0
2024-05-27,Monday,McNuggets,sunny,0,0,0.0,119.78,418.0,152.0,314.0
2027-04-04,Sunday,Beverages,Cloudy,0,1,0.0,60.12,285.0,131.0,300.0
2027-02-28,Sunday,Burgers,Sunny,0,1,0.0,151.09,375.0,177.0,400.0
2028-01-10,Monday,Desserts,Cloudy,0,0,0.0,65.9,341.0,118.0,189.0
2022-04-09,Saturday,Burgers,Sunny,0,1,0.0,184.93,360.0,179.0,312.0
2029-11-01,Thursday,Fries,Cloudy,0,0,1.0,55.82,229.0,136.0,363.0
2029-01-01,Monday,Fries,Hot,1,0,0.0,100.19,414.0,146.0,299.0
2022-09-11,Sunday,Fries,Sunny,0,1,0.0,71.73,245.0,143.0,346.0
2022-04-14,Thursday,Beverages,Cloudy,0,0,1.0,84.39,193.0,206.0,436.0
2025-12-16,Tuesday,Burgers,Cold,0,0,1.0,167.29,263.0,155.0,409.0
2025-12-14,Sunday,Beverages,Cloudy,0,1,0.0,98.51,351.0,168.0,360.0
2026-07-07,Tuesday,Breakfast,Hot,0,0,0.0,139.48,243.0,117.0,179.0
2023-08-10,Thursday,Burgers,Cloudy,0,0,0.0,124.45,263.0,144.0,275.0
2023-09-20,Wednesday,Breakfast,Hot,0,0,0.0,131.05,437.0,91.0,122.0
2026-08-24,Monday,Burgers,Cloudy,0,0,0.0,187.43,327.0,110.0,239.0
2027-10-03,Sunday,Beverages,Rainy,0,1,1.0,93.12,559.0,210.0,514.0
2028-01-09,Sunday,Fries,Sunny,0,1,0.0,106.76,364.0,153.0,353.0
2023-02-08,Wednesday,Breakfast,Cloudy,0,0,1.0,91.06,260.0,156.0,294.0
2025-02-28,Friday,McNuggets,Sunny,0,0,0.0,153.65,289.0,139.0,324.0
2028-03-05,Sunday,McNuggets,Cloudy,0,1,1.0,166.2,335.0,214.0,449.0
2026-08-10,Monday,McNuggets,,0,0,0.0,109.79,317.0,121.0,202.0
2027-08-19,Thursday,Beverages,Cloudy,0,0,0.0,77.97,262.0,149.0,308.0
2029-11-18,Sunday,McNuggets,Cloudy,0,1,0.0,140.79,436.0,145.0,272.0
2023-03-29,Wednesday,Beverages,Rainy,0,0,0.0,53.05,337.0,130.0,253.0
2028-04-20,Thursday,McNuggets,Sunny,0,0,0.0,105.81,266.0,126.0,260.0
2025-08-20,Wednesday,Breakfast,Cold,0,0,1.0,86.29,262.0,138.0,306.0
2027-08-12,Thursday,Burgers,Cloudy,0,0,0.0,123.35,444.0,141.0,223.0
2024-05-30,Thursday,Fries,Cloudy,0,0,1.0,78.26,209.0,194.0,480.0
2030-01-31,Thursday,McNuggets,Hot,0,0,0.0,93.94,366.0,92.0,145.0
2023-09-16,Saturday,Beverages,Hot,0,1,0.0,85.79,308.0,164.0,329.0
2028-07-21,Friday,Burgers,Rainy,0,0,1.0,158.97,363.0,158.0,351.0
2029-09-06,Thursday,Desserts,Sunny,0,0,1.0,58.04,303.0,181.0,366.0
2026-11-23,Monday,McNuggets,Cold,0,0,1.0,90.71,369.0,162.0,400.0
2022-09-20,Tuesday,Burgers,Cloudy,0,0,0.0,164.99,408.0,141.0,302.0
2026-06-23,Tuesday,Desserts,Sunny,0,0,0.0,75.48,285.0,122.0,257.0
2025-12-09,Tuesday,Burgers,Cold,0,0,0.0,146.48,256.0,126.0,294.0
2028-01-08,Saturday,Beverages,Cloudy,0,1,0.0,71.84,201.0,190.0,380.0
2027-05-24,Monday,Burgers,Cloudy,0,0,1.0,125.57,349.0,186.0,414.0
2028-11-25,Saturday,McNuggets,Hot,0,1,0.0,144.87,323.0,151.0,349.0
2026-12-08,Tuesday,Fries,Cold,0,0,1.0,58.67,219.0,147.0,408.0
2023-10-03,Tuesday,Burgers,Sunny,0,0,1.0,148.69,216.0,136.0,358.0
2028-07-13,Thursday,McNuggets,Cloudy,0,0,0.0,128.51,206.0,132.0,296.0
2029-02-11,Sunday,Fries,Rainy,0,1,0.0,66.83,301.0,157.0,307.0
2029-11-04,Sunday,Beverages,Rainy,0,1,0.0,88.41,324.0,181.0,426.0
2027-05-14,Friday,Breakfast,Hot,0,0,0.0,129.71,255.0,74.0,101.0
2023-05-04,Thursday,Desserts,Sunny,0,0,0.0,56.98,148.0,108.0,257.0
2027-01-18,Monday,McNuggets,Sunny,0,0,0.0,113.33,269.0,109.0,239.0
2026-10-01,Thursday,Burgers,Cloudy,1,0,0.0,139.14,443.0,179.0,466.0
2022-05-27,Friday,McNuggets,Cold,0,0,0.0,118.41,252.0,128.0,290.0
2026-03-15,Sunday,Beverages,Rainy,0,1,1.0,77.83,350.0,220.0,472.0
2027-06-10,Thursday,McNuggets,Rainy,0,0,1.0,93.02,420.0,160.0,427.0
2025-10-01,Wednesday,Fries,Sunny,1,0,1.0,88.35,300.0,192.0,536.0
2028-09-16,Saturday,Fries,Sunny,0,1,0.0,64.59,305.0,117.0,227.0
2030-02-18,Monday,Fries,Hot,0,0,0.0,60.22,331.0,103.0,224.0
2023-10-22,Sunday,McNuggets,Cold,0,1,0.0,155.38,400.0,187.0,405.0
2026-11-30,Monday,Burgers,Sunny,0,0,1.0,123.87,310.0,184.0,400.0
2028-11-16,Thursday,Desserts,Cold,0,0,0.0,91.88,264.0,87.0,133.0
2022-07-06,Wednesday,Breakfast,Cloudy,0,0,1.0,120.99,493.0,134.0,237.0
2025-02-21,Friday,McNuggets,Cloudy,0,0,0.0,131.54,342.0,132.0,288.0
2023-09-01,Friday,Beverages,Cold,0,0,1.0,56.3,221.0,165.0,382.0
2028-01-01,Saturday,Desserts,Rainy,1,1,0.0,60.74,432.0,108.0,260.0
2029-08-31,Friday,Burgers,Sunny,0,0,0.0,141.61,256.0,115.0,273.0
2027-04-15,Thursday,McNuggets,Cloudy,0,0,1.0,159.09,203.0,142.0,351.0
2022-07-17,Sunday,Desserts,Hot,0,1,1.0,117.19,310.0,201.0,412.0
2028-05-16,Tuesday,Burgers,Sunny,0,0,1.0,119.17,197.0,165.0,436.0
2022-10-21,Friday,Fries,Cloudy,0,0,0.0,,336.0,130.0,308.0
2024-02-06,Tuesday,Breakfast,Rainy,0,0,1.0,114.38,267.0,151.0,324.0
2023-02-05,Sunday,Burgers,Sunny,0,1,0.0,164.95,350.0,185.0,452.0
2022-05-03,Tuesday,Fries,Sunny,0,0,0.0,91.16,99.0,130.0,281.0
2022-07-22,Friday,Burgers,Sunny,0,0,1.0,157.94,319.0,188.0,444.0
2024-04-15,Monday,Beverages,Cloudy,0,0,0.0,45.82,450.0,128.0,284.0
2028-04-13,Thursday,Burgers,,0,0,1.0,113.39,277.0,190.0,434.0
2025-12-10,Wednesday,McNuggets,Sunny,0,0,0.0,117.55,289.0,140.0,311.0
2026-09-30,Wednesday,Beverages,Cold,0,0,1.0,78.58,166.0,143.0,429.0
2026-08-23,Sunday,Burgers,Hot,0,1,0.0,174.76,371.0,181.0,337.0
2030-02-10,Sunday,Fries,Cloudy,0,1,0.0,72.04,270.0,180.0,401.0
2026-09-04,Friday,Burgers,Sunny,0,0,1.0,153.05,328.0,213.0,481.0
2030-01-26,Saturday,Beverages,Sunny,1,1,1.0,59.98,432.0,229.0,566.0
2025-02-27,Thursday,McNuggets,Cloudy,0,0,1.0,94.25,375.0,135.0,285.0
2026-07-20,Monday,Beverages,Rainy,0,0,0.0,47.64,363.0,106.0,249.0
2028-08-29,Tuesday,Desserts,Rainy,0,0,0.0,,208.0,99.0,198.0
2026-10-26,Monday,Beverages,Cold,1,0,0.0,84.04,574.0,147.0,300.0
2024-05-04,Saturday,Burgers,Rainy,0,1,0.0,179.04,278.0,153.0,407.0
2026-05-09,Saturday,McNuggets,Rainy,0,1,0.0,101.16,206.0,126.0,320.0
2028-03-17,Friday,McNuggets,Cloudy,0,0,0.0,106.36,213.0,157.0,249.0
2023-10-04,Wednesday,Fries,Cold,0,0,1.0,82.56,369.0,134.0,286.0
2022-01-02,Sunday,Desserts,Hot,0,1,0.0,86.78,361.0,159.0,325.0
2027-12-01,Wednesday,McNuggets,Rainy,1,0,1.0,110.18,392.0,190.0,386.0
2023-11-30,Thursday,Burgers,Cold,0,0,1.0,152.56,110.0,168.0,347.0
2026-06-25,Thursday,Fries,Cloudy,0,0,0.0,79.42,196.0,65.0,100.0
2025-07-15,Tuesday,Burgers,Sunny,0,0,0.0,110.58,239.0,131.0,302.0
2029-11-30,Friday,Fries,Rainy,0,0,0.0,92.11,253.0,90.0,199.0
2028-10-25,Wednesday,Fries,Cold,1,0,0.0,81.54,307.0,152.0,327.0
2026-03-01,Sunday,Burgers,Hot,0,1,0.0,152.74,235.0,208.0,473.0
2027-01-28,Thursday,Breakfast,Cloudy,0,0,0.0,125.55,345.0,93.0,185.0
2025-02-10,Monday,Breakfast,Rainy,0,0,1.0,78.35,535.0,137.0,203.0
2030-01-11,Friday,Burgers,Sunny,0,0,0.0,116.2,292.0,131.0,258.0
2026-06-20,Saturday,Fries,Cloudy,0,1,0.0,95.84,171.0,145.0,340.0
2027-06-22,Tuesday,Burgers,Hot,0,0,1.0,130.57,250.0,172.0,375.0
2023-10-26,Thursday,Fries,Sunny,1,0,1.0,57.16,319.0,195.0,504.0
2023-11-15,Wednesday,McNuggets,Sunny,0,0,0.0,155.59,399.0,122.0,205.0
2025-06-11,Wednesday,Beverages,Cloudy,0,0,0.0,72.58,236.0,118.0,251.0
2022-11-14,Monday,Burgers,Sunny,0,0,0.0,139.59,418.0,106.0,186.0
2023-10-11,Wednesday,Breakfast,Rainy,0,0,0.0,111.29,361.0,113.0,197.0
2025-12-05,Friday,Burgers,Sunny,0,0,0.0,182.63,225.0,123.0,306.0
2026-01-19,Monday,Beverages,Rainy,0,0,0.0,64.55,358.0,146.0,333.0
2023-12-11,Monday,McNuggets,Cold,0,0,1.0,134.39,185.0,157.0,364.0
2025-07-06,Sunday,Beverages,Sunny,0,1,0.0,95.9,329.0,150.0,382.0
2026-11-04,Wednesday,Fries,Rainy,0,0,0.0,81.53,281.0,86.0,168.0
2024-08-30,Friday,Breakfast,Sunny,0,0,0.0,136.99,264.0,91.0,246.0
2029-04-29,Sunday,Fries,Sunny,0,1,0.0,67.09,301.0,172.0,338.0
2029-05-04,Friday,Fries,Sunny,0,0,0.0,64.03,395.0,104.0,137.0
2025-07-30,Wednesday,McNuggets,Cloudy,0,0,1.0,162.64,291.0,175.0,372.0
2025-11-01,Saturday,Burgers,Sunny,0,1,0.0,123.74,217.0,169.0,340.0
2025-11-09,Sunday,McNuggets,Cloudy,0,1,0.0,138.81,334.0,158.0,352.0
2028-02-16,Wednesday,Burgers,Rainy,0,0,1.0,180.1,361.0,-5.0,426.0
2026-02-05,Thursday,McNuggets,Cloudy,0,0,0.0,132.29,202.0,112.0,234.0
2027-08-01,Sunday,Fries,Rainy,1,1,0.0,105.83,533.0,151.0,
2026-03-10,Tuesday,Beverages,Sunny,0,0,0.0,46.69,74.0,138.0,294.0
2026-07-22,Wednesday,Beverages,Hot,0,0,0.0,69.44,357.0,144.0,300.0
2025-09-16,Tuesday,Beverages,Cloudy,0,0,0.0,68.95,210.0,118.0,242.0
2030-02-06,Wednesday,Fries,Hot,0,0,0.0,83.11,319.0,154.0,258.0
2030-02-26,Tuesday,McNuggets,Cloudy,0,0,0.0,127.43,320.0,150.0,260.0
2026-07-02,Thursday,McNuggets,Sunny,0,0,0.0,165.61,217.0,142.0,275.0
2024-11-17,Sunday,Beverages,Rainy,0,1,0.0,70.31,448.0,149.0,329.0
2024-03-06,Wednesday,Desserts,Rainy,0,0,0.0,90.12,215.0,,160.0
2029-05-17,Thursday,Beverages,Rainy,0,0,0.0,96.04,252.0,126.0,292.0
2026-05-17,Sunday,Burgers,Sunny,0,1,0.0,158.77,252.0,212.0,464.0
2029-02-17,Saturday,Burgers,Sunny,0,1,0.0,140.2,222.0,148.0,311.0
2029-06-22,Friday,Beverages,Cold,0,0,0.0,50.71,215.0,125.0,214.0
2029-03-10,Saturday,Desserts,Hot,0,1,0.0,55.0,178.0,163.0,403.0
2026-12-25,Friday,Fries,Sunny,1,0,0.0,78.64,384.0,142.0,344.0
2026-09-19,Saturday,Fries,Sunny,0,1,0.0,83.0,394.0,170.0,347.0
2025-03-29,Saturday,Desserts,Cloudy,0,1,1.0,76.32,351.0,170.0,396.0
2029-01-16,Tuesday,Fries,Hot,0,0,0.0,59.79,318.0,142.0,295.0
2024-11-25,Monday,McNuggets,Cold,0,0,1.0,115.34,499.0,160.0,350.0
2023-06-25,Sunday,Desserts,Sunny,0,1,0.0,63.07,352.0,165.0,399.0
2026-08-06,Thursday,Burgers,Rainy,0,0,0.0,125.06,476.0,90.0,218.0
2029-08-28,Tuesday,Burgers,Sunny,0,0,,128.0,170.0,146.0,354.0
2030-01-01,Tuesday,Breakfast,Sunny,1,0,0.0,76.89,198.0,121.0,250.0
2028-12-07,Thursday,Fries,Rainy,0,0,0.0,104.57,190.0,115.0,237.0
2026-10-24,Saturday,Beverages,Hot,0,1,,86.28,282.0,242.0,549.0
2027-04-08,Thursday,Fries,Cold,0,0,0.0,56.4,177.0,80.0,142.0
2022-04-06,Wednesday,Beverages,Rainy,0,0,1.0,92.97,212.0,168.0,370.0
2024-10-17,Thursday,McNuggets,Cloudy,0,0,0.0,104.16,359.0,117.0,256.0
2023-07-18,Tuesday,Burgers,Cloudy,0,0,0.0,152.72,308.0,134.0,306.0
2029-08-22,Wednesday,McNuggets,Sunny,0,0,1.0,155.46,240.0,185.0,365.0
2024-05-13,Monday,Beverages,Sunny,0,0,0.0,89.33,428.0,149.0,282.0
2026-01-24,Saturday,Fries,Sunny,0,1,0.0,57.72,215.0,170.0,355.0
2027-02-25,Thursday,Desserts,Cloudy,0,0,0.0,55.65,297.0,133.0,237.0
2024-11-04,Monday,Burgers,Rainy,0,0,0.0,155.02,312.0,100.0,188.0
2022-07-26,Tuesday,Burgers,Hot,0,0,0.0,150.09,384.0,163.0,344.0
2023-01-28,Saturday,Fries,Cold,0,1,1.0,67.95,177.0,179.0,471.0
2029-10-13,Saturday,Desserts,Sunny,0,1,0.0,112.07,418.0,171.0,316.0
2024-05-20,Monday,Fries,Cloudy,0,0,0.0,70.73,413.0,137.0,331.0
2023-02-02,Thursday,Beverages,Hot,0,0,0.0,70.33,192.0,147.0,348.0
2029-09-15,Saturday,Beverages,Sunny,0,1,0.0,58.23,324.0,157.0,355.0
2029-12-26,Wednesday,Breakfast,Cold,1,0,0.0,131.18,387.0,136.0,296.0
2024-10-25,Friday,Fries,Hot,1,0,0.0,90.96,371.0,173.0,334.0
2029-05-14,Monday,Beverages,Sunny,0,0,0.0,60.38,346.0,140.0,280.0
2026-01-25,Sunday,Fries,Hot,1,1,0.0,101.68,348.0,181.0,488.0
2029-04-14,Saturday,Beverages,Sunny,0,1,0.0,92.21,397.0,160.0,345.0
2024-08-18,Sunday,Burgers,Rainy,0,1,0.0,157.05,401.0,134.0,241.0
2026-04-20,Monday,McNuggets,Cloudy,0,0,0.0,140.4,222.0,140.0,
2029-08-05,Sunday,Beverages,Rainy,0,1,0.0,57.17,257.0,172.0,443.0
2027-03-11,Thursday,Breakfast,Sunny,0,0,1.0,80.7,287.0,174.0,374.0
2029-06-24,Sunday,Beverages,Cloudy,0,1,1.0,56.49,322.0,180.0,451.0
2027-11-17,Wednesday,Beverages,Rainy,0,0,0.0,70.81,257.0,102.0,292.0
2024-03-15,Friday,Beverages,Sunny,0,0,0.0,75.79,155.0,145.0,190.0
2026-10-18,Sunday,Burgers,Cloudy,0,1,0.0,158.5,312.0,166.0,379.0
2028-09-20,Wednesday,McNuggets,Rainy,0,0,1.0,168.88,319.0,,293.0
2023-05-18,Thursday,Fries,Cold,0,0,0.0,85.63,272.0,115.0,208.0
2024-02-19,Monday,McNuggets,Cold,0,0,0.0,139.23,459.0,96.0,182.0
2027-02-07,Sunday,Beverages,Cloudy,0,1,0.0,72.86,396.0,147.0,314.0
2022-07-20,Wednesday,McNuggets,Rainy,0,0,1.0,165.65,174.0,156.0,395.0
2027-12-23,Thursday,Burgers,Sunny,0,0,0.0,173.65,350.0,156.0,307.0
2027-09-20,Monday,Breakfast,Rainy,0,0,0.0,101.53,534.0,76.0,91.0
2028-03-28,Tuesday,McNuggets,Cold,0,0,0.0,155.34,318.0,99.0,212.0
2026-12-02,Wednesday,McNuggets,Sunny,0,0,1.0,122.68,383.0,195.0,420.0
2023-01-14,Saturday,Breakfast,Sunny,0,1,1.0,131.34,454.0,167.0,318.0
2028-05-25,Thursday,Beverages,Cloudy,0,0,1.0,62.2,258.0,199.0,380.0
2023-02-23,Thursday,McNuggets,Sunny,0,0,1.0,132.21,378.0,174.0,473.0
2026-08-26,Wednesday,Desserts,Sunny,1,0,0.0,100.92,496.0,145.0,354.0
2023-01-27,Friday,Beverages,Cold,0,0,0.0,99.92,339.0,97.0,200.0
2029-03-25,Sunday,Fries,Rainy,0,1,1.0,109.24,328.0,180.0,419.0
2026-03-03,Tuesday,Fries,Cold,0,0,0.0,103.05,260.0,93.0,222.0
2025-03-08,Saturday,Fries,Cloudy,0,1,0.0,81.09,359.0,156.0,354.0
2026-02-04,Wednesday,McNuggets,Rainy,0,0,0.0,103.32,370.0,125.0,207.0
2029-05-19,Saturday,Beverages,Cloudy,0,1,0.0,63.42,259.0,178.0,357.0
2027-07-21,Wednesday,Desserts,Sunny,0,0,0.0,82.84,273.0,96.0,153.0
2025-02-26,Wednesday,McNuggets,Rainy,0,0,1.0,112.42,181.0,156.0,375.0
2025-09-29,Monday,Desserts,Cloudy,0,0,0.0,75.64,423.0,144.0,274.0
2029-01-12,Friday,Breakfast,Hot,0,0,0.0,77.02,253.0,99.0,115.0
2022-03-06,Sunday,Fries,Rainy,0,1,0.0,82.74,281.0,171.0,437.0
2027-08-25,Wednesday,Breakfast,Cloudy,1,0,1.0,130.29,243.0,172.0,373.0
2025-03-26,Wednesday,Desserts,Cloudy,0,0,0.0,97.55,267.0,107.0,191.0
2023-05-08,Monday,Fries,Cold,0,0,0.0,74.17,328.0,107.0,145.0
2023-01-15,Sunday,Fries,Rainy,1,1,1.0,71.39,322.0,193.0,460.0
2028-02-14,Monday,McNuggets,Sunny,0,0,0.0,130.82,370.0,81.0,201.0
2024-02-03,Saturday,Breakfast,Sunny,0,1,0.0,136.32,180.0,126.0,275.0
2028-03-14,Tuesday,McNuggets,Cold,0,0,1.0,148.14,239.0,167.0,445.0
2024-03-02,Saturday,McNuggets,Sunny,0,1,0.0,131.39,398.0,175.0,425.0
2024-12-12,Thursday,Fries,Cloudy,0,0,0.0,66.15,175.0,138.0,261.0
2024-05-28,Tuesday,Burgers,Rainy,0,0,1.0,167.65,305.0,146.0,309.0
2022-12-04,Sunday,McNuggets,Hot,0,1,0.0,168.08,238.0,157.0,260.0
2029-07-30,Monday,Fries,Sunny,0,0,0.0,57.87,484.0,125.0,251.0
2028-06-01,Thursday,Fries,Sunny,0,0,0.0,102.94,331.0,113.0,214.0
2024-10-13,Sunday,Burgers,Cold,0,1,0.0,110.56,539.0,182.0,483.0
2025-06-29,Sunday,Burgers,Rainy,0,1,1.0,148.42,292.0,168.0,418.0
2023-04-01,Saturday,Beverages,Sunny,0,1,0.0,59.09,322.0,210.0,473.0
2024-03-26,Tuesday,Beverages,Rainy,0,0,0.0,83.32,214.0,111.0,987.0
2028-05-06,Saturday,Fries,Cold,0,1,1.0,80.02,395.0,168.0,442.0
2024-09-22,Sunday,Burgers,Cloudy,0,1,0.0,178.61,479.0,149.0,310.0
2027-06-05,Saturday,Breakfast,Sunny,0,1,0.0,111.45,235.0,142.0,275.0
2022-07-21,Thursday,Burgers,Cloudy,0,0,0.0,145.43,367.0,160.0,329.0
2022-06-11,Saturday,McNuggets,Sunny,0,1,0.0,141.03,177.0,132.0,247.0
2026-04-29,Wednesday,Beverages,Rainy,0,0,1.0,90.3,274.0,165.0,397.0
2029-08-09,Thursday,Burgers,Sunny,0,0,0.0,153.65,421.0,125.0,265.0
2028-09-15,Friday,Fries,Sunny,0,0,1.0,102.4,325.0,143.0,308.0
2023-12-04,Monday,Fries,Cloudy,0,0,0.0,94.36,381.0,119.0,208.0
2026-02-09,Monday,Beverages,Rainy,0,0,0.0,47.05,426.0,128.0,225.0
2025-02-03,Monday,Fries,Sunny,0,0,1.0,92.5,312.0,215.0,524.0
2029-02-26,Monday,Breakfast,Sunny,0,0,0.0,137.89,378.0,111.0,107.0
2024-10-18,Friday,Fries,Sunny,0,0,1.0,56.57,260.0,148.0,309.0
2026-05-05,Tuesday,Burgers,,0,0,0.0,135.74,114.0,133.0,227.0
2027-05-10,Monday,Desserts,Hot,0,0,0.0,110.11,476.0,147.0,225.0
2028-03-03,Friday,Breakfast,Sunny,0,0,0.0,133.12,312.0,121.0,240.0
2022-02-04,Friday,Desserts,Sunny,0,0,0.0,81.8,234.0,115.0,210.0
2024-02-15,Thursday,Burgers,Cold,0,0,0.0,147.19,227.0,127.0,255.0
2028-12-31,Sunday,Beverages,Sunny,0,1,0.0,92.35,309.0,161.0,411.0
2026-01-18,Sunday,Breakfast,Rainy,0,1,1.0,104.11,260.0,158.0,365.0
2025-10-22,Wednesday,Fries,Sunny,0,0,0.0,,241.0,108.0,170.0
2027-11-10,Wednesday,Breakfast,Cold,0,0,0.0,139.02,189.0,74.0,94.0
2025-09-25,Thursday,McNuggets,Cloudy,0,0,1.0,159.42,309.0,162.0,334.0
2030-01-24,Thursday,Burgers,Cloudy,0,0,1.0,176.1,185.0,172.0,310.0
2029-02-25,Sunday,Fries,Hot,0,1,1.0,66.36,502.0,214.0,393.0
2029-09-25,Tuesday,Fries,Sunny,0,0,1.0,99.99,315.0,161.0,365.0
2027-08-04,Wednesday,Beverages,Rainy,0,0,0.0,83.26,288.0,136.0,345.0
2022-08-30,Tuesday,Desserts,Cloudy,0,0,0.0,98.68,384.0,109.0,208.0
2027-08-24,Tuesday,Beverages,Cold,0,0,0.0,49.89,195.0,95.0,262.0
2028-06-21,Wednesday,Beverages,Rainy,0,0,0.0,65.45,282.0,126.0,288.0
2023-08-24,Thursday,Burgers,Sunny,0,0,0.0,111.53,255.0,126.0,248.0
2028-09-01,Friday,Fries,Hot,0,0,0.0,82.93,382.0,119.0,246.0
2025-07-21,Monday,Burgers,Sunny,0,0,0.0,138.73,253.0,135.0,306.0
2028-01-24,Monday,McNuggets,Cloudy,0,0,0.0,156.93,296.0,141.0,266.0
2029-11-28,Wednesday,Breakfast,Hot,0,0,0.0,109.23,203.0,103.0,180.0
2027-08-31,Tuesday,Burgers,Cold,0,0,0.0,150.74,222.0,149.0,287.0
2023-10-09,Monday,McNuggets,Cloudy,0,0,1.0,152.59,329.0,161.0,339.0
2026-03-09,Monday,Breakfast,Rainy,0,0,0.0,132.45,,46.0,86.0
2029-11-19,Monday,Burgers,Cloudy,0,0,0.0,178.5,262.0,136.0,240.0
2025-06-21,Saturday,Beverages,Sunny,0,1,0.0,66.89,,172.0,367.0
2027-03-15,Monday,Breakfast,Cold,0,0,1.0,,281.0,147.0,321.0
2023-07-17,Monday,Burgers,Sunny,0,0,0.0,165.26,440.0,153.0,306.0
2029-06-27,Wednesday,Desserts,Rainy,0,0,0.0,81.45,351.0,,155.0
2022-07-09,Saturday,Fries,Hot,0,1,0.0,99.78,225.0,167.0,444.0
2026-12-12,Saturday,McNuggets,Sunny,0,1,1.0,113.3,191.0,200.0,540.0
2024-09-02,Monday,Fries,Cold,0,0,0.0,65.24,391.0,101.0,219.0
2029-07-10,Tuesday,Burgers,Cold,0,0,0.0,113.42,206.0,125.0,274.0
2027-08-10,Tuesday,McNuggets,Cloudy,0,0,0.0,120.91,397.0,118.0,273.0
2029-01-02,Tuesday,Burgers,Sunny,0,0,1.0,119.78,329.0,169.0,417.0
2024-12-18,Wednesday,Beverages,Rainy,0,0,0.0,81.07,426.0,84.0,149.0
2023-04-20,Thursday,Beverages,Hot,0,0,1.0,95.5,301.0,162.0,395.0
2029-12-14,Friday,Beverages,Sunny,0,0,0.0,83.6,301.0,124.0,330.0
2024-01-18,Thursday,Beverages,Cloudy,0,0,0.0,61.87,198.0,134.0,292.0
2028-04-19,Wednesday,Breakfast,Hot,0,0,1.0,100.3,500.0,135.0,244.0
2022-01-22,Saturday,Burgers,Cloudy,0,1,1.0,179.72,238.0,201.0,484.0
2023-04-05,Wednesday,Burgers,sunny,0,0,,137.34,256.0,135.0,261.0
2025-03-30,Sunday,Burgers,Sunny,0,1,0.0,161.2,397.0,159.0,383.0
2028-05-13,Saturday,Breakfast,Sunny,0,1,0.0,136.16,141.0,117.0,307.0
2024-08-13,Tuesday,Fries,SUNNY,0,0,0.0,74.22,431.0,111.0,254.0
2025-04-30,Wednesday,Fries,Hot,0,0,0.0,98.12,230.0,141.0,237.0
2028-08-30,Wednesday,Fries,Sunny,0,0,1.0,80.54,188.0,179.0,350.0
2029-10-24,Wednesday,Desserts,Hot,0,0,0.0,103.04,259.0,108.0,206.0
2026-02-24,Tuesday,Burgers,Cloudy,0,0,1.0,149.53,251.0,157.0,421.0
2028-07-19,Wednesday,Burgers,Rainy,0,0,0.0,123.58,284.0,109.0,193.0
2024-02-09,Friday,Breakfast,Sunny,0,0,0.0,82.63,431.0,104.0,223.0
2026-08-13,Thursday,Desserts,Cloudy,0,0,1.0,70.85,,134.0,316.0
2022-05-11,Wednesday,Beverages,Hot,0,0,0.0,58.45,241.0,107.0,251.0
2029-12-29,Saturday,Fries,Rainy,0,1,0.0,101.32,339.0,134.0,355.0
2027-11-06,Saturday,Desserts,Cloudy,0,1,0.0,61.36,188.0,131.0,259.0
2026-01-22,Thursday,Beverages,Rainy,0,0,0.0,87.32,299.0,117.0,258.0
2022-11-27,Sunday,Fries,Rainy,0,1,0.0,93.26,346.0,118.0,322.0
2025-05-23,Friday,Desserts,Rainy,0,0,0.0,108.2,347.0,89.0,188.0
2023-04-12,Wednesday,Fries,Cloudy,0,0,0.0,105.92,140.0,115.0,199.0
2027-12-10,Friday,Fries,Hot,0,0,0.0,59.73,220.0,149.0,249.0
2026-06-27,Saturday,Desserts,Hot,0,1,0.0,102.56,253.0,164.0,381.0
2024-12-31,Tuesday,Burgers,Cloudy,0,0,0.0,140.63,262.0,149.0,265.0
2025-02-04,Tuesday,McNuggets,Sunny,0,0,0.0,169.48,545.0,122.0,258.0
2025-07-18,Friday,Breakfast,Cloudy,0,0,0.0,103.88,247.0,100.0,217.0
2024-05-10,Friday,Breakfast,Hot,0,0,0.0,129.43,227.0,100.0,144.0
