Previous_Day_Sales,Customers,Promotion,Is_Weekend,Food_Category,Sales,Food_Category_enc
365.0,133.0,0.0,0,Beverages,255.0,0
257.0,148.0,1.0,0,Burgers,370.0,2
212.0,118.0,0.0,0,Fries,225.0,4
359.0,205.0,1.0,1,Burgers,470.0,2
395.0,91.0,0.0,0,Breakfast,170.0,1
300.0,164.0,0.0,1,Mcnuggets,374.0,5
214.0,175.0,0.0,0,Burgers,329.0,2
394.0,134.0,0.0,1,Beverages,331.0,0
382.0,110.0,0.0,0,Burgers,233.0,2
175.0,114.0,0.0,1,Fries,270.0,4
248.0,132.0,0.0,1,Burgers,309.0,2
316.0,167.0,0.0,1,Mcnuggets,352.0,5
333.0,134.0,0.0,0,Mcnuggets,240.0,5
250.0,107.0,0.0,0,Mcnuggets,208.0,5
405.0,130.0,0.0,0,Fries,280.0,4
451.0,117.0,0.0,0,Fries,224.0,4
372.0,123.0,0.0,0,Burgers,269.0,2
304.0,185.0,1.0,0,Beverages,404.0,0
364.0,197.0,1.0,1,Mcnuggets,517.0,5
390.0,147.0,0.0,1,Desserts,347.0,3
374.0,128.0,1.0,0,Beverages,334.0,0
211.0,143.0,0.0,0,Fries,306.0,4
210.0,154.0,0.0,1,Mcnuggets,318.0,5
169.0,98.0,0.0,0,Desserts,171.0,3
181.0,132.0,0.0,0,Beverages,226.0,0
177.0,154.0,1.0,0,Desserts,429.0,3
389.0,188.0,1.0,1,Fries,447.0,4
222.0,125.0,1.0,0,Fries,254.0,4
182.0,125.0,0.0,0,Fries,235.0,4
306.0,179.0,1.0,0,Burgers,475.0,2
350.0,132.0,0.0,1,Beverages,313.0,0
311.0,179.0,1.0,0,Breakfast,421.0,1
170.0,161.0,0.0,1,Mcnuggets,263.0,5
288.0,132.0,0.0,0,Mcnuggets,211.0,5
302.0,148.0,1.0,0,Desserts,370.0,3
252.0,99.0,0.0,0,Desserts,208.0,3
474.0,130.0,0.0,1,Burgers,274.0,2
243.0,102.0,0.0,1,Beverages,252.0,0
499.0,137.0,0.0,0,Beverages,308.0,0
403.0,162.0,0.0,0,Burgers,335.0,2
135.0,116.0,0.0,0,Fries,259.0,4
204.0,189.0,1.0,0,Fries,500.0,4
147.0,122.0,1.0,0,Breakfast,244.0,1
308.0,165.0,1.0,0,Desserts,333.0,3
430.0,178.0,0.0,1,Desserts,333.0,3
403.0,153.0,0.0,0,Burgers,281.0,2
310.0,128.0,0.0,0,Burgers,188.0,2
244.0,141.0,0.0,1,Desserts,271.0,3
258.0,125.0,0.0,0,Breakfast,193.0,1
549.0,163.0,1.0,1,Breakfast,401.0,1
334.0,166.0,1.0,0,Fries,419.0,4
292.0,112.0,0.0,0,Fries,224.0,4
190.0,110.0,0.0,0,Breakfast,152.0,1
227.0,132.0,0.0,0,Burgers,250.0,2
247.0,163.0,0.0,1,Mcnuggets,335.0,5
359.0,194.0,1.0,0,Mcnuggets,395.0,5
301.0,141.0,0.0,0,Burgers,277.0,2
267.0,124.0,0.0,0,Fries,208.0,4
239.0,149.0,0.0,0,Burgers,237.0,2
304.0,151.0,0.0,0,Desserts,289.0,3
243.0,113.0,0.0,0,Beverages,287.0,0
335.0,147.0,1.0,0,Fries,355.0,4
320.0,125.0,0.0,0,Fries,209.0,4
264.0,139.0,0.0,0,Beverages,372.0,0
277.0,139.0,0.0,0,Mcnuggets,383.0,5
297.0,100.0,0.0,0,Fries,209.0,4
346.0,129.0,0.0,0,Desserts,204.0,3
246.0,209.0,1.0,0,Burgers,518.0,2
290.0,152.0,0.0,0,Burgers,296.0,2
407.0,110.0,0.0,0,Mcnuggets,213.0,5
346.0,191.0,0.0,1,Beverages,462.0,0
221.0,100.0,0.0,0,Mcnuggets,208.0,5
162.0,113.0,,0,Beverages,272.0,0
294.0,155.0,0.0,1,Fries,348.0,4
133.0,168.0,0.0,1,Mcnuggets,342.0,5
279.0,143.0,0.0,0,Desserts,269.0,3
440.0,187.0,1.0,0,Mcnuggets,365.0,5
505.0,189.0,1.0,1,Breakfast,403.0,1
308.0,115.0,0.0,0,Burgers,210.0,2
338.0,141.0,0.0,0,Fries,255.0,4
292.0,128.0,0.0,0,Breakfast,278.0,1
388.0,117.0,,0,Burgers,265.0,2
453.0,102.0,0.0,0,Fries,199.0,4
226.0,179.0,1.0,0,Desserts,397.0,3
334.0,241.0,1.0,1,Mcnuggets,497.0,5
268.0,167.0,1.0,0,Beverages,437.0,0
301.0,96.0,0.0,0,Fries,177.0,4
222.0,207.0,0.0,1,Burgers,407.0,2
369.0,125.0,1.0,0,Breakfast,190.0,1
349.0,97.0,0.0,0,Mcnuggets,196.0,5
271.0,141.0,0.0,0,Fries,156.0,4
249.0,232.0,1.0,1,Beverages,554.0,0
345.0,186.0,1.0,1,Desserts,383.0,3
164.0,114.0,0.0,0,Desserts,246.0,3
424.0,112.0,0.0,0,Desserts,240.0,3
241.0,143.0,0.0,0,Fries,319.0,4
296.0,154.0,0.0,0,Burgers,342.0,2
251.0,170.0,0.0,1,Burgers,381.0,2
349.0,114.0,0.0,0,Mcnuggets,244.0,5
320.0,127.0,0.0,0,Fries,242.0,4
198.0,104.0,0.0,0,Beverages,246.0,0
359.0,188.0,0.0,1,Burgers,464.0,2
285.0,127.0,1.0,0,Breakfast,292.0,1
176.0,119.0,0.0,0,Mcnuggets,283.0,5
383.0,163.0,1.0,0,Desserts,330.0,3
267.0,155.0,1.0,0,Burgers,359.0,2
231.0,156.0,0.0,0,Beverages,278.0,0
337.0,161.0,0.0,0,Burgers,380.0,2
294.0,203.0,1.0,0,Burgers,407.0,2
215.0,86.0,0.0,0,Desserts,110.0,3
581.0,158.0,1.0,0,Desserts,391.0,3
256.0,158.0,0.0,0,Burgers,313.0,2
281.0,117.0,0.0,1,Fries,269.0,4
185.0,196.0,1.0,0,Beverages,390.0,0
238.0,159.0,0.0,1,Mcnuggets,344.0,5
500.0,239.0,1.0,1,Mcnuggets,518.0,5
226.0,74.0,0.0,0,Desserts,204.0,3
244.0,119.0,0.0,0,Beverages,228.0,0
310.0,162.0,1.0,0,Beverages,404.0,0
212.0,110.0,0.0,0,Breakfast,155.0,1
208.0,141.0,0.0,0,Burgers,388.0,2
294.0,96.0,0.0,0,Fries,158.0,4
523.0,174.0,0.0,1,Mcnuggets,289.0,5
398.0,126.0,0.0,0,Desserts,245.0,3
295.0,143.0,0.0,0,Beverages,282.0,0
192.0,187.0,1.0,0,Fries,434.0,4
156.0,108.0,0.0,0,Beverages,300.0,0
438.0,126.0,0.0,0,Beverages,204.0,0
406.0,149.0,1.0,0,Mcnuggets,271.0,5
284.0,130.0,0.0,0,Burgers,269.0,2
220.0,113.0,0.0,0,Desserts,178.0,3
294.0,226.0,1.0,1,Burgers,532.0,2
168.0,130.0,1.0,0,Mcnuggets,333.0,5
368.0,103.0,0.0,0,Breakfast,194.0,1
117.0,126.0,0.0,1,Breakfast,247.0,1
265.0,164.0,1.0,0,Fries,400.0,4
321.0,206.0,1.0,1,Beverages,454.0,0
383.0,101.0,0.0,0,Burgers,117.0,2
411.0,114.0,0.0,0,Mcnuggets,246.0,5
365.0,174.0,0.0,1,Mcnuggets,368.0,5
269.0,113.0,0.0,0,Beverages,270.0,0
330.0,124.0,0.0,0,Burgers,237.0,2
309.0,183.0,1.0,0,Fries,392.0,4
143.0,156.0,0.0,0,Beverages,306.0,0
100.0,185.0,1.0,0,Fries,486.0,4
311.0,130.0,0.0,0,Burgers,226.0,2
329.0,115.0,0.0,0,Fries,225.0,4
255.0,138.0,1.0,0,Burgers,325.0,2
523.0,166.0,1.0,0,Mcnuggets,360.0,5
363.0,197.0,1.0,0,Breakfast,414.0,1
422.0,198.0,0.0,1,Burgers,420.0,2
152.0,128.0,0.0,0,Breakfast,155.0,1
214.0,128.0,1.0,0,Mcnuggets,390.0,5
376.0,110.0,0.0,0,Breakfast,170.0,1
476.0,96.0,0.0,0,Fries,261.0,4
320.0,113.0,0.0,0,Burgers,184.0,2
201.0,137.0,1.0,0,Breakfast,254.0,1
280.0,210.0,1.0,1,Burgers,545.0,2
239.0,139.0,0.0,0,Burgers,302.0,2
316.0,158.0,1.0,0,Breakfast,350.0,1
246.0,166.0,1.0,0,Fries,371.0,4
361.0,150.0,0.0,1,Mcnuggets,242.0,5
178.0,138.0,0.0,0,Burgers,233.0,2
249.0,112.0,0.0,0,Fries,236.0,4
272.0,132.0,0.0,1,Fries,214.0,4
221.0,138.0,0.0,0,Burgers,240.0,2
333.0,151.0,1.0,0,Desserts,352.0,3
433.0,177.0,0.0,0,Burgers,315.0,2
452.0,173.0,0.0,1,Burgers,327.0,2
445.0,129.0,0.0,0,Desserts,289.0,3
186.0,151.0,0.0,0,Burgers,294.0,2
264.0,140.0,0.0,1,Beverages,263.0,0
365.0,143.0,0.0,0,Burgers,312.0,2
466.0,165.0,0.0,1,Mcnuggets,309.0,5
245.0,143.0,1.0,0,Desserts,323.0,3
248.0,161.0,1.0,0,Burgers,344.0,2
320.0,138.0,0.0,0,Beverages,290.0,0
353.0,99.0,0.0,0,Breakfast,183.0,1
301.0,216.0,0.0,1,Burgers,449.0,2
142.0,141.0,1.0,0,Beverages,444.0,0
253.0,159.0,1.0,0,Desserts,346.0,3
442.0,77.0,0.0,0,Fries,200.0,4
304.0,122.0,0.0,0,Desserts,244.0,3
349.0,157.0,0.0,1,Fries,355.0,4
229.0,152.0,0.0,1,Burgers,425.0,2
289.0,130.0,0.0,0,Mcnuggets,310.0,5
438.0,139.0,0.0,0,Mcnuggets,288.0,5
275.0,221.0,1.0,1,Burgers,527.0,2
345.0,180.0,1.0,0,Beverages,359.0,0
122.0,119.0,0.0,0,Beverages,210.0,0
311.0,181.0,1.0,0,Desserts,336.0,3
368.0,179.0,0.0,1,Breakfast,389.0,1
212.0,151.0,0.0,0,Burgers,288.0,2
308.0,113.0,0.0,0,Desserts,261.0,3
390.0,114.0,0.0,0,Mcnuggets,266.0,5
267.0,154.0,1.0,0,Burgers,419.0,2
365.0,141.0,0.0,0,Burgers,335.0,2
199.0,146.0,1.0,0,Desserts,294.0,3
358.0,190.0,1.0,1,Burgers,394.0,2
90.0,124.0,0.0,0,Fries,283.0,4
263.0,123.0,0.0,0,Fries,309.0,4
372.0,177.0,1.0,0,Burgers,392.0,2
371.0,125.0,0.0,0,Breakfast,294.0,1
171.0,117.0,0.0,0,Beverages,234.0,0
373.0,125.0,0.0,0,Burgers,189.0,2
190.0,93.0,0.0,0,Breakfast,158.0,1
235.0,113.0,0.0,0,Breakfast,189.0,1
168.0,133.0,0.0,0,Burgers,303.0,2
193.0,112.0,0.0,0,Mcnuggets,195.0,5
210.0,89.0,0.0,0,Fries,137.0,4
262.0,137.0,0.0,0,Beverages,297.0,0
421.0,134.0,0.0,0,Mcnuggets,311.0,5
213.0,242.0,1.0,1,Burgers,516.0,2
483.0,133.0,0.0,0,Breakfast,282.0,1
304.0,185.0,0.0,1,Beverages,379.0,0
164.0,165.0,0.0,0,Burgers,367.0,2
86.0,80.0,0.0,0,Beverages,192.0,0
300.0,118.0,0.0,0,Fries,225.0,4
410.0,153.0,0.0,1,Breakfast,300.0,1
309.0,133.0,0.0,0,Beverages,336.0,0
362.0,141.0,0.0,0,Beverages,244.0,0
277.0,102.0,0.0,0,Burgers,160.0,2
242.0,127.0,0.0,0,Mcnuggets,257.0,5
530.0,156.0,0.0,0,Fries,317.0,4
335.0,112.0,0.0,0,Burgers,261.0,2
263.0,125.0,0.0,0,Burgers,266.0,2
238.0,156.0,1.0,0,Fries,266.0,4
367.0,143.0,0.0,1,Fries,234.0,4
219.0,88.0,0.0,0,Breakfast,95.0,1
234.0,134.0,0.0,0,Burgers,260.0,2
219.0,143.0,0.0,0,Mcnuggets,212.0,5
208.0,185.0,1.0,0,Mcnuggets,321.0,5
254.0,194.0,0.0,1,Burgers,436.0,2
331.0,160.0,0.0,1,Desserts,267.0,3
300.0,156.0,1.0,0,Breakfast,342.0,1
302.0,111.0,0.0,0,Fries,206.0,4
428.0,161.0,0.0,1,Burgers,288.0,2
308.0,113.0,0.0,0,Beverages,303.0,0
467.0,161.0,0.0,1,Beverages,371.0,0
149.0,165.0,0.0,1,Burgers,453.0,2
172.0,164.0,0.0,0,Mcnuggets,344.0,5
747.0,120.0,0.0,0,Desserts,262.0,3
271.0,189.0,0.0,1,Beverages,431.0,0
165.0,157.0,1.0,0,Beverages,313.0,0
573.0,132.0,0.0,1,Breakfast,293.0,1
487.0,192.0,1.0,1,Desserts,488.0,3
290.0,154.0,1.0,0,Fries,323.0,4
363.0,129.0,0.0,0,Fries,289.0,4
169.0,125.0,0.0,0,Burgers,240.0,2
294.0,121.0,0.0,0,Breakfast,237.0,1
433.0,138.0,1.0,0,Fries,315.0,4
302.0,156.0,0.0,0,Desserts,379.0,3
325.0,152.0,0.0,1,Mcnuggets,296.0,5
226.0,145.0,1.0,0,Desserts,396.0,3
256.0,54.0,0.0,0,Breakfast,82.0,1
207.0,133.0,0.0,1,Breakfast,228.0,1
299.0,173.0,1.0,0,Mcnuggets,318.0,5
191.0,187.0,0.0,1,Burgers,326.0,2
275.0,161.0,0.0,0,Burgers,312.0,2
247.0,157.0,1.0,0,Breakfast,374.0,1
262.0,201.0,0.0,1,Burgers,405.0,2
329.0,142.0,0.0,0,Desserts,263.0,3
180.0,214.0,1.0,1,Mcnuggets,550.0,5
194.0,141.0,1.0,0,Burgers,501.0,2
174.0,155.0,1.0,0,Fries,366.0,4
362.0,115.0,0.0,0,Burgers,257.0,2
471.0,174.0,0.0,1,Desserts,298.0,3
207.0,120.0,0.0,0,Beverages,290.0,0
316.0,129.0,0.0,0,Fries,284.0,4
255.0,130.0,0.0,0,Beverages,280.0,0
230.0,129.0,0.0,0,Burgers,226.0,2
345.0,104.0,0.0,0,Burgers,267.0,2
278.0,93.0,0.0,0,Desserts,191.0,3
449.0,166.0,1.0,0,Breakfast,348.0,1
309.0,137.0,0.0,0,Mcnuggets,328.0,5
381.0,129.0,0.0,0,Burgers,268.0,2
308.0,200.0,1.0,1,Burgers,544.0,2
374.0,126.0,0.0,0,Fries,208.0,4
226.0,179.0,1.0,0,Burgers,440.0,2
471.0,101.0,0.0,0,Mcnuggets,220.0,5
354.0,94.0,0.0,0,Fries,219.0,4
395.0,83.0,0.0,0,Burgers,212.0,2
317.0,213.0,1.0,1,Desserts,433.0,3
296.0,148.0,1.0,0,Desserts,353.0,3
388.0,108.0,0.0,0,Desserts,207.0,3
350.0,165.0,0.0,1,Fries,314.0,4
394.0,159.0,0.0,0,Burgers,382.0,2
269.0,187.0,1.0,0,Fries,471.0,4
307.0,143.0,0.0,1,Desserts,259.0,3
260.0,114.0,0.0,0,Burgers,186.0,2
361.0,126.0,0.0,0,Fries,227.0,4
378.0,158.0,0.0,1,Mcnuggets,390.0,5
398.0,123.0,0.0,0,Desserts,247.0,3
377.0,184.0,0.0,0,Beverages,455.0,0
140.0,159.0,1.0,0,Mcnuggets,348.0,5
241.0,180.0,0.0,1,Mcnuggets,350.0,5
337.0,147.0,0.0,0,Fries,310.0,4
281.0,156.0,0.0,1,Mcnuggets,308.0,5
253.0,130.0,0.0,1,Breakfast,239.0,1
352.0,182.0,1.0,0,Desserts,420.0,3
318.0,171.0,1.0,0,Fries,403.0,4
143.0,162.0,1.0,0,Beverages,290.0,0
327.0,170.0,1.0,1,Desserts,454.0,3
231.0,176.0,1.0,0,Fries,371.0,4
188.0,182.0,0.0,1,Beverages,433.0,0
209.0,114.0,0.0,0,Mcnuggets,222.0,5
206.0,89.0,0.0,0,Fries,152.0,4
352.0,173.0,0.0,1,Burgers,397.0,2
541.0,196.0,0.0,1,Beverages,456.0,0
378.0,162.0,0.0,1,Burgers,394.0,2
453.0,128.0,0.0,0,Fries,219.0,4
411.0,185.0,0.0,1,Fries,391.0,4
284.0,96.0,0.0,0,Desserts,140.0,3
387.0,120.0,0.0,0,Fries,228.0,4
221.0,153.0,0.0,1,Mcnuggets,344.0,5
208.0,188.0,1.0,0,Mcnuggets,436.0,5
325.0,162.0,0.0,1,Breakfast,370.0,1
274.0,184.0,1.0,1,Fries,393.0,4
218.0,162.0,1.0,0,Fries,339.0,4
340.0,213.0,1.0,1,Mcnuggets,466.0,5
362.0,233.0,1.0,0,Burgers,517.0,2
343.0,106.0,0.0,0,Mcnuggets,254.0,5
319.0,141.0,0.0,0,Burgers,231.0,2
210.0,131.0,0.0,0,Desserts,242.0,3
170.0,171.0,1.0,0,Burgers,406.0,2
195.0,153.0,1.0,0,Fries,333.0,4
491.0,131.0,0.0,1,Breakfast,238.0,1
551.0,76.0,0.0,0,Breakfast,161.0,1
287.0,113.0,0.0,0,Breakfast,130.0,1
280.0,83.0,0.0,0,Breakfast,164.0,1
96.0,130.0,0.0,0,Breakfast,214.0,1
379.0,150.0,0.0,1,Beverages,318.0,0
372.0,104.0,0.0,0,Breakfast,244.0,1
366.0,150.0,0.0,0,Beverages,348.0,0
308.0,113.0,0.0,0,Desserts,250.0,3
254.0,99.0,0.0,0,Mcnuggets,173.0,5
388.0,80.0,0.0,0,Breakfast,133.0,1
376.0,179.0,0.0,1,Burgers,339.0,2
455.0,125.0,0.0,0,Fries,215.0,4
331.0,109.0,0.0,0,Breakfast,257.0,1
390.0,194.0,1.0,1,Burgers,493.0,2
282.0,93.0,0.0,0,Breakfast,216.0,1
435.0,160.0,0.0,0,Fries,331.0,4
257.0,170.0,1.0,0,Desserts,382.0,3
304.0,195.0,1.0,0,Beverages,437.0,0
250.0,152.0,1.0,0,Burgers,311.0,2
202.0,113.0,0.0,0,Fries,225.0,4
461.0,155.0,0.0,1,Mcnuggets,364.0,5
335.0,96.0,0.0,0,Breakfast,212.0,1
316.0,97.0,0.0,0,Beverages,249.0,0
260.0,124.0,0.0,1,Breakfast,302.0,1
388.0,141.0,1.0,0,Breakfast,336.0,1
293.0,146.0,0.0,0,Burgers,375.0,2
372.0,100.0,0.0,0,Desserts,285.0,3
264.0,107.0,0.0,0,Fries,172.0,4
391.0,103.0,0.0,0,Beverages,220.0,0
314.0,126.0,0.0,1,Breakfast,322.0,1
334.0,87.0,0.0,0,Breakfast,177.0,1
298.0,93.0,0.0,0,Desserts,152.0,3
256.0,129.0,0.0,0,Mcnuggets,310.0,5
395.0,127.0,0.0,0,Desserts,304.0,3
320.0,102.0,0.0,0,Beverages,157.0,0
269.0,201.0,1.0,1,Fries,443.0,4
483.0,126.0,0.0,0,Burgers,260.0,2
231.0,135.0,1.0,0,Fries,377.0,4
446.0,141.0,1.0,0,Beverages,275.0,0
265.0,162.0,0.0,0,Beverages,378.0,0
184.0,180.0,0.0,1,Beverages,445.0,0
243.0,141.0,0.0,0,Burgers,299.0,2
156.0,121.0,0.0,0,Fries,245.0,4
460.0,141.0,1.0,1,Burgers,425.0,2
291.0,103.0,0.0,0,Burgers,280.0,2
373.0,169.0,1.0,1,Desserts,474.0,3
248.0,102.0,0.0,0,Fries,147.0,4
277.0,95.0,0.0,0,Desserts,171.0,3
263.0,153.0,1.0,0,Desserts,342.0,3
286.0,182.0,1.0,0,Burgers,420.0,2
418.0,104.0,0.0,0,Beverages,211.0,0
187.0,141.0,0.0,0,Burgers,254.0,2
383.0,211.0,1.0,1,Burgers,510.0,2
352.0,120.0,0.0,0,Breakfast,267.0,1
565.0,177.0,0.0,1,Fries,334.0,4
266.0,155.0,0.0,0,Beverages,279.0,0
199.0,110.0,0.0,0,Burgers,254.0,2
254.0,128.0,,0,Fries,265.0,4
194.0,158.0,0.0,1,Beverages,349.0,0
383.0,118.0,0.0,0,Fries,242.0,4
239.0,148.0,0.0,0,Burgers,299.0,2
199.0,65.0,0.0,0,Desserts,125.0,3
266.0,111.0,0.0,0,Fries,254.0,4
319.0,126.0,0.0,0,Beverages,280.0,0
202.0,172.0,1.0,0,Fries,364.0,4
176.0,103.0,0.0,0,Fries,149.0,4
274.0,158.0,0.0,1,Mcnuggets,324.0,5
203.0,114.0,0.0,0,Desserts,190.0,3
139.0,186.0,1.0,0,Burgers,332.0,2
264.0,153.0,0.0,0,Burgers,299.0,2
63.0,116.0,0.0,0,Mcnuggets,231.0,5
159.0,97.0,0.0,0,Fries,214.0,4
319.0,145.0,0.0,0,Mcnuggets,332.0,5
152.0,115.0,0.0,0,Beverages,330.0,0
268.0,181.0,0.0,1,Burgers,408.0,2
237.0,203.0,0.0,1,Burgers,500.0,2
195.0,138.0,0.0,0,Desserts,239.0,3
446.0,162.0,0.0,1,Beverages,363.0,0
418.0,143.0,1.0,0,Breakfast,383.0,1
352.0,169.0,0.0,1,Mcnuggets,281.0,5
292.0,110.0,0.0,0,Beverages,272.0,0
328.0,93.0,0.0,0,Desserts,178.0,3
305.0,142.0,1.0,0,Breakfast,303.0,1
271.0,91.0,0.0,0,Fries,193.0,4
280.0,105.0,0.0,0,Fries,240.0,4
358.0,179.0,0.0,1,Burgers,412.0,2
305.0,122.0,0.0,0,Fries,258.0,4
148.0,110.0,0.0,0,Beverages,218.0,0
295.0,141.0,0.0,1,Desserts,275.0,3
247.0,163.0,1.0,0,Burgers,398.0,2
160.0,208.0,1.0,1,Mcnuggets,489.0,5
310.0,95.0,0.0,1,Breakfast,254.0,1
301.0,127.0,0.0,0,Breakfast,280.0,1
453.0,175.0,1.0,1,Beverages,434.0,0
502.0,168.0,0.0,1,Desserts,373.0,3
307.0,163.0,1.0,0,Mcnuggets,370.0,5
242.0,156.0,0.0,1,Fries,288.0,4
282.0,182.0,1.0,1,Breakfast,451.0,1
257.0,139.0,0.0,0,Fries,216.0,4
319.0,141.0,0.0,0,Burgers,317.0,2
321.0,180.0,0.0,1,Burgers,370.0,2
242.0,101.0,0.0,0,Beverages,219.0,0
204.0,146.0,0.0,1,Burgers,273.0,2
230.0,165.0,0.0,1,Beverages,300.0,0
158.0,175.0,1.0,1,Fries,474.0,4
243.0,107.0,0.0,0,Fries,220.0,4
89.0,144.0,1.0,0,Breakfast,319.0,1
294.0,165.0,1.0,0,Fries,351.0,4
309.0,163.0,0.0,1,Beverages,364.0,0
136.0,148.0,1.0,0,Breakfast,275.0,1
200.0,180.0,1.0,1,Fries,410.0,4
232.0,126.0,0.0,0,Beverages,237.0,0
161.0,141.0,1.0,0,Desserts,435.0,3
244.0,120.0,0.0,0,Fries,260.0,4
292.0,132.0,0.0,0,Beverages,339.0,0
449.0,185.0,1.0,1,Fries,419.0,4
497.0,134.0,0.0,1,Breakfast,290.0,1
353.0,151.0,0.0,1,Mcnuggets,392.0,5
479.0,150.0,0.0,1,Beverages,391.0,0
231.0,129.0,0.0,0,Mcnuggets,290.0,5
215.0,167.0,1.0,1,Breakfast,373.0,1
270.0,149.0,0.0,0,Mcnuggets,245.0,5
301.0,159.0,1.0,0,Desserts,344.0,3
272.0,154.0,0.0,0,Breakfast,361.0,1
209.0,143.0,1.0,0,Burgers,374.0,2
237.0,140.0,1.0,0,Desserts,348.0,3
428.0,151.0,0.0,1,Fries,320.0,4
409.0,187.0,1.0,1,Desserts,397.0,3
320.0,139.0,0.0,0,Beverages,290.0,0
301.0,136.0,1.0,0,Desserts,280.0,3
376.0,114.0,0.0,0,Mcnuggets,168.0,5
440.0,138.0,0.0,1,Desserts,279.0,3
215.0,184.0,0.0,1,Mcnuggets,425.0,5
341.0,143.0,0.0,0,Burgers,269.0,2
312.0,154.0,0.0,1,Beverages,330.0,0
370.0,134.0,0.0,1,Breakfast,294.0,1
280.0,117.0,0.0,0,Burgers,206.0,2
278.0,157.0,1.0,0,Fries,422.0,4
343.0,206.0,1.0,1,Desserts,411.0,3
347.0,108.0,0.0,0,Breakfast,233.0,1
360.0,110.0,0.0,0,Mcnuggets,228.0,5
271.0,113.0,0.0,0,Desserts,244.0,3
315.0,170.0,1.0,1,Mcnuggets,397.0,5
300.0,151.0,0.0,0,Beverages,347.0,0
264.0,131.0,0.0,0,Fries,258.0,4
344.0,138.0,0.0,0,Beverages,236.0,0
245.0,159.0,0.0,0,Mcnuggets,330.0,5
164.0,150.0,0.0,0,Mcnuggets,317.0,5
354.0,163.0,0.0,0,Burgers,315.0,2
390.0,123.0,0.0,0,Fries,180.0,4
645.0,125.0,0.0,0,Breakfast,247.0,1
281.0,149.0,0.0,1,Mcnuggets,305.0,5
334.0,220.0,1.0,1,Fries,460.0,4
275.0,100.0,0.0,0,Breakfast,264.0,1
232.0,104.0,0.0,0,Beverages,245.0,0
360.0,212.0,0.0,1,Mcnuggets,492.0,5
332.0,122.0,0.0,0,Mcnuggets,255.0,5
351.0,119.0,0.0,0,Burgers,276.0,2
343.0,165.0,1.0,0,Burgers,381.0,2
356.0,155.0,0.0,0,Burgers,299.0,2
340.0,153.0,1.0,0,Breakfast,310.0,1
294.0,107.0,0.0,0,Desserts,187.0,3
529.0,146.0,0.0,1,Fries,296.0,4
343.0,138.0,0.0,1,Desserts,333.0,3
387.0,196.0,1.0,1,Breakfast,438.0,1
320.0,138.0,1.0,0,Burgers,294.0,2
404.0,120.0,0.0,0,Burgers,273.0,2
278.0,116.0,0.0,0,Beverages,263.0,0
270.0,149.0,0.0,0,Mcnuggets,256.0,5
366.0,139.0,0.0,0,Beverages,294.0,0
331.0,153.0,0.0,1,Mcnuggets,373.0,5
233.0,162.0,0.0,0,Desserts,357.0,3
384.0,138.0,1.0,0,Mcnuggets,329.0,5
203.0,148.0,0.0,0,Fries,265.0,4
242.0,121.0,1.0,0,Desserts,295.0,3
283.0,113.0,0.0,0,Fries,266.0,4
268.0,120.0,0.0,0,Burgers,237.0,2
271.0,159.0,0.0,0,Burgers,279.0,2
214.0,125.0,0.0,0,Fries,269.0,4
399.0,127.0,0.0,0,Burgers,258.0,2
312.0,93.0,0.0,0,Desserts,205.0,3
342.0,146.0,0.0,1,Fries,279.0,4
545.0,158.0,0.0,1,Desserts,365.0,3
461.0,142.0,1.0,1,Fries,379.0,4
384.0,149.0,0.0,0,Desserts,369.0,3
317.0,135.0,0.0,0,Burgers,249.0,2
579.0,141.0,0.0,1,Beverages,235.0,0
101.0,181.0,1.0,1,Breakfast,415.0,1
292.0,120.0,0.0,0,Mcnuggets,283.0,5
253.0,125.0,0.0,0,Burgers,249.0,2
364.0,126.0,0.0,1,Desserts,238.0,3
389.0,126.0,0.0,0,Mcnuggets,185.0,5
183.0,113.0,0.0,0,Burgers,294.0,2
402.0,80.0,0.0,0,Fries,148.0,4
304.0,191.0,1.0,0,Fries,470.0,4
179.0,155.0,0.0,1,Beverages,350.0,0
419.0,91.0,0.0,0,Mcnuggets,143.0,5
276.0,116.0,0.0,0,Burgers,248.0,2
533.0,126.0,1.0,0,Beverages,276.0,0
274.0,156.0,0.0,0,Beverages,381.0,0
279.0,148.0,1.0,0,Desserts,326.0,3
323.0,134.0,0.0,0,Beverages,271.0,0
222.0,145.0,0.0,0,Burgers,314.0,2
290.0,175.0,1.0,0,Burgers,333.0,2
491.0,109.0,0.0,0,Breakfast,161.0,1
231.0,125.0,0.0,0,Beverages,266.0,0
172.0,87.0,0.0,0,Fries,220.0,4
256.0,131.0,0.0,0,Burgers,202.0,2
325.0,166.0,0.0,1,Mcnuggets,418.0,5
197.0,123.0,0.0,0,Mcnuggets,303.0,5
185.0,89.0,0.0,0,Desserts,166.0,3
402.0,121.0,0.0,0,Beverages,271.0,0
298.0,140.0,0.0,0,Beverages,356.0,0
359.0,146.0,1.0,0,Beverages,404.0,0
369.0,149.0,0.0,0,Mcnuggets,361.0,5
307.0,198.0,1.0,0,Beverages,436.0,0
336.0,125.0,0.0,0,Mcnuggets,236.0,5
147.0,103.0,0.0,0,Breakfast,181.0,1
167.0,193.0,1.0,1,Beverages,509.0,0
301.0,184.0,0.0,1,Burgers,428.0,2
423.0,138.0,0.0,1,Burgers,215.0,2
332.0,170.0,1.0,0,Mcnuggets,395.0,5
461.0,183.0,0.0,1,Desserts,352.0,3
160.0,137.0,0.0,1,Fries,309.0,4
299.0,132.0,0.0,1,Desserts,317.0,3
257.0,84.0,0.0,0,Desserts,134.0,3
200.0,129.0,0.0,0,Fries,221.0,4
301.0,122.0,0.0,0,Mcnuggets,208.0,5
282.0,99.0,0.0,0,Fries,174.0,4
305.0,148.0,,0,Beverages,274.0,0
79.0,83.0,0.0,0,Fries,115.0,4
267.0,168.0,1.0,0,Beverages,340.0,0
259.0,185.0,1.0,0,Mcnuggets,396.0,5
328.0,165.0,0.0,0,Beverages,429.0,0
269.0,89.0,0.0,0,Beverages,236.0,0
297.0,152.0,0.0,1,Beverages,314.0,0
256.0,210.0,1.0,1,Burgers,447.0,2
339.0,124.0,0.0,1,Desserts,230.0,3
429.0,182.0,0.0,1,Burgers,429.0,2
340.0,214.0,1.0,1,Burgers,463.0,2
251.0,122.0,0.0,0,Burgers,290.0,2
518.0,96.0,0.0,0,Fries,226.0,4
166.0,110.0,0.0,0,Beverages,283.0,0
96.0,147.0,0.0,0,Burgers,290.0,2
209.0,143.0,0.0,0,Burgers,258.0,2
301.0,229.0,1.0,0,Beverages,494.0,0
266.0,137.0,0.0,0,Desserts,289.0,3
222.0,138.0,0.0,0,Desserts,229.0,3
287.0,171.0,0.0,1,Mcnuggets,340.0,5
396.0,167.0,0.0,1,Fries,342.0,4
271.0,108.0,0.0,0,Burgers,273.0,2
310.0,180.0,,1,Beverages,417.0,0
482.0,120.0,0.0,1,Breakfast,258.0,1
228.0,177.0,1.0,0,Beverages,444.0,0
338.0,141.0,0.0,0,Burgers,319.0,2
273.0,147.0,0.0,1,Burgers,319.0,2
344.0,75.0,0.0,0,Breakfast,199.0,1
288.0,176.0,1.0,0,Mcnuggets,371.0,5
341.0,169.0,0.0,1,Desserts,361.0,3
239.0,171.0,1.0,0,Burgers,391.0,2
220.0,162.0,0.0,1,Beverages,344.0,0
415.0,130.0,0.0,0,Mcnuggets,153.0,5
436.0,135.0,0.0,0,Fries,273.0,4
305.0,160.0,1.0,0,Fries,414.0,4
406.0,166.0,0.0,1,Fries,349.0,4
350.0,181.0,0.0,1,Mcnuggets,372.0,5
447.0,154.0,0.0,0,Fries,209.0,4
302.0,218.0,1.0,1,Desserts,463.0,3
240.0,120.0,0.0,0,Mcnuggets,284.0,5
400.0,151.0,0.0,0,Burgers,321.0,2
373.0,197.0,0.0,1,Burgers,456.0,2
335.0,165.0,0.0,1,Mcnuggets,381.0,5
223.0,119.0,0.0,0,Beverages,381.0,0
184.0,93.0,0.0,0,Beverages,220.0,0
454.0,142.0,0.0,1,Burgers,322.0,2
202.0,174.0,1.0,0,Beverages,422.0,0
235.0,106.0,0.0,0,Breakfast,129.0,1
191.0,149.0,0.0,1,Desserts,227.0,3
286.0,140.0,0.0,1,Beverages,278.0,0
255.0,197.0,1.0,1,Burgers,558.0,2
286.0,143.0,0.0,1,Fries,351.0,4
382.0,115.0,0.0,0,Beverages,179.0,0
438.0,139.0,1.0,0,Desserts,360.0,3
462.0,178.0,1.0,1,Burgers,453.0,2
610.0,193.0,1.0,1,Beverages,453.0,0
120.0,145.0,1.0,0,Breakfast,351.0,1
235.0,115.0,0.0,0,Breakfast,177.0,1
456.0,164.0,1.0,0,Burgers,362.0,2
208.0,176.0,1.0,1,Beverages,398.0,0
277.0,161.0,0.0,0,Beverages,288.0,0
259.0,94.0,0.0,0,Burgers,237.0,2
382.0,109.0,0.0,0,Beverages,223.0,0
301.0,115.0,0.0,0,Mcnuggets,210.0,5
303.0,163.0,1.0,0,Burgers,410.0,2
150.0,133.0,0.0,0,Fries,326.0,4
436.0,199.0,1.0,1,Burgers,522.0,2
243.0,107.0,0.0,0,Fries,214.0,4
286.0,138.0,0.0,0,Burgers,243.0,2
312.0,94.0,0.0,0,Fries,200.0,4
257.0,173.0,0.0,1,Fries,378.0,4
363.0,136.0,0.0,1,Beverages,242.0,0
317.0,166.0,0.0,1,Beverages,363.0,0
301.0,91.0,0.0,0,Desserts,217.0,3
287.0,168.0,1.0,0,Beverages,424.0,0
172.0,154.0,0.0,0,Fries,390.0,4
511.0,128.0,0.0,0,Burgers,255.0,2
504.0,129.0,0.0,0,Breakfast,304.0,1
305.0,178.0,1.0,1,Fries,394.0,4
174.0,96.0,0.0,0,Desserts,165.0,3
456.0,144.0,0.0,0,Burgers,320.0,2
391.0,151.0,0.0,0,Desserts,311.0,3
213.0,108.0,0.0,0,Beverages,329.0,0
308.0,174.0,1.0,1,Desserts,456.0,3
138.0,111.0,0.0,0,Fries,260.0,4
113.0,147.0,0.0,0,Burgers,296.0,2
150.0,129.0,0.0,1,Desserts,244.0,3
330.0,123.0,0.0,0,Breakfast,257.0,1
138.0,126.0,0.0,0,Desserts,156.0,3
338.0,130.0,0.0,0,Mcnuggets,244.0,5
248.0,156.0,0.0,1,Fries,267.0,4
352.0,169.0,0.0,1,Beverages,340.0,0
408.0,184.0,1.0,0,Desserts,312.0,3
392.0,117.0,0.0,0,Breakfast,260.0,1
315.0,154.0,1.0,0,Fries,322.0,4
460.0,119.0,0.0,0,Fries,217.0,4
454.0,196.0,1.0,1,Beverages,431.0,0
325.0,127.0,0.0,1,Mcnuggets,282.0,5
247.0,141.0,0.0,0,Fries,293.0,4
236.0,148.0,0.0,0,Mcnuggets,355.0,5
336.0,155.0,1.0,0,Breakfast,327.0,1
351.0,140.0,0.0,0,Desserts,252.0,3
333.0,146.0,0.0,0,Burgers,297.0,2
281.0,177.0,1.0,0,Burgers,409.0,2
223.0,142.0,0.0,1,Beverages,316.0,0
365.0,123.0,0.0,0,Burgers,289.0,2
327.0,147.0,0.0,1,Mcnuggets,297.0,5
229.0,127.0,0.0,0,Mcnuggets,253.0,5
190.0,167.0,1.0,1,Breakfast,398.0,1
175.0,101.0,0.0,0,Desserts,240.0,3
399.0,135.0,0.0,0,Burgers,256.0,2
163.0,129.0,0.0,0,Fries,207.0,4
317.0,117.0,0.0,0,Mcnuggets,240.0,5
532.0,187.0,0.0,1,Burgers,428.0,2
371.0,126.0,0.0,0,Burgers,216.0,2
358.0,72.0,0.0,0,Breakfast,157.0,1
446.0,156.0,0.0,0,Burgers,336.0,2
354.0,147.0,0.0,1,Fries,313.0,4
326.0,124.0,0.0,0,Fries,245.0,4
297.0,179.0,1.0,1,Desserts,408.0,3
264.0,127.0,0.0,1,Desserts,350.0,3
226.0,187.0,1.0,0,Mcnuggets,397.0,5
160.0,136.0,0.0,1,Mcnuggets,276.0,5
226.0,147.0,0.0,1,Beverages,301.0,0
476.0,91.0,0.0,0,Burgers,201.0,2
229.0,132.0,0.0,0,Fries,260.0,4
328.0,110.0,0.0,0,Breakfast,284.0,1
423.0,183.0,0.0,1,Burgers,426.0,2
278.0,160.0,1.0,0,Burgers,451.0,2
208.0,150.0,1.0,0,Mcnuggets,347.0,5
366.0,152.0,1.0,0,Fries,358.0,4
401.0,215.0,1.0,1,Desserts,523.0,3
387.0,93.0,0.0,0,Desserts,188.0,3
313.0,110.0,0.0,0,Fries,219.0,4
480.0,164.0,1.0,0,Fries,374.0,4
382.0,172.0,0.0,1,Burgers,323.0,2
366.0,143.0,0.0,0,Beverages,304.0,0
278.0,126.0,0.0,0,Beverages,266.0,0
319.0,117.0,0.0,0,Burgers,287.0,2
191.0,178.0,1.0,0,Beverages,333.0,0
202.0,133.0,0.0,0,Fries,253.0,4
234.0,155.0,0.0,1,Fries,362.0,4
426.0,96.0,0.0,0,Beverages,128.0,0
337.0,186.0,1.0,0,Burgers,413.0,2
252.0,136.0,0.0,0,Burgers,261.0,2
222.0,141.0,0.0,0,Mcnuggets,330.0,5
497.0,138.0,0.0,1,Desserts,341.0,3
479.0,187.0,0.0,1,Burgers,333.0,2
230.0,177.0,1.0,1,Breakfast,362.0,1
356.0,175.0,1.0,0,Desserts,255.0,3
245.0,123.0,0.0,0,Fries,272.0,4
303.0,143.0,0.0,1,Beverages,297.0,0
301.0,120.0,0.0,0,Mcnuggets,268.0,5
212.0,73.0,0.0,0,Breakfast,101.0,1
415.0,176.0,1.0,1,Desserts,376.0,3
179.0,149.0,0.0,0,Burgers,295.0,2
287.0,123.0,0.0,0,Fries,247.0,4
372.0,114.0,0.0,0,Desserts,254.0,3
183.0,150.0,0.0,1,Burgers,317.0,2
151.0,97.0,0.0,0,Fries,161.0,4
188.0,146.0,0.0,0,Fries,315.0,4
282.0,108.0,0.0,0,Mcnuggets,236.0,5
531.0,211.0,0.0,1,Burgers,460.0,2
357.0,148.0,0.0,1,Beverages,323.0,0
348.0,153.0,1.0,0,Burgers,332.0,2
224.0,105.0,0.0,0,Mcnuggets,229.0,5
184.0,114.0,0.0,0,Burgers,221.0,2
372.0,100.0,0.0,0,Fries,148.0,4
362.0,101.0,0.0,0,Burgers,198.0,2
405.0,186.0,1.0,0,Fries,371.0,4
475.0,160.0,0.0,1,Burgers,382.0,2
371.0,115.0,0.0,0,Desserts,259.0,3
305.0,112.0,0.0,0,Mcnuggets,247.0,5
300.0,175.0,1.0,0,Beverages,400.0,0
367.0,127.0,0.0,1,Fries,226.0,4
360.0,113.0,0.0,0,Mcnuggets,200.0,5
442.0,141.0,0.0,1,Desserts,277.0,3
302.0,134.0,0.0,0,Mcnuggets,269.0,5
420.0,153.0,0.0,0,Beverages,299.0,0
371.0,87.0,0.0,0,Breakfast,123.0,1
266.0,113.0,0.0,0,Fries,162.0,4
266.0,105.0,0.0,0,Fries,244.0,4
369.0,117.0,0.0,0,Desserts,180.0,3
340.0,220.0,1.0,1,Beverages,554.0,0
272.0,152.0,0.0,1,Burgers,301.0,2
433.0,155.0,0.0,1,Mcnuggets,376.0,5
280.0,113.0,0.0,0,Fries,200.0,4
284.0,158.0,0.0,0,Burgers,385.0,2
212.0,118.0,0.0,0,Desserts,277.0,3
222.0,146.0,1.0,0,Burgers,293.0,2
397.0,170.0,0.0,1,Burgers,425.0,2
329.0,135.0,0.0,0,Beverages,285.0,0
428.0,172.0,1.0,1,Fries,391.0,4
318.0,133.0,0.0,1,Breakfast,262.0,1
334.0,122.0,0.0,0,Fries,260.0,4
377.0,163.0,0.0,1,Burgers,411.0,2
258.0,177.0,0.0,0,Burgers,311.0,2
211.0,182.0,1.0,0,Burgers,398.0,2
273.0,132.0,0.0,1,Fries,306.0,4
277.0,160.0,0.0,1,Mcnuggets,338.0,5
204.0,130.0,0.0,0,Mcnuggets,260.0,5
301.0,163.0,1.0,1,Desserts,431.0,3
435.0,147.0,0.0,1,Fries,308.0,4
301.0,166.0,0.0,1,Burgers,315.0,2
150.0,111.0,0.0,0,Mcnuggets,302.0,5
499.0,130.0,0.0,0,Mcnuggets,247.0,5
371.0,133.0,0.0,0,Fries,303.0,4
254.0,145.0,0.0,0,Mcnuggets,241.0,5
304.0,129.0,0.0,0,Beverages,320.0,0
389.0,105.0,0.0,0,Fries,147.0,4
292.0,159.0,1.0,0,Breakfast,361.0,1
209.0,134.0,0.0,0,Burgers,306.0,2
243.0,90.0,0.0,0,Fries,223.0,4
311.0,97.0,0.0,0,Fries,154.0,4
542.0,137.0,0.0,1,Burgers,324.0,2
330.0,187.0,1.0,0,Burgers,457.0,2
378.0,197.0,1.0,1,Mcnuggets,456.0,5
499.0,188.0,0.0,1,Mcnuggets,370.0,5
200.0,125.0,0.0,0,Fries,261.0,4
320.0,156.0,1.0,0,Breakfast,303.0,1
469.0,148.0,0.0,0,Burgers,324.0,2
192.0,189.0,1.0,1,Mcnuggets,489.0,5
441.0,169.0,0.0,1,Fries,352.0,4
517.0,233.0,1.0,1,Mcnuggets,542.0,5
198.0,134.0,0.0,0,Desserts,206.0,3
376.0,144.0,0.0,0,Mcnuggets,268.0,5
361.0,149.0,1.0,0,Desserts,419.0,3
92.0,109.0,0.0,0,Mcnuggets,250.0,5
448.0,119.0,0.0,1,Fries,230.0,4
235.0,117.0,0.0,0,Fries,227.0,4
295.0,141.0,0.0,1,Mcnuggets,307.0,5
259.0,148.0,0.0,0,Desserts,338.0,3
291.0,228.0,1.0,1,Breakfast,493.0,1
382.0,116.0,0.0,0,Burgers,175.0,2
219.0,189.0,1.0,1,Mcnuggets,506.0,5
339.0,128.0,0.0,0,Beverages,221.0,0
313.0,118.0,0.0,0,Fries,216.0,4
244.0,123.0,0.0,0,Beverages,271.0,0
263.0,144.0,0.0,1,Desserts,340.0,3
432.0,108.0,0.0,0,Breakfast,245.0,1
290.0,160.0,1.0,0,Desserts,299.0,3
414.0,125.0,0.0,0,Mcnuggets,254.0,5
243.0,154.0,0.0,0,Mcnuggets,321.0,5
268.0,143.0,0.0,0,Mcnuggets,304.0,5
254.0,94.0,0.0,0,Mcnuggets,153.0,5
305.0,162.0,0.0,1,Beverages,320.0,0
258.0,182.0,1.0,0,Fries,354.0,4
405.0,222.0,1.0,1,Mcnuggets,516.0,5
244.0,141.0,0.0,0,Breakfast,146.0,1
206.0,161.0,1.0,0,Fries,388.0,4
179.0,128.0,0.0,0,Fries,304.0,4
236.0,117.0,0.0,0,Fries,295.0,4
321.0,213.0,1.0,1,Burgers,465.0,2
301.0,139.0,0.0,1,Breakfast,263.0,1
332.0,178.0,1.0,0,Burgers,358.0,2
431.0,188.0,0.0,1,Burgers,380.0,2
396.0,125.0,0.0,0,Desserts,314.0,3
169.0,148.0,1.0,0,Beverages,388.0,0
361.0,111.0,0.0,0,Fries,201.0,4
285.0,150.0,1.0,0,Fries,416.0,4
442.0,102.0,0.0,0,Breakfast,170.0,1
369.0,128.0,1.0,0,Desserts,268.0,3
332.0,140.0,0.0,1,Breakfast,278.0,1
390.0,131.0,0.0,0,Fries,303.0,4
376.0,139.0,0.0,0,Fries,271.0,4
171.0,181.0,1.0,0,Beverages,452.0,0
244.0,159.0,1.0,0,Burgers,255.0,2
230.0,145.0,1.0,0,Mcnuggets,343.0,5
244.0,146.0,1.0,0,Desserts,310.0,3
313.0,126.0,0.0,0,Burgers,181.0,2
356.0,136.0,0.0,0,Burgers,296.0,2
413.0,193.0,1.0,0,Beverages,499.0,0
259.0,131.0,0.0,0,Burgers,260.0,2
202.0,104.0,0.0,0,Breakfast,196.0,1
351.0,155.0,1.0,0,Breakfast,393.0,1
312.0,93.0,0.0,0,Desserts,180.0,3
394.0,135.0,1.0,0,Desserts,276.0,3
472.0,144.0,0.0,0,Mcnuggets,267.0,5
199.0,162.0,0.0,1,Beverages,329.0,0
228.0,93.0,0.0,0,Desserts,227.0,3
281.0,154.0,0.0,1,Fries,385.0,4
278.0,127.0,0.0,0,Desserts,290.0,3
397.0,169.0,0.0,1,Mcnuggets,385.0,5
320.0,183.0,1.0,1,Fries,345.0,4
261.0,155.0,1.0,0,Fries,339.0,4
429.0,80.0,0.0,0,Beverages,135.0,0
215.0,138.0,1.0,0,Burgers,364.0,2
384.0,156.0,0.0,1,Mcnuggets,410.0,5
393.0,173.0,0.0,1,Mcnuggets,385.0,5
236.0,91.0,0.0,0,Desserts,193.0,3
201.0,113.0,1.0,0,Desserts,235.0,3
257.0,153.0,0.0,0,Fries,327.0,4
289.0,174.0,1.0,0,Beverages,412.0,0
253.0,198.0,1.0,1,Burgers,426.0,2
329.0,109.0,0.0,1,Breakfast,231.0,1
295.0,132.0,0.0,1,Mcnuggets,262.0,5
275.0,109.0,0.0,0,Burgers,204.0,2
251.0,140.0,0.0,0,Fries,287.0,4
349.0,132.0,0.0,0,Burgers,201.0,2
209.0,141.0,0.0,0,Burgers,309.0,2
379.0,117.0,0.0,1,Beverages,250.0,0
416.0,121.0,0.0,0,Desserts,219.0,3
219.0,145.0,0.0,1,Fries,338.0,4
242.0,104.0,0.0,0,Breakfast,271.0,1
532.0,85.0,0.0,0,Desserts,187.0,3
296.0,85.0,0.0,0,Breakfast,173.0,1
221.0,99.0,0.0,0,Breakfast,229.0,1
267.0,188.0,0.0,1,Burgers,408.0,2
196.0,108.0,0.0,0,Fries,212.0,4
348.0,100.0,0.0,0,Breakfast,207.0,1
174.0,215.0,1.0,1,Burgers,514.0,2
229.0,167.0,0.0,1,Burgers,420.0,2
418.0,145.0,0.0,0,Burgers,378.0,2
369.0,106.0,0.0,0,Mcnuggets,280.0,5
241.0,152.0,0.0,0,Mcnuggets,268.0,5
297.0,141.0,0.0,0,Burgers,317.0,2
311.0,187.0,1.0,0,Fries,412.0,4
397.0,139.0,0.0,0,Beverages,206.0,0
371.0,80.0,0.0,0,Burgers,197.0,2
339.0,158.0,1.0,0,Burgers,350.0,2
401.0,160.0,0.0,0,Beverages,417.0,0
600.0,80.0,0.0,0,Breakfast,168.0,1
602.0,118.0,0.0,0,Fries,293.0,4
136.0,152.0,1.0,0,Burgers,367.0,2
315.0,165.0,0.0,1,Breakfast,376.0,1
399.0,134.0,,0,Desserts,292.0,3
229.0,133.0,0.0,0,Burgers,293.0,2
322.0,149.0,0.0,1,Beverages,318.0,0
339.0,158.0,1.0,0,Mcnuggets,360.0,5
430.0,147.0,0.0,0,Burgers,279.0,2
316.0,128.0,0.0,0,Mcnuggets,290.0,5
230.0,116.0,0.0,0,Mcnuggets,300.0,5
301.0,117.0,0.0,0,Fries,235.0,4
502.0,153.0,0.0,1,Burgers,364.0,2
285.0,159.0,1.0,0,Breakfast,393.0,1
281.0,178.0,0.0,0,Mcnuggets,385.0,5
341.0,136.0,0.0,0,Burgers,297.0,2
391.0,135.0,0.0,0,Burgers,298.0,2
324.0,132.0,0.0,0,Beverages,269.0,0
434.0,104.0,0.0,0,Fries,227.0,4
148.0,96.0,0.0,0,Beverages,175.0,0
283.0,162.0,0.0,1,Breakfast,266.0,1
301.0,135.0,0.0,0,Beverages,297.0,0
466.0,206.0,1.0,1,Fries,435.0,4
519.0,98.0,0.0,0,Fries,170.0,4
371.0,119.0,0.0,0,Mcnuggets,234.0,5
355.0,131.0,0.0,0,Breakfast,274.0,1
408.0,123.0,0.0,1,Desserts,224.0,3
239.0,133.0,0.0,0,Beverages,241.0,0
241.0,117.0,0.0,0,Desserts,199.0,3
414.0,167.0,1.0,0,Beverages,445.0,0
221.0,174.0,1.0,1,Fries,460.0,4
334.0,149.0,0.0,1,Beverages,328.0,0
464.0,203.0,1.0,1,Beverages,455.0,0
238.0,142.0,0.0,0,Fries,316.0,4
371.0,174.0,0.0,1,Mcnuggets,364.0,5
210.0,97.0,0.0,0,Breakfast,236.0,1
229.0,134.0,0.0,0,Mcnuggets,251.0,5
283.0,139.0,0.0,1,Breakfast,308.0,1
242.0,72.0,0.0,0,Desserts,192.0,3
344.0,185.0,0.0,1,Fries,351.0,4
303.0,126.0,0.0,0,Burgers,231.0,2
318.0,143.0,1.0,0,Desserts,301.0,3
247.0,98.0,0.0,0,Breakfast,192.0,1
271.0,153.0,0.0,1,Fries,344.0,4
177.0,166.0,1.0,0,Beverages,299.0,0
224.0,187.0,1.0,0,Desserts,438.0,3
196.0,123.0,0.0,0,Breakfast,251.0,1
320.0,175.0,0.0,1,Burgers,386.0,2
273.0,127.0,1.0,0,Mcnuggets,333.0,5
234.0,143.0,0.0,0,Beverages,357.0,0
350.0,153.0,0.0,1,Mcnuggets,391.0,5
381.0,157.0,0.0,1,Fries,254.0,4
385.0,122.0,0.0,0,Breakfast,229.0,1
376.0,98.0,0.0,0,Burgers,237.0,2
212.0,173.0,0.0,1,Mcnuggets,319.0,5
194.0,99.0,0.0,0,Mcnuggets,210.0,5
381.0,105.0,0.0,0,Breakfast,195.0,1
292.0,155.0,0.0,0,Desserts,338.0,3
183.0,134.0,0.0,0,Beverages,283.0,0
191.0,126.0,0.0,0,Burgers,234.0,2
245.0,141.0,0.0,0,Desserts,328.0,3
387.0,109.0,0.0,0,Breakfast,123.0,1
257.0,80.0,0.0,0,Fries,183.0,4
94.0,141.0,0.0,0,Mcnuggets,286.0,5
316.0,126.0,0.0,0,Mcnuggets,252.0,5
203.0,89.0,0.0,0,Desserts,162.0,3
475.0,201.0,1.0,0,Burgers,488.0,2
314.0,130.0,0.0,0,Burgers,258.0,2
311.0,135.0,0.0,0,Mcnuggets,232.0,5
144.0,128.0,0.0,0,Fries,244.0,4
274.0,134.0,1.0,0,Fries,316.0,4
518.0,182.0,1.0,0,Breakfast,440.0,1
374.0,117.0,0.0,0,Breakfast,188.0,1
229.0,122.0,0.0,0,Breakfast,315.0,1
415.0,239.0,1.0,1,Burgers,538.0,2
282.0,170.0,1.0,0,Beverages,421.0,0
399.0,84.0,0.0,0,Breakfast,181.0,1
249.0,172.0,1.0,0,Beverages,323.0,0
352.0,114.0,0.0,0,Burgers,201.0,2
288.0,165.0,1.0,0,Beverages,405.0,0
372.0,124.0,0.0,0,Breakfast,138.0,1
266.0,102.0,0.0,0,Desserts,198.0,3
175.0,145.0,0.0,0,Burgers,260.0,2
290.0,123.0,0.0,0,Desserts,241.0,3
301.0,107.0,0.0,0,Beverages,204.0,0
397.0,139.0,0.0,0,Beverages,292.0,0
282.0,89.0,0.0,1,Breakfast,188.0,1
381.0,146.0,1.0,0,Burgers,358.0,2
341.0,107.0,0.0,0,Mcnuggets,183.0,5
400.0,132.0,0.0,0,Desserts,257.0,3
424.0,160.0,0.0,0,Breakfast,388.0,1
239.0,124.0,0.0,0,Burgers,273.0,2
318.0,117.0,0.0,0,Breakfast,193.0,1
212.0,131.0,0.0,0,Mcnuggets,249.0,5
301.0,102.0,0.0,0,Breakfast,133.0,1
322.0,195.0,0.0,1,Mcnuggets,436.0,5
445.0,151.0,0.0,1,Burgers,338.0,2
278.0,117.0,0.0,0,Desserts,181.0,3
349.0,162.0,1.0,0,Desserts,445.0,3
239.0,154.0,0.0,0,Burgers,345.0,2
259.0,151.0,0.0,0,Mcnuggets,304.0,5
253.0,169.0,0.0,0,Burgers,323.0,2
208.0,145.0,0.0,0,Burgers,310.0,2
313.0,172.0,0.0,1,Fries,305.0,4
299.0,130.0,0.0,0,Fries,303.0,4
448.0,141.0,1.0,0,Beverages,359.0,0
371.0,198.0,1.0,0,Mcnuggets,469.0,5
408.0,126.0,0.0,0,Burgers,351.0,2
265.0,170.0,1.0,0,Fries,452.0,4
179.0,134.0,0.0,1,Breakfast,229.0,1
364.0,134.0,0.0,0,Burgers,306.0,2
223.0,148.0,0.0,0,Beverages,349.0,0
153.0,187.0,0.0,0,Burgers,413.0,2
286.0,102.0,0.0,0,Mcnuggets,221.0,5
337.0,170.0,1.0,0,Desserts,373.0,3
431.0,201.0,1.0,0,Desserts,387.0,3
126.0,97.0,0.0,0,Breakfast,107.0,1
335.0,180.0,1.0,0,Burgers,455.0,2
398.0,169.0,1.0,1,Beverages,397.0,0
210.0,140.0,1.0,0,Desserts,259.0,3
293.0,105.0,0.0,0,Beverages,155.0,0
210.0,91.0,0.0,0,Fries,200.0,4
350.0,145.0,0.0,0,Mcnuggets,242.0,5
311.0,124.0,0.0,0,Mcnuggets,275.0,5
408.0,210.0,0.0,1,Beverages,487.0,0
247.0,183.0,1.0,0,Beverages,436.0,0
376.0,74.0,0.0,0,Fries,156.0,4
363.0,182.0,1.0,0,Mcnuggets,402.0,5
404.0,119.0,0.0,0,Beverages,228.0,0
449.0,220.0,1.0,1,Burgers,453.0,2
216.0,189.0,1.0,0,Fries,534.0,4
383.0,124.0,0.0,0,Fries,249.0,4
410.0,124.0,0.0,0,Desserts,222.0,3
426.0,155.0,1.0,0,Desserts,292.0,3
554.0,134.0,0.0,1,Breakfast,280.0,1
434.0,91.0,0.0,0,Desserts,204.0,3
309.0,212.0,1.0,1,Beverages,473.0,0
372.0,117.0,1.0,0,Mcnuggets,329.0,5
312.0,81.0,0.0,0,Fries,166.0,4
271.0,90.0,0.0,0,Desserts,176.0,3
246.0,200.0,0.0,1,Beverages,455.0,0
487.0,126.0,1.0,0,Mcnuggets,314.0,5
284.0,130.0,0.0,0,Fries,229.0,4
445.0,171.0,0.0,1,Desserts,333.0,3
406.0,141.0,1.0,0,Beverages,390.0,0
290.0,99.0,0.0,0,Breakfast,166.0,1
378.0,165.0,0.0,1,Beverages,400.0,0
536.0,214.0,1.0,1,Fries,383.0,4
386.0,122.0,0.0,0,Burgers,234.0,2
334.0,158.0,1.0,0,Mcnuggets,374.0,5
439.0,119.0,0.0,0,Mcnuggets,225.0,5
496.0,149.0,1.0,0,Mcnuggets,416.0,5
377.0,102.0,0.0,0,Breakfast,198.0,1
307.0,170.0,0.0,1,Fries,386.0,4
388.0,139.0,1.0,0,Desserts,406.0,3
346.0,182.0,0.0,1,Burgers,424.0,2
314.0,142.0,0.0,1,Beverages,380.0,0
443.0,177.0,0.0,1,Fries,373.0,4
209.0,121.0,0.0,0,Burgers,276.0,2
267.0,183.0,0.0,1,Burgers,324.0,2
187.0,107.0,0.0,0,Burgers,245.0,2
172.0,174.0,0.0,1,Burgers,421.0,2
358.0,187.0,1.0,0,Burgers,402.0,2
304.0,96.0,0.0,0,Fries,164.0,4
194.0,130.0,0.0,0,Mcnuggets,181.0,5
315.0,187.0,1.0,0,Mcnuggets,465.0,5
214.0,141.0,0.0,1,Desserts,324.0,3
500.0,168.0,1.0,0,Burgers,413.0,2
85.0,123.0,0.0,0,Burgers,258.0,2
408.0,81.0,0.0,0,Desserts,166.0,3
205.0,106.0,0.0,0,Beverages,193.0,0
364.0,158.0,0.0,1,Desserts,330.0,3
300.0,124.0,0.0,1,Fries,195.0,4
382.0,199.0,1.0,1,Breakfast,442.0,1
433.0,156.0,1.0,0,Beverages,368.0,0
222.0,117.0,0.0,0,Mcnuggets,270.0,5
507.0,163.0,0.0,1,Mcnuggets,320.0,5
273.0,124.0,0.0,0,Beverages,239.0,0
328.0,103.0,0.0,0,Fries,155.0,4
292.0,148.0,0.0,0,Mcnuggets,242.0,5
230.0,112.0,0.0,0,Burgers,230.0,2
236.0,167.0,1.0,0,Burgers,408.0,2
163.0,135.0,1.0,0,Breakfast,334.0,1
458.0,134.0,0.0,0,Burgers,302.0,2
320.0,113.0,0.0,0,Fries,201.0,4
352.0,78.0,0.0,0,Fries,193.0,4
246.0,179.0,1.0,0,Burgers,438.0,2
188.0,194.0,1.0,0,Beverages,400.0,0
108.0,148.0,0.0,0,Burgers,249.0,2
160.0,145.0,0.0,1,Mcnuggets,356.0,5
324.0,150.0,0.0,0,Burgers,299.0,2
223.0,121.0,0.0,0,Desserts,240.0,3
389.0,134.0,0.0,0,Burgers,342.0,2
414.0,129.0,0.0,0,Burgers,301.0,2
220.0,140.0,0.0,0,Beverages,254.0,0
258.0,153.0,0.0,0,Fries,323.0,4
325.0,136.0,1.0,0,Breakfast,353.0,1
264.0,177.0,0.0,0,Burgers,483.0,2
233.0,87.0,0.0,0,Burgers,183.0,2
412.0,190.0,1.0,0,Burgers,403.0,2
363.0,87.0,0.0,0,Breakfast,151.0,1
192.0,175.0,1.0,0,Beverages,412.0,0
309.0,139.0,0.0,1,Mcnuggets,271.0,5
370.0,126.0,0.0,0,Burgers,274.0,2
280.0,125.0,0.0,0,Mcnuggets,297.0,5
244.0,109.0,0.0,0,Mcnuggets,200.0,5
243.0,166.0,1.0,0,Beverages,413.0,0
341.0,155.0,1.0,0,Breakfast,317.0,1
321.0,206.0,1.0,1,Mcnuggets,494.0,5
193.0,193.0,0.0,1,Burgers,411.0,2
239.0,160.0,0.0,0,Mcnuggets,312.0,5
533.0,153.0,0.0,1,Breakfast,370.0,1
386.0,134.0,0.0,0,Fries,259.0,4
544.0,90.0,0.0,0,Desserts,143.0,3
196.0,120.0,0.0,0,Desserts,216.0,3
320.0,138.0,0.0,1,Fries,320.0,4
247.0,175.0,1.0,0,Burgers,349.0,2
188.0,156.0,0.0,1,Fries,301.0,4
504.0,155.0,1.0,0,Breakfast,314.0,1
450.0,183.0,0.0,0,Burgers,311.0,2
339.0,96.0,0.0,0,Mcnuggets,261.0,5
328.0,151.0,0.0,0,Burgers,379.0,2
241.0,144.0,0.0,0,Beverages,376.0,0
424.0,150.0,1.0,0,Desserts,370.0,3
345.0,128.0,1.0,0,Breakfast,365.0,1
339.0,140.0,0.0,0,Mcnuggets,319.0,5
291.0,113.0,0.0,0,Fries,242.0,4
411.0,137.0,0.0,0,Desserts,252.0,3
375.0,122.0,0.0,0,Beverages,289.0,0
328.0,156.0,0.0,0,Mcnuggets,341.0,5
165.0,135.0,1.0,0,Beverages,352.0,0
252.0,113.0,1.0,0,Beverages,297.0,0
242.0,102.0,0.0,0,Desserts,165.0,3
429.0,147.0,1.0,0,Desserts,362.0,3
301.0,106.0,0.0,0,Mcnuggets,230.0,5
354.0,161.0,0.0,1,Desserts,304.0,3
218.0,154.0,0.0,1,Beverages,382.0,0
266.0,110.0,0.0,0,Beverages,291.0,0
243.0,187.0,1.0,0,Desserts,386.0,3
337.0,114.0,0.0,0,Mcnuggets,238.0,5
274.0,156.0,1.0,0,Fries,302.0,4
235.0,125.0,0.0,0,Mcnuggets,315.0,5
437.0,104.0,0.0,0,Fries,219.0,4
403.0,169.0,1.0,0,Beverages,455.0,0
348.0,161.0,1.0,0,Desserts,402.0,3
179.0,105.0,0.0,0,Breakfast,239.0,1
331.0,180.0,1.0,1,Beverages,509.0,0
344.0,111.0,0.0,0,Desserts,248.0,3
388.0,80.0,0.0,0,Desserts,152.0,3
275.0,123.0,0.0,0,Breakfast,322.0,1
542.0,136.0,0.0,1,Fries,310.0,4
380.0,136.0,0.0,0,Beverages,304.0,0
286.0,114.0,0.0,0,Desserts,233.0,3
478.0,160.0,0.0,0,Beverages,307.0,0
241.0,111.0,0.0,0,Desserts,244.0,3
492.0,135.0,0.0,1,Beverages,389.0,0
283.0,162.0,0.0,1,Mcnuggets,369.0,5
434.0,103.0,0.0,0,Breakfast,209.0,1
484.0,145.0,0.0,0,Mcnuggets,340.0,5
299.0,147.0,0.0,1,Beverages,310.0,0
171.0,175.0,1.0,1,Breakfast,342.0,1
172.0,149.0,1.0,0,Beverages,355.0,0
122.0,116.0,0.0,0,Mcnuggets,211.0,5
229.0,219.0,1.0,0,Beverages,537.0,0
300.0,185.0,1.0,1,Desserts,395.0,3
273.0,228.0,1.0,1,Burgers,529.0,2
233.0,140.0,0.0,0,Beverages,286.0,0
338.0,90.0,0.0,0,Breakfast,191.0,1
121.0,136.0,0.0,0,Fries,291.0,4
253.0,135.0,0.0,0,Beverages,289.0,0
248.0,108.0,0.0,0,Beverages,221.0,0
301.0,207.0,0.0,1,Burgers,462.0,2
202.0,107.0,0.0,0,Fries,178.0,4
393.0,79.0,0.0,0,Fries,200.0,4
236.0,126.0,0.0,0,Burgers,224.0,2
174.0,187.0,1.0,0,Beverages,433.0,0
383.0,128.0,0.0,0,Burgers,245.0,2
351.0,156.0,1.0,0,Burgers,359.0,2
436.0,167.0,0.0,0,Burgers,364.0,2
366.0,183.0,1.0,0,Beverages,457.0,0
237.0,119.0,0.0,1,Breakfast,275.0,1
253.0,156.0,0.0,1,Mcnuggets,356.0,5
147.0,179.0,1.0,0,Mcnuggets,428.0,5
270.0,202.0,1.0,1,Beverages,433.0,0
315.0,139.0,0.0,0,Beverages,299.0,0
367.0,165.0,,1,Mcnuggets,374.0,5
270.0,121.0,0.0,0,Breakfast,212.0,1
234.0,121.0,0.0,0,Breakfast,242.0,1
435.0,103.0,0.0,0,Fries,192.0,4
290.0,120.0,0.0,0,Desserts,270.0,3
214.0,215.0,1.0,0,Beverages,530.0,0
443.0,133.0,0.0,0,Burgers,192.0,2
307.0,126.0,0.0,0,Breakfast,285.0,1
286.0,94.0,0.0,0,Desserts,158.0,3
289.0,115.0,0.0,0,Desserts,246.0,3
294.0,110.0,0.0,0,Burgers,238.0,2
252.0,131.0,0.0,0,Mcnuggets,262.0,5
157.0,155.0,1.0,0,Burgers,419.0,2
357.0,130.0,0.0,0,Burgers,292.0,2
317.0,129.0,0.0,0,Desserts,243.0,3
252.0,126.0,0.0,0,Breakfast,195.0,1
332.0,211.0,1.0,1,Burgers,446.0,2
149.0,153.0,0.0,0,Burgers,344.0,2
214.0,170.0,0.0,1,Mcnuggets,330.0,5
456.0,145.0,0.0,0,Fries,283.0,4
239.0,146.0,1.0,0,Desserts,360.0,3
171.0,176.0,1.0,0,Beverages,384.0,0
210.0,195.0,1.0,0,Mcnuggets,480.0,5
219.0,140.0,0.0,0,Desserts,274.0,3
353.0,194.0,1.0,0,Desserts,508.0,3
280.0,145.0,0.0,1,Breakfast,274.0,1
292.0,144.0,0.0,0,Beverages,324.0,0
233.0,98.0,0.0,0,Fries,140.0,4
368.0,89.0,0.0,0,Breakfast,148.0,1
299.0,155.0,0.0,1,Desserts,395.0,3
321.0,118.0,1.0,0,Breakfast,255.0,1
341.0,97.0,0.0,0,Fries,233.0,4
347.0,192.0,0.0,1,Beverages,460.0,0
207.0,116.0,0.0,0,Fries,180.0,4
370.0,149.0,1.0,0,Mcnuggets,409.0,5
278.0,153.0,0.0,1,Burgers,407.0,2
437.0,106.0,0.0,0,Breakfast,216.0,1
255.0,131.0,0.0,0,Burgers,332.0,2
375.0,174.0,1.0,0,Beverages,352.0,0
289.0,140.0,0.0,0,Mcnuggets,272.0,5
376.0,119.0,0.0,0,Fries,304.0,4
311.0,112.0,0.0,0,Burgers,156.0,2
371.0,127.0,0.0,0,Fries,283.0,4
262.0,137.0,0.0,0,Burgers,354.0,2
248.0,99.0,0.0,0,Burgers,198.0,2
301.0,95.0,0.0,0,Desserts,191.0,3
223.0,157.0,1.0,0,Fries,400.0,4
247.0,87.0,0.0,0,Breakfast,202.0,1
333.0,104.0,0.0,0,Breakfast,196.0,1
162.0,193.0,0.0,0,Burgers,508.0,2
281.0,118.0,0.0,0,Breakfast,212.0,1
276.0,141.0,1.0,0,Breakfast,282.0,1
389.0,178.0,0.0,1,Beverages,389.0,0
184.0,124.0,,0,Burgers,227.0,2
361.0,116.0,0.0,0,Beverages,245.0,0
328.0,171.0,0.0,1,Beverages,380.0,0
102.0,114.0,1.0,0,Breakfast,189.0,1
185.0,126.0,0.0,0,Beverages,283.0,0
429.0,205.0,0.0,1,Beverages,386.0,0
468.0,147.0,0.0,1,Burgers,356.0,2
230.0,112.0,0.0,1,Breakfast,198.0,1
222.0,126.0,0.0,0,Mcnuggets,262.0,5
306.0,157.0,0.0,1,Mcnuggets,375.0,5
254.0,180.0,1.0,0,Mcnuggets,375.0,5
330.0,147.0,1.0,0,Fries,382.0,4
363.0,75.0,0.0,0,Fries,135.0,4
265.0,156.0,0.0,1,Desserts,380.0,3
181.0,155.0,0.0,1,Beverages,334.0,0
260.0,121.0,0.0,0,Breakfast,164.0,1
326.0,118.0,0.0,0,Mcnuggets,233.0,5
335.0,111.0,0.0,0,Burgers,209.0,2
263.0,111.0,0.0,0,Beverages,187.0,0
230.0,134.0,0.0,0,Beverages,286.0,0
337.0,97.0,0.0,0,Breakfast,188.0,1
372.0,131.0,0.0,0,Burgers,226.0,2
274.0,101.0,0.0,0,Breakfast,146.0,1
292.0,189.0,1.0,0,Burgers,459.0,2
203.0,121.0,0.0,0,Fries,278.0,4
154.0,125.0,0.0,0,Fries,324.0,4
378.0,141.0,1.0,0,Beverages,368.0,0
258.0,173.0,1.0,0,Mcnuggets,350.0,5
216.0,153.0,1.0,0,Burgers,334.0,2
198.0,135.0,0.0,0,Mcnuggets,272.0,5
257.0,170.0,0.0,0,Mcnuggets,398.0,5
319.0,176.0,1.0,0,Burgers,460.0,2
197.0,134.0,0.0,0,Fries,317.0,4
269.0,89.0,0.0,0,Beverages,233.0,0
202.0,135.0,0.0,0,Beverages,326.0,0
416.0,149.0,0.0,0,Burgers,303.0,2
269.0,186.0,1.0,0,Fries,407.0,4
209.0,118.0,0.0,0,Mcnuggets,267.0,5
224.0,153.0,0.0,1,Mcnuggets,355.0,5
268.0,145.0,0.0,1,Beverages,337.0,0
515.0,218.0,1.0,1,Beverages,427.0,0
386.0,206.0,1.0,1,Desserts,498.0,3
233.0,101.0,0.0,0,Mcnuggets,208.0,5
221.0,166.0,0.0,1,Fries,381.0,4
342.0,152.0,0.0,1,Fries,324.0,4
331.0,115.0,0.0,0,Beverages,273.0,0
279.0,69.0,0.0,0,Desserts,118.0,3
359.0,178.0,1.0,0,Mcnuggets,468.0,5
296.0,204.0,1.0,1,Burgers,460.0,2
177.0,100.0,0.0,0,Mcnuggets,245.0,5
243.0,113.0,0.0,0,Fries,264.0,4
330.0,159.0,0.0,1,Burgers,253.0,2
301.0,148.0,0.0,0,Beverages,325.0,0
210.0,171.0,1.0,0,Desserts,356.0,3
529.0,136.0,0.0,1,Mcnuggets,316.0,5
256.0,144.0,1.0,0,Mcnuggets,347.0,5
257.0,200.0,1.0,1,Mcnuggets,463.0,5
431.0,140.0,0.0,0,Mcnuggets,255.0,5
266.0,139.0,0.0,1,Breakfast,329.0,1
397.0,147.0,0.0,1,Breakfast,354.0,1
295.0,134.0,0.0,0,Desserts,231.0,3
385.0,148.0,0.0,1,Burgers,289.0,2
354.0,155.0,0.0,1,Burgers,296.0,2
485.0,140.0,0.0,1,Mcnuggets,306.0,5
195.0,161.0,0.0,0,Mcnuggets,337.0,5
219.0,102.0,0.0,0,Mcnuggets,184.0,5
98.0,110.0,0.0,0,Burgers,277.0,2
375.0,180.0,0.0,1,Burgers,293.0,2
163.0,155.0,1.0,0,Burgers,327.0,2
357.0,135.0,0.0,0,Fries,310.0,4
336.0,126.0,0.0,0,Fries,162.0,4
203.0,205.0,1.0,1,Mcnuggets,453.0,5
270.0,123.0,0.0,0,Desserts,258.0,3
359.0,141.0,0.0,0,Mcnuggets,307.0,5
198.0,116.0,0.0,0,Burgers,290.0,2
390.0,177.0,1.0,0,Mcnuggets,406.0,5
296.0,182.0,1.0,0,Mcnuggets,373.0,5
216.0,154.0,0.0,1,Beverages,321.0,0
296.0,154.0,0.0,1,Mcnuggets,307.0,5
141.0,171.0,0.0,1,Desserts,392.0,3
465.0,192.0,0.0,1,Burgers,340.0,2
342.0,125.0,0.0,0,Fries,283.0,4
231.0,152.0,0.0,0,Burgers,288.0,2
285.0,157.0,1.0,0,Fries,322.0,4
387.0,116.0,0.0,0,Fries,217.0,4
199.0,149.0,0.0,0,Fries,346.0,4
225.0,134.0,0.0,1,Mcnuggets,320.0,5
370.0,115.0,0.0,0,Mcnuggets,235.0,5
199.0,128.0,0.0,0,Desserts,201.0,3
436.0,145.0,1.0,0,Burgers,340.0,2
378.0,78.0,0.0,0,Desserts,134.0,3
344.0,182.0,1.0,0,Fries,462.0,4
460.0,176.0,1.0,0,Burgers,421.0,2
501.0,164.0,0.0,0,Mcnuggets,283.0,5
283.0,87.0,0.0,0,Breakfast,163.0,1
338.0,120.0,0.0,0,Breakfast,230.0,1
370.0,149.0,1.0,0,Burgers,381.0,2
344.0,180.0,0.0,0,Beverages,385.0,0
320.0,237.0,1.0,1,Beverages,550.0,0
423.0,137.0,0.0,1,Beverages,241.0,0
222.0,114.0,0.0,0,Burgers,242.0,2
335.0,136.0,0.0,0,Burgers,311.0,2
358.0,168.0,1.0,0,Burgers,442.0,2
314.0,124.0,0.0,0,Burgers,253.0,2
373.0,158.0,1.0,0,Fries,320.0,4
330.0,99.0,0.0,0,Fries,120.0,4
317.0,141.0,0.0,1,Fries,306.0,4
392.0,138.0,0.0,0,Desserts,216.0,3
297.0,196.0,1.0,1,Desserts,451.0,3
496.0,120.0,0.0,0,Burgers,207.0,2
453.0,186.0,0.0,1,Burgers,471.0,2
301.0,111.0,0.0,0,Fries,190.0,4
268.0,71.0,0.0,0,Fries,127.0,4
362.0,114.0,0.0,0,Burgers,257.0,2
142.0,98.0,0.0,0,Desserts,202.0,3
343.0,135.0,0.0,0,Mcnuggets,329.0,5
388.0,179.0,0.0,1,Mcnuggets,340.0,5
292.0,120.0,0.0,0,Beverages,228.0,0
306.0,174.0,1.0,0,Beverages,451.0,0
432.0,177.0,0.0,1,Beverages,447.0,0
217.0,93.0,0.0,0,Fries,234.0,4
386.0,123.0,0.0,0,Mcnuggets,242.0,5
388.0,119.0,1.0,0,Desserts,353.0,3
368.0,148.0,0.0,0,Desserts,267.0,3
191.0,144.0,0.0,0,Burgers,226.0,2
221.0,178.0,1.0,0,Beverages,512.0,0
277.0,110.0,0.0,0,Burgers,269.0,2
190.0,129.0,0.0,0,Burgers,295.0,2
226.0,154.0,0.0,0,Burgers,312.0,2
242.0,98.0,0.0,0,Mcnuggets,240.0,5
274.0,142.0,0.0,1,Desserts,255.0,3
320.0,147.0,0.0,0,Desserts,245.0,3
212.0,199.0,0.0,1,Desserts,440.0,3
253.0,111.0,0.0,0,Burgers,290.0,2
294.0,99.0,0.0,0,Fries,225.0,4
253.0,162.0,0.0,1,Burgers,275.0,2
401.0,143.0,0.0,0,Fries,336.0,4
391.0,172.0,0.0,1,Burgers,276.0,2
330.0,134.0,1.0,0,Mcnuggets,304.0,5
342.0,141.0,0.0,1,Desserts,289.0,3
301.0,109.0,0.0,0,Mcnuggets,93.0,5
217.0,169.0,0.0,1,Burgers,340.0,2
395.0,144.0,0.0,1,Breakfast,331.0,1
438.0,150.0,1.0,0,Breakfast,351.0,1
381.0,145.0,0.0,0,Mcnuggets,262.0,5
367.0,156.0,0.0,1,Burgers,377.0,2
432.0,158.0,0.0,1,Burgers,378.0,2
266.0,101.0,0.0,0,Breakfast,213.0,1
117.0,187.0,1.0,1,Breakfast,467.0,1
270.0,122.0,0.0,0,Burgers,258.0,2
254.0,120.0,0.0,0,Mcnuggets,296.0,5
288.0,173.0,0.0,1,Fries,348.0,4
576.0,152.0,0.0,1,Fries,300.0,4
148.0,161.0,1.0,0,Breakfast,351.0,1
123.0,96.0,,0,Breakfast,220.0,1
340.0,141.0,0.0,0,Burgers,242.0,2
433.0,160.0,0.0,1,Burgers,347.0,2
294.0,123.0,1.0,0,Breakfast,274.0,1
466.0,125.0,0.0,0,Burgers,294.0,2
416.0,64.0,0.0,0,Desserts,90.0,3
358.0,150.0,1.0,1,Breakfast,258.0,1
353.0,176.0,0.0,1,Beverages,396.0,0
385.0,150.0,0.0,1,Desserts,300.0,3
308.0,185.0,1.0,0,Beverages,414.0,0
203.0,171.0,0.0,1,Mcnuggets,407.0,5
317.0,140.0,0.0,1,Beverages,291.0,0
288.0,117.0,0.0,0,Mcnuggets,245.0,5
348.0,104.0,0.0,0,Desserts,187.0,3
207.0,123.0,0.0,0,Burgers,213.0,2
510.0,126.0,0.0,0,Beverages,195.0,0
255.0,214.0,1.0,1,Mcnuggets,516.0,5
384.0,109.0,0.0,0,Desserts,208.0,3
375.0,145.0,0.0,0,Mcnuggets,313.0,5
230.0,196.0,1.0,0,Burgers,401.0,2
440.0,109.0,0.0,0,Burgers,194.0,2
198.0,222.0,1.0,1,Desserts,488.0,3
443.0,155.0,0.0,0,Burgers,377.0,2
273.0,180.0,1.0,0,Fries,301.0,4
363.0,106.0,0.0,0,Desserts,263.0,3
546.0,183.0,1.0,1,Burgers,504.0,2
233.0,141.0,0.0,0,Burgers,283.0,2
325.0,146.0,0.0,0,Burgers,333.0,2
292.0,155.0,0.0,1,Mcnuggets,253.0,5
242.0,138.0,0.0,0,Beverages,347.0,0
267.0,110.0,0.0,0,Mcnuggets,320.0,5
131.0,133.0,0.0,0,Mcnuggets,243.0,5
369.0,147.0,0.0,1,Fries,301.0,4
285.0,135.0,0.0,0,Beverages,247.0,0
346.0,112.0,0.0,0,Burgers,280.0,2
325.0,223.0,1.0,1,Mcnuggets,504.0,5
298.0,104.0,0.0,0,Breakfast,231.0,1
292.0,135.0,0.0,0,Mcnuggets,341.0,5
193.0,195.0,1.0,0,Burgers,363.0,2
222.0,121.0,0.0,0,Mcnuggets,274.0,5
211.0,112.0,0.0,0,Fries,263.0,4
294.0,155.0,1.0,0,Fries,323.0,4
314.0,169.0,1.0,0,Burgers,411.0,2
339.0,133.0,0.0,0,Breakfast,221.0,1
353.0,122.0,0.0,0,Beverages,279.0,0
384.0,143.0,0.0,0,Burgers,313.0,2
391.0,180.0,0.0,1,Burgers,338.0,2
381.0,105.0,0.0,0,Breakfast,235.0,1
283.0,161.0,1.0,0,Desserts,401.0,3
378.0,113.0,0.0,0,Beverages,276.0,0
424.0,120.0,0.0,1,Breakfast,242.0,1
316.0,83.0,0.0,0,Desserts,127.0,3
194.0,111.0,0.0,0,Burgers,224.0,2
244.0,118.0,0.0,0,Burgers,236.0,2
287.0,152.0,0.0,0,Fries,291.0,4
375.0,97.0,0.0,0,Breakfast,274.0,1
435.0,177.0,1.0,1,Burgers,458.0,2
293.0,200.0,1.0,1,Burgers,483.0,2
440.0,175.0,0.0,1,Burgers,314.0,2
263.0,158.0,0.0,1,Mcnuggets,327.0,5
142.0,145.0,0.0,0,Mcnuggets,382.0,5
407.0,149.0,1.0,0,Beverages,282.0,0
308.0,106.0,0.0,0,Burgers,203.0,2
314.0,231.0,1.0,1,Mcnuggets,549.0,5
425.0,127.0,0.0,0,Fries,202.0,4
312.0,149.0,0.0,0,Burgers,361.0,2
348.0,89.0,0.0,0,Beverages,168.0,0
375.0,101.0,0.0,0,Breakfast,195.0,1
171.0,113.0,0.0,0,Desserts,210.0,3
291.0,141.0,0.0,1,Burgers,423.0,2
335.0,159.0,0.0,1,Breakfast,289.0,1
265.0,162.0,0.0,1,Burgers,275.0,2
394.0,146.0,0.0,0,Burgers,227.0,2
377.0,134.0,0.0,1,Fries,281.0,4
276.0,194.0,0.0,0,Burgers,392.0,2
405.0,148.0,0.0,1,Breakfast,359.0,1
269.0,160.0,0.0,0,Mcnuggets,338.0,5
432.0,183.0,0.0,1,Burgers,348.0,2
206.0,171.0,1.0,0,Mcnuggets,358.0,5
252.0,120.0,0.0,0,Burgers,294.0,2
252.0,123.0,0.0,0,Burgers,265.0,2
458.0,159.0,0.0,1,Desserts,308.0,3
226.0,112.0,0.0,0,Beverages,233.0,0
263.0,146.0,0.0,0,Fries,311.0,4
253.0,152.0,0.0,0,Beverages,312.0,0
271.0,133.0,0.0,0,Mcnuggets,278.0,5
311.0,185.0,1.0,1,Mcnuggets,392.0,5
149.0,152.0,0.0,1,Breakfast,307.0,1
522.0,131.0,0.0,0,Beverages,159.0,0
333.0,174.0,0.0,1,Mcnuggets,435.0,5
223.0,169.0,1.0,0,Fries,423.0,4
291.0,95.0,0.0,0,Beverages,252.0,0
128.0,109.0,0.0,0,Fries,315.0,4
291.0,163.0,0.0,0,Beverages,433.0,0
228.0,73.0,0.0,0,Breakfast,185.0,1
205.0,135.0,1.0,0,Desserts,370.0,3
163.0,104.0,0.0,0,Mcnuggets,119.0,5
342.0,182.0,0.0,0,Beverages,353.0,0
256.0,163.0,0.0,0,Fries,356.0,4
530.0,192.0,1.0,1,Beverages,453.0,0
541.0,191.0,0.0,1,Mcnuggets,437.0,5
134.0,160.0,1.0,0,Desserts,411.0,3
256.0,134.0,0.0,0,Beverages,325.0,0
202.0,121.0,0.0,0,Beverages,256.0,0
156.0,215.0,1.0,1,Burgers,515.0,2
181.0,204.0,1.0,1,Fries,525.0,4
223.0,159.0,1.0,1,Desserts,356.0,3
213.0,173.0,0.0,0,Burgers,337.0,2
432.0,129.0,0.0,0,Burgers,216.0,2
209.0,126.0,0.0,0,Breakfast,381.0,1
262.0,90.0,0.0,0,Desserts,181.0,3
229.0,132.0,0.0,0,Beverages,280.0,0
331.0,164.0,1.0,0,Burgers,367.0,2
219.0,140.0,0.0,1,Beverages,293.0,0
420.0,176.0,1.0,0,Beverages,351.0,0
422.0,172.0,1.0,0,Burgers,386.0,2
301.0,172.0,0.0,1,Burgers,403.0,2
200.0,149.0,1.0,0,Desserts,365.0,3
378.0,183.0,1.0,0,Burgers,388.0,2
377.0,132.0,0.0,0,Burgers,209.0,2
234.0,121.0,0.0,0,Fries,276.0,4
357.0,141.0,0.0,0,Beverages,317.0,0
188.0,130.0,0.0,0,Fries,289.0,4
322.0,169.0,1.0,0,Beverages,387.0,0
492.0,106.0,0.0,0,Fries,264.0,4
226.0,162.0,1.0,0,Burgers,355.0,2
421.0,152.0,0.0,1,Mcnuggets,393.0,5
253.0,140.0,1.0,0,Desserts,309.0,3
403.0,148.0,0.0,0,Breakfast,323.0,1
332.0,89.0,0.0,0,Fries,194.0,4
474.0,127.0,0.0,0,Burgers,233.0,2
524.0,172.0,0.0,1,Beverages,327.0,0
312.0,121.0,0.0,0,Burgers,293.0,2
372.0,168.0,0.0,1,Fries,320.0,4
318.0,96.0,0.0,0,Beverages,152.0,0
438.0,145.0,1.0,0,Fries,266.0,4
340.0,163.0,0.0,1,Burgers,334.0,2
362.0,135.0,0.0,0,Fries,259.0,4
306.0,183.0,1.0,0,Beverages,403.0,0
370.0,141.0,1.0,0,Breakfast,304.0,1
197.0,136.0,1.0,0,Fries,344.0,4
179.0,110.0,0.0,0,Mcnuggets,240.0,5
274.0,184.0,1.0,0,Mcnuggets,408.0,5
257.0,93.0,0.0,0,Desserts,171.0,3
306.0,149.0,0.0,0,Breakfast,334.0,1
415.0,134.0,0.0,0,Burgers,265.0,2
204.0,119.0,0.0,0,Fries,300.0,4
301.0,113.0,0.0,0,Mcnuggets,237.0,5
559.0,160.0,1.0,0,Desserts,290.0,3
146.0,153.0,0.0,1,Breakfast,360.0,1
238.0,176.0,1.0,1,Desserts,476.0,3
275.0,141.0,0.0,1,Mcnuggets,278.0,5
148.0,152.0,0.0,0,Burgers,346.0,2
403.0,119.0,0.0,0,Desserts,218.0,3
346.0,88.0,0.0,0,Fries,181.0,4
223.0,84.0,0.0,0,Fries,166.0,4
304.0,136.0,0.0,0,Desserts,250.0,3
330.0,144.0,0.0,1,Desserts,287.0,3
215.0,149.0,1.0,0,Mcnuggets,391.0,5
256.0,176.0,1.0,1,Burgers,402.0,2
268.0,126.0,0.0,0,Mcnuggets,278.0,5
226.0,159.0,,0,Burgers,342.0,2
261.0,148.0,0.0,1,Breakfast,290.0,1
313.0,135.0,0.0,0,Beverages,300.0,0
237.0,142.0,0.0,1,Burgers,339.0,2
336.0,143.0,0.0,0,Mcnuggets,406.0,5
257.0,113.0,0.0,0,Beverages,239.0,0
212.0,195.0,1.0,0,Burgers,372.0,2
332.0,130.0,0.0,0,Fries,267.0,4
287.0,144.0,1.0,0,Beverages,424.0,0
379.0,132.0,0.0,0,Beverages,338.0,0
278.0,180.0,1.0,1,Breakfast,431.0,1
208.0,134.0,0.0,1,Desserts,335.0,3
211.0,174.0,1.0,0,Breakfast,356.0,1
383.0,195.0,1.0,0,Breakfast,418.0,1
431.0,205.0,1.0,1,Fries,560.0,4
319.0,142.0,0.0,1,Mcnuggets,233.0,5
311.0,104.0,0.0,0,Fries,180.0,4
279.0,166.0,0.0,1,Burgers,366.0,2
505.0,117.0,0.0,0,Fries,194.0,4
205.0,206.0,1.0,0,Burgers,492.0,2
406.0,180.0,1.0,0,Mcnuggets,378.0,5
257.0,142.0,0.0,0,Mcnuggets,270.0,5
239.0,108.0,0.0,0,Beverages,256.0,0
298.0,83.0,0.0,0,Breakfast,111.0,1
278.0,98.0,0.0,0,Desserts,255.0,3
374.0,143.0,0.0,1,Breakfast,318.0,1
368.0,99.0,0.0,0,Fries,185.0,4
225.0,106.0,0.0,0,Breakfast,214.0,1
173.0,174.0,1.0,0,Burgers,403.0,2
347.0,96.0,0.0,0,Fries,200.0,4
215.0,121.0,0.0,0,Mcnuggets,214.0,5
113.0,159.0,1.0,0,Desserts,274.0,3
302.0,105.0,0.0,0,Burgers,181.0,2
322.0,145.0,1.0,0,Breakfast,216.0,1
377.0,155.0,1.0,0,Breakfast,335.0,1
358.0,132.0,0.0,0,Burgers,238.0,2
342.0,167.0,0.0,1,Fries,370.0,4
423.0,112.0,0.0,0,Mcnuggets,289.0,5
341.0,98.0,0.0,0,Breakfast,173.0,1
281.0,119.0,0.0,0,Desserts,224.0,3
316.0,164.0,1.0,0,Breakfast,344.0,1
384.0,149.0,1.0,0,Burgers,365.0,2
434.0,167.0,1.0,0,Mcnuggets,363.0,5
262.0,124.0,0.0,0,Burgers,248.0,2
377.0,131.0,0.0,1,Beverages,274.0,0
233.0,136.0,0.0,0,Fries,292.0,4
355.0,187.0,0.0,1,Burgers,371.0,2
360.0,89.0,0.0,0,Breakfast,178.0,1
299.0,161.0,1.0,0,Breakfast,345.0,1
156.0,150.0,1.0,0,Breakfast,289.0,1
348.0,166.0,,1,Mcnuggets,321.0,5
159.0,150.0,1.0,0,Breakfast,286.0,1
394.0,79.0,0.0,0,Fries,157.0,4
370.0,105.0,0.0,0,Mcnuggets,260.0,5
333.0,162.0,1.0,0,Burgers,343.0,2
349.0,137.0,0.0,0,Fries,291.0,4
357.0,172.0,0.0,1,Burgers,404.0,2
215.0,128.0,0.0,0,Desserts,268.0,3
332.0,159.0,0.0,0,Fries,435.0,4
310.0,122.0,0.0,0,Burgers,208.0,2
469.0,128.0,0.0,0,Desserts,354.0,3
263.0,104.0,0.0,0,Burgers,169.0,2
419.0,158.0,1.0,0,Mcnuggets,351.0,5
431.0,113.0,0.0,0,Beverages,283.0,0
186.0,110.0,0.0,0,Fries,248.0,4
199.0,129.0,0.0,0,Fries,242.0,4
435.0,160.0,0.0,1,Mcnuggets,351.0,5
198.0,110.0,0.0,0,Fries,243.0,4
223.0,137.0,0.0,0,Mcnuggets,239.0,5
314.0,120.0,0.0,0,Beverages,271.0,0
393.0,117.0,0.0,0,Beverages,211.0,0
423.0,147.0,0.0,0,Breakfast,344.0,1
268.0,106.0,,0,Fries,209.0,4
168.0,158.0,0.0,1,Mcnuggets,374.0,5
365.0,152.0,0.0,1,Mcnuggets,370.0,5
415.0,177.0,1.0,1,Burgers,457.0,2
226.0,127.0,0.0,0,Beverages,233.0,0
439.0,181.0,0.0,1,Burgers,397.0,2
325.0,135.0,0.0,0,Fries,299.0,4
330.0,146.0,1.0,0,Burgers,354.0,2
413.0,144.0,0.0,1,Breakfast,254.0,1
318.0,133.0,0.0,0,Beverages,265.0,0
275.0,147.0,0.0,0,Beverages,320.0,0
153.0,175.0,1.0,0,Mcnuggets,455.0,5
416.0,167.0,1.0,0,Desserts,409.0,3
218.0,135.0,0.0,1,Desserts,287.0,3
267.0,185.0,1.0,0,Burgers,382.0,2
220.0,147.0,0.0,1,Desserts,332.0,3
419.0,114.0,0.0,0,Beverages,252.0,0
359.0,193.0,0.0,1,Beverages,430.0,0
240.0,195.0,1.0,0,Burgers,393.0,2
278.0,148.0,0.0,0,Beverages,340.0,0
537.0,183.0,0.0,1,Desserts,432.0,3
211.0,124.0,0.0,0,Beverages,183.0,0
195.0,130.0,1.0,0,Breakfast,319.0,1
168.0,172.0,1.0,0,Fries,392.0,4
358.0,107.0,0.0,0,Beverages,250.0,0
523.0,132.0,0.0,0,Beverages,216.0,0
294.0,141.0,0.0,1,Mcnuggets,265.0,5
310.0,108.0,0.0,0,Desserts,169.0,3
323.0,150.0,0.0,1,Burgers,272.0,2
221.0,142.0,1.0,0,Desserts,351.0,3
459.0,148.0,1.0,0,Desserts,306.0,3
326.0,209.0,1.0,1,Fries,493.0,4
289.0,153.0,1.0,0,Burgers,287.0,2
288.0,145.0,0.0,1,Burgers,373.0,2
470.0,121.0,0.0,0,Mcnuggets,193.0,5
404.0,101.0,0.0,0,Burgers,198.0,2
221.0,147.0,1.0,0,Fries,379.0,4
270.0,176.0,1.0,0,Burgers,443.0,2
161.0,165.0,0.0,0,Burgers,267.0,2
416.0,155.0,0.0,1,Fries,280.0,4
273.0,117.0,1.0,0,Beverages,320.0,0
404.0,130.0,0.0,1,Fries,325.0,4
331.0,117.0,0.0,0,Mcnuggets,256.0,5
279.0,98.0,0.0,0,Beverages,158.0,0
244.0,136.0,0.0,0,Burgers,317.0,2
92.0,173.0,0.0,0,Burgers,405.0,2
320.0,156.0,0.0,0,Burgers,368.0,2
306.0,131.0,0.0,0,Desserts,314.0,3
390.0,115.0,0.0,0,Fries,235.0,4
312.0,129.0,0.0,0,Burgers,286.0,2
252.0,141.0,1.0,0,Burgers,385.0,2
337.0,158.0,1.0,0,Burgers,319.0,2
392.0,113.0,0.0,0,Breakfast,250.0,1
168.0,105.0,0.0,0,Fries,228.0,4
360.0,194.0,1.0,1,Desserts,382.0,3
335.0,135.0,0.0,1,Desserts,270.0,3
415.0,181.0,1.0,0,Mcnuggets,452.0,5
348.0,144.0,0.0,1,Fries,285.0,4
196.0,230.0,1.0,1,Mcnuggets,536.0,5
395.0,152.0,0.0,0,Mcnuggets,302.0,5
281.0,91.0,0.0,0,Burgers,203.0,2
489.0,160.0,0.0,0,Burgers,352.0,2
373.0,164.0,0.0,0,Fries,320.0,4
314.0,93.0,0.0,0,Fries,151.0,4
396.0,143.0,1.0,0,Fries,377.0,4
233.0,111.0,0.0,0,Desserts,226.0,3
246.0,110.0,0.0,0,Desserts,186.0,3
262.0,96.0,0.0,0,Beverages,175.0,0
237.0,88.0,0.0,0,Fries,210.0,4
229.0,57.0,0.0,0,Mcnuggets,133.0,5
194.0,123.0,0.0,0,Desserts,180.0,3
422.0,106.0,0.0,0,Fries,150.0,4
252.0,128.0,0.0,0,Beverages,270.0,0
455.0,158.0,1.0,0,Fries,291.0,4
245.0,134.0,0.0,0,Mcnuggets,325.0,5
329.0,86.0,0.0,0,Burgers,224.0,2
319.0,148.0,0.0,0,Beverages,333.0,0
255.0,122.0,1.0,0,Breakfast,346.0,1
434.0,175.0,1.0,0,Burgers,408.0,2
475.0,178.0,0.0,1,Burgers,392.0,2
307.0,175.0,0.0,1,Burgers,360.0,2
184.0,101.0,0.0,0,Desserts,190.0,3
246.0,123.0,0.0,0,Mcnuggets,259.0,5
137.0,163.0,0.0,0,Burgers,298.0,2
464.0,211.0,1.0,1,Beverages,479.0,0
418.0,170.0,0.0,1,Beverages,311.0,0
214.0,159.0,0.0,0,Beverages,305.0,0
291.0,98.0,0.0,0,Beverages,141.0,0
307.0,171.0,1.0,0,Mcnuggets,449.0,5
228.0,176.0,1.0,0,Beverages,466.0,0
216.0,155.0,0.0,0,Fries,331.0,4
260.0,154.0,0.0,0,Burgers,323.0,2
354.0,102.0,0.0,0,Breakfast,164.0,1
345.0,128.0,0.0,0,Beverages,208.0,0
472.0,107.0,0.0,0,Desserts,242.0,3
226.0,98.0,0.0,0,Fries,174.0,4
337.0,77.0,0.0,0,Desserts,113.0,3
206.0,105.0,0.0,0,Breakfast,219.0,1
335.0,77.0,0.0,0,Breakfast,163.0,1
312.0,155.0,0.0,1,Mcnuggets,287.0,5
273.0,205.0,1.0,1,Burgers,526.0,2
306.0,167.0,1.0,0,Mcnuggets,415.0,5
312.0,115.0,0.0,0,Fries,231.0,4
263.0,131.0,0.0,1,Breakfast,251.0,1
507.0,189.0,1.0,1,Beverages,530.0,0
169.0,110.0,1.0,0,Beverages,290.0,0
370.0,116.0,0.0,0,Burgers,279.0,2
461.0,154.0,0.0,1,Fries,344.0,4
394.0,123.0,0.0,1,Burgers,339.0,2
414.0,167.0,1.0,0,Beverages,354.0,0
457.0,176.0,1.0,1,Breakfast,333.0,1
313.0,98.0,0.0,0,Mcnuggets,189.0,5
196.0,91.0,0.0,0,Beverages,107.0,0
319.0,116.0,0.0,0,Fries,212.0,4
407.0,89.0,0.0,0,Mcnuggets,216.0,5
261.0,129.0,0.0,0,Burgers,251.0,2
250.0,77.0,0.0,0,Desserts,168.0,3
355.0,141.0,0.0,0,Fries,287.0,4
442.0,171.0,1.0,0,Desserts,399.0,3
301.0,134.0,0.0,0,Desserts,279.0,3
289.0,149.0,0.0,1,Burgers,347.0,2
310.0,145.0,0.0,0,Burgers,304.0,2
254.0,87.0,0.0,0,Desserts,128.0,3
295.0,192.0,1.0,0,Fries,490.0,4
221.0,155.0,1.0,0,Desserts,287.0,3
483.0,151.0,0.0,1,Beverages,274.0,0
365.0,168.0,0.0,1,Fries,425.0,4
264.0,139.0,1.0,0,Breakfast,385.0,1
419.0,177.0,0.0,1,Burgers,329.0,2
210.0,138.0,1.0,0,Beverages,367.0,0
471.0,142.0,0.0,0,Desserts,376.0,3
464.0,141.0,0.0,0,Burgers,350.0,2
252.0,220.0,1.0,1,Beverages,548.0,0
442.0,182.0,1.0,1,Desserts,434.0,3
114.0,217.0,1.0,1,Burgers,529.0,2
256.0,123.0,1.0,0,Mcnuggets,235.0,5
514.0,157.0,1.0,0,Burgers,321.0,2
222.0,137.0,0.0,1,Desserts,335.0,3
306.0,185.0,1.0,0,Beverages,448.0,0
371.0,135.0,0.0,1,Burgers,304.0,2
182.0,137.0,1.0,0,Breakfast,282.0,1
190.0,145.0,0.0,1,Breakfast,363.0,1
238.0,120.0,0.0,0,Burgers,235.0,2
142.0,201.0,1.0,0,Mcnuggets,458.0,5
285.0,139.0,0.0,0,Beverages,319.0,0
360.0,175.0,1.0,0,Burgers,392.0,2
263.0,91.0,1.0,0,Breakfast,267.0,1
178.0,120.0,0.0,1,Breakfast,226.0,1
169.0,125.0,0.0,0,Fries,325.0,4
209.0,195.0,1.0,1,Breakfast,431.0,1
501.0,88.0,0.0,0,Desserts,215.0,3
275.0,115.0,0.0,0,Mcnuggets,184.0,5
438.0,156.0,0.0,1,Beverages,314.0,0
311.0,170.0,1.0,1,Burgers,387.0,2
271.0,182.0,0.0,1,Burgers,425.0,2
314.0,128.0,0.0,1,Beverages,358.0,0
388.0,118.0,0.0,0,Beverages,285.0,0
205.0,125.0,0.0,0,Desserts,209.0,3
483.0,192.0,0.0,1,Mcnuggets,324.0,5
454.0,77.0,0.0,0,Desserts,134.0,3
179.0,178.0,1.0,0,Burgers,308.0,2
265.0,205.0,1.0,1,Fries,424.0,4
189.0,95.0,0.0,0,Breakfast,165.0,1
416.0,188.0,1.0,1,Mcnuggets,416.0,5
262.0,127.0,0.0,0,Mcnuggets,279.0,5
268.0,168.0,1.0,0,Burgers,404.0,2
535.0,179.0,0.0,0,Burgers,438.0,2
429.0,163.0,0.0,1,Desserts,363.0,3
368.0,141.0,1.0,1,Burgers,538.0,2
378.0,169.0,1.0,0,Burgers,359.0,2
317.0,141.0,0.0,0,Beverages,263.0,0
177.0,165.0,0.0,1,Fries,346.0,4
256.0,121.0,0.0,0,Beverages,228.0,0
289.0,176.0,0.0,0,Burgers,414.0,2
336.0,161.0,0.0,1,Burgers,378.0,2
227.0,171.0,1.0,0,Burgers,394.0,2
237.0,182.0,1.0,1,Breakfast,431.0,1
175.0,138.0,1.0,0,Desserts,304.0,3
199.0,157.0,1.0,0,Beverages,352.0,0
366.0,141.0,0.0,0,Desserts,259.0,3
357.0,94.0,0.0,0,Desserts,189.0,3
468.0,97.0,,0,Burgers,195.0,2
306.0,166.0,0.0,1,Mcnuggets,351.0,5
290.0,127.0,0.0,0,Beverages,287.0,0
291.0,114.0,0.0,0,Fries,261.0,4
283.0,129.0,0.0,0,Breakfast,311.0,1
84.0,129.0,0.0,0,Desserts,286.0,3
190.0,224.0,1.0,1,Burgers,513.0,2
426.0,167.0,0.0,0,Burgers,371.0,2
211.0,199.0,1.0,1,Burgers,510.0,2
404.0,157.0,0.0,1,Mcnuggets,388.0,5
217.0,103.0,0.0,0,Burgers,237.0,2
303.0,199.0,1.0,1,Mcnuggets,418.0,5
226.0,144.0,0.0,1,Desserts,242.0,3
159.0,149.0,0.0,0,Burgers,338.0,2
207.0,156.0,1.0,0,Breakfast,372.0,1
172.0,93.0,0.0,0,Burgers,219.0,2
258.0,196.0,1.0,0,Burgers,484.0,2
280.0,85.0,0.0,0,Desserts,148.0,3
274.0,165.0,0.0,1,Beverages,332.0,0
403.0,126.0,0.0,0,Beverages,376.0,0
252.0,170.0,1.0,0,Desserts,398.0,3
520.0,130.0,0.0,0,Mcnuggets,260.0,5
346.0,151.0,0.0,0,Fries,311.0,4
291.0,110.0,0.0,0,Breakfast,191.0,1
473.0,146.0,0.0,0,Mcnuggets,209.0,5
125.0,77.0,0.0,0,Breakfast,181.0,1
253.0,140.0,0.0,1,Burgers,350.0,2
241.0,108.0,0.0,0,Beverages,277.0,0
148.0,167.0,1.0,0,Desserts,445.0,3
198.0,129.0,0.0,1,Desserts,266.0,3
282.0,117.0,0.0,0,Burgers,271.0,2
189.0,151.0,0.0,1,Beverages,327.0,0
393.0,137.0,1.0,0,Burgers,287.0,2
339.0,181.0,0.0,1,Desserts,387.0,3
192.0,75.0,0.0,0,Fries,137.0,4
168.0,123.0,0.0,0,Breakfast,231.0,1
340.0,103.0,0.0,0,Burgers,229.0,2
457.0,190.0,1.0,1,Beverages,542.0,0
218.0,204.0,1.0,1,Burgers,482.0,2
329.0,126.0,1.0,0,Beverages,320.0,0
332.0,124.0,0.0,0,Mcnuggets,214.0,5
350.0,172.0,1.0,0,Mcnuggets,427.0,5
268.0,183.0,0.0,1,Mcnuggets,315.0,5
451.0,149.0,0.0,1,Mcnuggets,385.0,5
112.0,171.0,1.0,0,Mcnuggets,449.0,5
502.0,179.0,0.0,1,Beverages,437.0,0
254.0,175.0,0.0,0,Mcnuggets,337.0,5
365.0,134.0,0.0,0,Beverages,244.0,0
389.0,140.0,0.0,1,Mcnuggets,327.0,5
428.0,118.0,0.0,1,Desserts,246.0,3
258.0,133.0,1.0,0,Breakfast,355.0,1
311.0,108.0,0.0,1,Desserts,267.0,3
433.0,138.0,0.0,0,Beverages,283.0,0
359.0,214.0,1.0,1,Mcnuggets,421.0,5
388.0,145.0,0.0,1,Beverages,345.0,0
292.0,176.0,1.0,0,Fries,315.0,4
274.0,138.0,0.0,1,Desserts,325.0,3
323.0,182.0,1.0,1,Desserts,434.0,3
319.0,179.0,1.0,0,Desserts,328.0,3
312.0,164.0,1.0,0,Breakfast,295.0,1
198.0,171.0,0.0,1,Desserts,287.0,3
396.0,166.0,0.0,0,Beverages,394.0,0
454.0,171.0,1.0,0,Desserts,371.0,3
188.0,149.0,1.0,0,Mcnuggets,335.0,5
323.0,139.0,0.0,0,Desserts,267.0,3
149.0,212.0,1.0,0,Fries,510.0,4
144.0,98.0,0.0,0,Fries,146.0,4
118.0,124.0,0.0,0,Mcnuggets,237.0,5
422.0,104.0,0.0,0,Breakfast,242.0,1
365.0,268.0,1.0,1,Fries,555.0,4
360.0,152.0,1.0,0,Mcnuggets,304.0,5
372.0,101.0,0.0,0,Desserts,192.0,3
281.0,168.0,0.0,1,Burgers,391.0,2
319.0,76.0,0.0,0,Breakfast,226.0,1
263.0,157.0,0.0,1,Fries,350.0,4
438.0,144.0,0.0,0,Burgers,204.0,2
293.0,116.0,0.0,0,Breakfast,292.0,1
294.0,153.0,1.0,0,Fries,376.0,4
405.0,100.0,0.0,0,Fries,201.0,4
381.0,105.0,0.0,0,Fries,204.0,4
218.0,148.0,1.0,0,Fries,385.0,4
284.0,126.0,0.0,0,Burgers,216.0,2
279.0,156.0,0.0,0,Burgers,287.0,2
225.0,164.0,1.0,0,Burgers,364.0,2
170.0,154.0,1.0,0,Beverages,341.0,0
382.0,204.0,0.0,1,Beverages,395.0,0
333.0,182.0,1.0,1,Desserts,405.0,3
429.0,144.0,0.0,0,Beverages,251.0,0
569.0,134.0,0.0,0,Desserts,226.0,3
341.0,132.0,0.0,0,Burgers,300.0,2
387.0,157.0,1.0,0,Fries,369.0,4
239.0,162.0,0.0,1,Burgers,336.0,2
340.0,156.0,0.0,0,Beverages,244.0,0
248.0,149.0,0.0,0,Burgers,279.0,2
219.0,133.0,0.0,0,Mcnuggets,211.0,5
402.0,118.0,0.0,0,Mcnuggets,280.0,5
417.0,156.0,0.0,0,Beverages,344.0,0
358.0,192.0,0.0,1,Mcnuggets,479.0,5
220.0,88.0,0.0,0,Desserts,163.0,3
285.0,150.0,0.0,0,Beverages,367.0,0
357.0,140.0,0.0,0,Burgers,240.0,2
230.0,227.0,1.0,1,Beverages,542.0,0
491.0,121.0,0.0,0,Fries,281.0,4
249.0,132.0,1.0,0,Fries,295.0,4
415.0,133.0,0.0,0,Mcnuggets,314.0,5
270.0,132.0,0.0,0,Burgers,265.0,2
263.0,198.0,1.0,1,Fries,481.0,4
172.0,93.0,0.0,0,Breakfast,191.0,1
261.0,142.0,0.0,0,Burgers,246.0,2
331.0,171.0,1.0,0,Burgers,430.0,2
301.0,142.0,0.0,0,Burgers,278.0,2
428.0,145.0,0.0,1,Beverages,299.0,0
373.0,152.0,1.0,0,Burgers,309.0,2
339.0,166.0,0.0,1,Beverages,398.0,0
191.0,108.0,0.0,0,Burgers,229.0,2
241.0,162.0,0.0,0,Burgers,319.0,2
315.0,166.0,0.0,1,Desserts,411.0,3
287.0,163.0,1.0,0,Burgers,423.0,2
284.0,145.0,1.0,0,Mcnuggets,390.0,5
299.0,89.0,0.0,0,Breakfast,133.0,1
294.0,137.0,0.0,0,Burgers,238.0,2
355.0,97.0,0.0,0,Desserts,187.0,3
136.0,135.0,0.0,0,Burgers,291.0,2
421.0,131.0,0.0,1,Mcnuggets,244.0,5
311.0,151.0,0.0,1,Desserts,365.0,3
153.0,193.0,0.0,1,Burgers,334.0,2
239.0,123.0,0.0,0,Beverages,290.0,0
240.0,151.0,1.0,0,Fries,358.0,4
177.0,137.0,0.0,0,Fries,283.0,4
267.0,77.0,0.0,0,Fries,137.0,4
299.0,122.0,0.0,0,Mcnuggets,264.0,5
316.0,172.0,0.0,1,Desserts,308.0,3
296.0,136.0,0.0,1,Breakfast,247.0,1
286.0,147.0,0.0,0,Burgers,322.0,2
304.0,165.0,1.0,1,Beverages,429.0,0
119.0,157.0,0.0,0,Mcnuggets,217.0,5
363.0,145.0,0.0,1,Breakfast,251.0,1
117.0,138.0,0.0,0,Fries,334.0,4
300.0,151.0,0.0,1,Beverages,373.0,0
242.0,118.0,0.0,0,Beverages,292.0,0
365.0,114.0,0.0,0,Beverages,276.0,0
223.0,150.0,0.0,1,Beverages,311.0,0
503.0,196.0,0.0,1,Fries,478.0,4
301.0,211.0,1.0,1,Burgers,502.0,2
246.0,189.0,1.0,0,Fries,409.0,4
227.0,126.0,0.0,0,Beverages,231.0,0
222.0,105.0,0.0,0,Fries,294.0,4
236.0,103.0,0.0,0,Breakfast,176.0,1
218.0,146.0,1.0,0,Desserts,367.0,3
254.0,129.0,0.0,0,Burgers,180.0,2
379.0,117.0,0.0,0,Fries,209.0,4
471.0,161.0,0.0,1,Fries,376.0,4
289.0,109.0,0.0,0,Mcnuggets,183.0,5
301.0,172.0,0.0,0,Desserts,362.0,3
309.0,109.0,0.0,0,Fries,188.0,4
241.0,138.0,0.0,0,Burgers,272.0,2
402.0,141.0,0.0,0,Beverages,255.0,0
397.0,190.0,1.0,1,Burgers,454.0,2
442.0,133.0,0.0,0,Mcnuggets,285.0,5
329.0,125.0,0.0,0,Beverages,291.0,0
190.0,139.0,0.0,0,Burgers,273.0,2
180.0,171.0,1.0,0,Mcnuggets,453.0,5
294.0,100.0,0.0,0,Breakfast,137.0,1
330.0,167.0,1.0,0,Burgers,338.0,2
262.0,116.0,0.0,0,Mcnuggets,187.0,5
300.0,152.0,0.0,0,Beverages,328.0,0
137.0,192.0,1.0,0,Beverages,407.0,0
504.0,137.0,0.0,1,Mcnuggets,274.0,5
382.0,127.0,0.0,0,Fries,299.0,4
577.0,178.0,1.0,0,Mcnuggets,439.0,5
290.0,133.0,0.0,1,Mcnuggets,231.0,5
250.0,145.0,0.0,1,Burgers,348.0,2
338.0,168.0,1.0,1,Fries,393.0,4
305.0,142.0,0.0,1,Beverages,377.0,0
296.0,217.0,1.0,1,Beverages,531.0,0
279.0,128.0,0.0,0,Beverages,265.0,0
340.0,168.0,0.0,1,Breakfast,370.0,1
287.0,182.0,0.0,1,Beverages,398.0,0
291.0,218.0,1.0,1,Mcnuggets,436.0,5
318.0,157.0,0.0,1,Burgers,276.0,2
418.0,201.0,1.0,1,Fries,404.0,4
245.0,226.0,1.0,1,Burgers,554.0,2
192.0,146.0,0.0,1,Fries,325.0,4
407.0,218.0,1.0,1,Burgers,557.0,2
129.0,115.0,0.0,0,Desserts,241.0,3
465.0,179.0,1.0,1,Desserts,383.0,3
272.0,106.0,0.0,0,Mcnuggets,247.0,5
334.0,116.0,0.0,0,Beverages,283.0,0
448.0,130.0,0.0,1,Mcnuggets,305.0,5
265.0,138.0,0.0,0,Beverages,318.0,0
229.0,141.0,0.0,0,Beverages,343.0,0
390.0,149.0,0.0,0,Beverages,263.0,0
531.0,117.0,0.0,0,Fries,200.0,4
230.0,136.0,0.0,0,Fries,213.0,4
434.0,85.0,0.0,0,Breakfast,173.0,1
285.0,166.0,0.0,0,Beverages,421.0,0
472.0,155.0,0.0,0,Mcnuggets,276.0,5
278.0,165.0,1.0,0,Breakfast,361.0,1
279.0,153.0,1.0,0,Breakfast,279.0,1
173.0,103.0,0.0,0,Breakfast,172.0,1
388.0,177.0,0.0,1,Burgers,446.0,2
196.0,123.0,0.0,0,Fries,215.0,4
388.0,128.0,0.0,1,Burgers,274.0,2
198.0,143.0,0.0,1,Breakfast,320.0,1
272.0,128.0,0.0,0,Breakfast,179.0,1
238.0,129.0,0.0,0,Mcnuggets,249.0,5
376.0,94.0,0.0,0,Breakfast,233.0,1
257.0,172.0,0.0,1,Beverages,443.0,0
367.0,145.0,0.0,1,Burgers,292.0,2
405.0,214.0,1.0,1,Mcnuggets,429.0,5
237.0,166.0,0.0,1,Breakfast,325.0,1
307.0,112.0,0.0,0,Fries,222.0,4
352.0,141.0,0.0,0,Breakfast,187.0,1
245.0,119.0,1.0,0,Breakfast,250.0,1
205.0,146.0,1.0,0,Fries,367.0,4
146.0,131.0,1.0,0,Fries,333.0,4
436.0,126.0,0.0,0,Desserts,326.0,3
378.0,196.0,1.0,0,Burgers,461.0,2
223.0,166.0,0.0,0,Burgers,343.0,2
302.0,163.0,1.0,0,Breakfast,456.0,1
236.0,126.0,1.0,0,Beverages,364.0,0
228.0,121.0,0.0,0,Burgers,252.0,2
219.0,132.0,0.0,0,Mcnuggets,260.0,5
250.0,139.0,1.0,0,Breakfast,310.0,1
514.0,216.0,1.0,0,Fries,453.0,4
384.0,141.0,0.0,0,Mcnuggets,261.0,5
271.0,111.0,0.0,0,Fries,227.0,4
299.0,90.0,0.0,0,Fries,175.0,4
180.0,94.0,,0,Desserts,205.0,3
285.0,116.0,0.0,0,Beverages,160.0,0
237.0,148.0,0.0,1,Breakfast,376.0,1
301.0,111.0,0.0,0,Mcnuggets,246.0,5
166.0,191.0,0.0,1,Beverages,461.0,0
261.0,132.0,0.0,0,Beverages,355.0,0
234.0,119.0,0.0,0,Burgers,206.0,2
187.0,125.0,0.0,0,Burgers,360.0,2
329.0,184.0,1.0,0,Mcnuggets,376.0,5
221.0,232.0,1.0,1,Mcnuggets,566.0,5
417.0,104.0,0.0,1,Breakfast,250.0,1
201.0,158.0,0.0,0,Burgers,231.0,2
315.0,125.0,0.0,0,Fries,208.0,4
479.0,191.0,1.0,0,Mcnuggets,482.0,5
290.0,174.0,0.0,1,Fries,415.0,4
372.0,161.0,0.0,1,Desserts,391.0,3
356.0,148.0,1.0,0,Mcnuggets,415.0,5
305.0,111.0,0.0,0,Beverages,257.0,0
343.0,118.0,0.0,0,Mcnuggets,242.0,5
308.0,164.0,1.0,1,Fries,363.0,4
304.0,122.0,0.0,0,Beverages,244.0,0
255.0,109.0,0.0,0,Mcnuggets,177.0,5
423.0,101.0,0.0,0,Mcnuggets,199.0,5
250.0,173.0,1.0,0,Burgers,416.0,2
294.0,128.0,0.0,0,Desserts,244.0,3
282.0,129.0,0.0,1,Breakfast,263.0,1
448.0,124.0,0.0,0,Mcnuggets,261.0,5
199.0,122.0,0.0,0,Desserts,237.0,3
271.0,120.0,0.0,0,Breakfast,207.0,1
401.0,110.0,0.0,0,Beverages,243.0,0
261.0,178.0,0.0,0,Burgers,429.0,2
319.0,161.0,0.0,0,Beverages,314.0,0
289.0,136.0,0.0,1,Beverages,301.0,0
383.0,151.0,0.0,1,Beverages,373.0,0
429.0,125.0,1.0,0,Burgers,349.0,2
246.0,147.0,1.0,0,Desserts,388.0,3
194.0,108.0,0.0,0,Fries,219.0,4
223.0,166.0,1.0,0,Fries,305.0,4
331.0,100.0,0.0,0,Beverages,179.0,0
194.0,93.0,0.0,0,Desserts,155.0,3
325.0,195.0,1.0,0,Mcnuggets,447.0,5
249.0,201.0,1.0,1,Desserts,526.0,3
472.0,86.0,0.0,0,Breakfast,108.0,1
278.0,123.0,0.0,0,Desserts,267.0,3
248.0,118.0,0.0,1,Fries,284.0,4
417.0,173.0,0.0,1,Beverages,373.0,0
318.0,98.0,0.0,0,Fries,187.0,4
215.0,121.0,0.0,0,Breakfast,242.0,1
388.0,139.0,0.0,0,Fries,280.0,4
364.0,235.0,1.0,1,Desserts,513.0,3
559.0,125.0,0.0,1,Breakfast,291.0,1
236.0,123.0,0.0,0,Burgers,215.0,2
323.0,89.0,0.0,0,Breakfast,158.0,1
513.0,113.0,0.0,1,Fries,300.0,4
400.0,171.0,1.0,0,Burgers,354.0,2
429.0,173.0,0.0,1,Breakfast,350.0,1
268.0,103.0,0.0,0,Burgers,236.0,2
251.0,197.0,1.0,0,Burgers,498.0,2
467.0,88.0,0.0,0,Desserts,147.0,3
366.0,146.0,0.0,1,Desserts,327.0,3
248.0,166.0,0.0,1,Desserts,281.0,3
325.0,182.0,1.0,0,Fries,399.0,4
204.0,130.0,0.0,0,Mcnuggets,212.0,5
185.0,168.0,1.0,0,Desserts,362.0,3
393.0,155.0,0.0,0,Burgers,276.0,2
319.0,138.0,0.0,0,Beverages,335.0,0
301.0,167.0,0.0,0,Desserts,310.0,3
262.0,168.0,0.0,1,Desserts,380.0,3
243.0,122.0,0.0,0,Burgers,223.0,2
253.0,172.0,1.0,0,Fries,364.0,4
192.0,170.0,0.0,1,Burgers,273.0,2
335.0,153.0,0.0,0,Mcnuggets,279.0,5
257.0,66.0,0.0,0,Beverages,160.0,0
283.0,92.0,0.0,0,Breakfast,224.0,1
347.0,164.0,0.0,1,Desserts,290.0,3
251.0,189.0,1.0,0,Burgers,388.0,2
386.0,123.0,0.0,1,Breakfast,228.0,1
203.0,138.0,0.0,1,Fries,348.0,4
266.0,203.0,1.0,0,Burgers,493.0,2
255.0,151.0,0.0,0,Fries,355.0,4
221.0,144.0,1.0,0,Breakfast,329.0,1
244.0,114.0,0.0,0,Fries,289.0,4
453.0,149.0,0.0,0,Fries,293.0,4
241.0,142.0,0.0,0,Burgers,306.0,2
224.0,177.0,0.0,0,Burgers,409.0,2
378.0,122.0,0.0,0,Burgers,246.0,2
483.0,160.0,0.0,1,Burgers,340.0,2
258.0,90.0,0.0,0,Fries,151.0,4
368.0,153.0,1.0,0,Desserts,374.0,3
265.0,114.0,0.0,0,Mcnuggets,272.0,5
258.0,151.0,0.0,1,Burgers,316.0,2
387.0,95.0,0.0,0,Breakfast,174.0,1
250.0,135.0,0.0,0,Desserts,293.0,3
295.0,102.0,0.0,0,Beverages,230.0,0
462.0,81.0,0.0,0,Breakfast,178.0,1
274.0,122.0,0.0,0,Burgers,215.0,2
408.0,113.0,0.0,0,Burgers,219.0,2
332.0,187.0,0.0,1,Breakfast,442.0,1
153.0,137.0,1.0,0,Breakfast,287.0,1
337.0,143.0,0.0,1,Mcnuggets,342.0,5
221.0,92.0,0.0,0,Desserts,147.0,3
331.0,155.0,1.0,0,Fries,324.0,4
191.0,152.0,0.0,0,Burgers,275.0,2
250.0,118.0,0.0,0,Burgers,258.0,2
233.0,127.0,1.0,0,Breakfast,272.0,1
401.0,134.0,0.0,0,Fries,186.0,4
188.0,149.0,0.0,0,Mcnuggets,319.0,5
233.0,176.0,0.0,1,Breakfast,318.0,1
147.0,191.0,1.0,0,Desserts,453.0,3
40.0,130.0,0.0,0,Fries,313.0,4
455.0,98.0,0.0,0,Breakfast,217.0,1
327.0,133.0,1.0,0,Breakfast,321.0,1
232.0,141.0,1.0,0,Mcnuggets,359.0,5
280.0,167.0,1.0,0,Breakfast,273.0,1
336.0,183.0,1.0,1,Desserts,394.0,3
158.0,166.0,1.0,0,Desserts,399.0,3
331.0,140.0,0.0,1,Fries,322.0,4
436.0,132.0,0.0,0,Breakfast,333.0,1
171.0,160.0,0.0,1,Mcnuggets,287.0,5
389.0,147.0,1.0,0,Breakfast,273.0,1
311.0,137.0,0.0,0,Mcnuggets,237.0,5
284.0,141.0,0.0,0,Burgers,295.0,2
377.0,132.0,0.0,0,Burgers,222.0,2
444.0,114.0,0.0,0,Fries,211.0,4
232.0,145.0,0.0,0,Burgers,308.0,2
332.0,163.0,1.0,0,Mcnuggets,306.0,5
342.0,132.0,0.0,1,Desserts,349.0,3
531.0,148.0,0.0,1,Burgers,393.0,2
124.0,167.0,1.0,0,Beverages,390.0,0
466.0,201.0,1.0,0,Beverages,459.0,0
267.0,173.0,1.0,0,Burgers,362.0,2
301.0,158.0,0.0,1,Desserts,351.0,3
363.0,183.0,1.0,1,Breakfast,428.0,1
333.0,98.0,0.0,0,Mcnuggets,199.0,5
217.0,90.0,0.0,0,Mcnuggets,198.0,5
199.0,100.0,0.0,0,Desserts,197.0,3
283.0,183.0,1.0,0,Burgers,450.0,2
195.0,182.0,0.0,1,Burgers,442.0,2
276.0,136.0,0.0,0,Burgers,254.0,2
420.0,153.0,1.0,0,Desserts,381.0,3
244.0,192.0,1.0,0,Beverages,475.0,0
218.0,109.0,0.0,0,Desserts,148.0,3
214.0,130.0,0.0,0,Mcnuggets,292.0,5
262.0,170.0,1.0,0,Breakfast,386.0,1
175.0,55.0,0.0,0,Breakfast,167.0,1
222.0,180.0,0.0,1,Fries,443.0,4
338.0,108.0,0.0,0,Beverages,276.0,0
177.0,89.0,0.0,0,Burgers,170.0,2
232.0,137.0,0.0,0,Burgers,272.0,2
322.0,108.0,0.0,1,Desserts,238.0,3
469.0,197.0,1.0,1,Mcnuggets,436.0,5
211.0,151.0,0.0,1,Breakfast,326.0,1
119.0,137.0,0.0,1,Desserts,334.0,3
356.0,105.0,0.0,0,Beverages,192.0,0
262.0,158.0,1.0,0,Desserts,290.0,3
242.0,160.0,0.0,1,Burgers,305.0,2
376.0,140.0,0.0,0,Fries,314.0,4
449.0,125.0,0.0,0,Burgers,230.0,2
343.0,162.0,0.0,0,Burgers,316.0,2
288.0,155.0,1.0,0,Fries,348.0,4
286.0,154.0,0.0,0,Burgers,359.0,2
203.0,166.0,0.0,1,Fries,355.0,4
335.0,207.0,1.0,0,Fries,396.0,4
386.0,152.0,0.0,1,Mcnuggets,288.0,5
382.0,134.0,0.0,0,Burgers,232.0,2
276.0,115.0,0.0,0,Fries,216.0,4
229.0,195.0,1.0,1,Burgers,470.0,2
273.0,177.0,0.0,1,Mcnuggets,408.0,5
111.0,90.0,0.0,0,Breakfast,185.0,1
299.0,169.0,1.0,0,Beverages,415.0,0
433.0,141.0,0.0,0,Beverages,330.0,0
566.0,167.0,0.0,1,Mcnuggets,315.0,5
329.0,167.0,0.0,1,Mcnuggets,380.0,5
320.0,164.0,1.0,0,Fries,312.0,4
358.0,162.0,1.0,0,Desserts,378.0,3
306.0,100.0,0.0,0,Mcnuggets,240.0,5
268.0,120.0,0.0,0,Desserts,233.0,3
270.0,152.0,0.0,1,Mcnuggets,304.0,5
407.0,184.0,1.0,0,Burgers,400.0,2
382.0,144.0,0.0,0,Beverages,284.0,0
301.0,143.0,0.0,0,Mcnuggets,212.0,5
215.0,152.0,,0,Breakfast,302.0,1
470.0,109.0,0.0,1,Breakfast,292.0,1
420.0,163.0,0.0,1,Burgers,394.0,2
322.0,147.0,0.0,0,Desserts,242.0,3
382.0,129.0,0.0,1,Burgers,308.0,2
233.0,164.0,0.0,1,Burgers,414.0,2
273.0,130.0,0.0,0,Mcnuggets,238.0,5
529.0,186.0,1.0,0,Burgers,427.0,2
293.0,142.0,0.0,1,Desserts,384.0,3
242.0,119.0,0.0,0,Mcnuggets,276.0,5
363.0,132.0,0.0,0,Beverages,287.0,0
311.0,131.0,1.0,0,Desserts,313.0,3
254.0,194.0,1.0,1,Burgers,442.0,2
286.0,105.0,0.0,0,Breakfast,169.0,1
353.0,118.0,0.0,0,Desserts,213.0,3
390.0,178.0,0.0,1,Fries,343.0,4
320.0,140.0,0.0,1,Beverages,294.0,0
103.0,195.0,1.0,0,Fries,460.0,4
405.0,160.0,0.0,1,Breakfast,330.0,1
340.0,196.0,1.0,1,Mcnuggets,483.0,5
370.0,105.0,0.0,0,Mcnuggets,260.0,5
233.0,122.0,0.0,0,Mcnuggets,283.0,5
370.0,162.0,,0,Burgers,305.0,2
492.0,102.0,0.0,1,Breakfast,219.0,1
225.0,158.0,0.0,0,Beverages,291.0,0
398.0,138.0,0.0,1,Beverages,347.0,0
296.0,173.0,0.0,1,Mcnuggets,343.0,5
266.0,161.0,1.0,0,Fries,351.0,4
257.0,132.0,0.0,0,Beverages,302.0,0
322.0,119.0,0.0,0,Burgers,266.0,2
314.0,117.0,0.0,0,Fries,203.0,4
284.0,87.0,0.0,0,Desserts,172.0,3
355.0,148.0,0.0,1,Fries,348.0,4
442.0,98.0,0.0,0,Breakfast,146.0,1
211.0,151.0,0.0,1,Mcnuggets,253.0,5
301.0,142.0,0.0,1,Mcnuggets,310.0,5
417.0,223.0,1.0,1,Burgers,446.0,2
137.0,136.0,1.0,0,Beverages,330.0,0
271.0,97.0,0.0,0,Breakfast,211.0,1
323.0,141.0,0.0,0,Fries,202.0,4
300.0,95.0,0.0,0,Desserts,221.0,3
308.0,131.0,1.0,0,Desserts,378.0,3
414.0,163.0,0.0,1,Breakfast,357.0,1
563.0,146.0,0.0,1,Fries,334.0,4
392.0,112.0,0.0,0,Fries,206.0,4
300.0,213.0,1.0,1,Desserts,530.0,3
210.0,158.0,1.0,0,Fries,330.0,4
539.0,126.0,0.0,0,Mcnuggets,314.0,5
320.0,113.0,0.0,0,Burgers,238.0,2
262.0,117.0,0.0,0,Breakfast,196.0,1
234.0,101.0,0.0,0,Breakfast,168.0,1
552.0,180.0,1.0,0,Breakfast,437.0,1
233.0,150.0,0.0,0,Burgers,248.0,2
294.0,140.0,0.0,0,Beverages,354.0,0
261.0,169.0,0.0,0,Beverages,354.0,0
288.0,156.0,0.0,1,Burgers,354.0,2
292.0,75.0,0.0,0,Breakfast,164.0,1
331.0,157.0,0.0,1,Mcnuggets,376.0,5
418.0,108.0,0.0,0,Beverages,208.0,0
372.0,211.0,1.0,1,Desserts,564.0,3
92.0,157.0,0.0,0,Burgers,399.0,2
175.0,125.0,0.0,0,Beverages,287.0,0
173.0,134.0,0.0,0,Burgers,265.0,2
244.0,134.0,0.0,0,Burgers,328.0,2
177.0,189.0,1.0,0,Mcnuggets,397.0,5
171.0,169.0,1.0,0,Desserts,338.0,3
262.0,162.0,0.0,0,Fries,265.0,4
395.0,188.0,1.0,1,Desserts,404.0,3
267.0,149.0,1.0,0,Desserts,387.0,3
381.0,148.0,1.0,0,Mcnuggets,404.0,5
348.0,141.0,1.0,0,Burgers,359.0,2
226.0,165.0,1.0,0,Fries,407.0,4
308.0,82.0,0.0,0,Breakfast,130.0,1
261.0,158.0,1.0,0,Desserts,365.0,3
365.0,150.0,0.0,1,Desserts,327.0,3
235.0,191.0,1.0,0,Desserts,381.0,3
362.0,125.0,0.0,1,Fries,249.0,4
353.0,155.0,0.0,0,Breakfast,239.0,1
194.0,106.0,0.0,0,Beverages,196.0,0
407.0,127.0,0.0,0,Breakfast,188.0,1
321.0,133.0,0.0,1,Fries,280.0,4
165.0,192.0,1.0,1,Burgers,428.0,2
360.0,142.0,0.0,1,Desserts,263.0,3
363.0,140.0,0.0,0,Desserts,264.0,3
483.0,115.0,0.0,0,Fries,238.0,4
411.0,151.0,1.0,0,Beverages,393.0,0
298.0,159.0,0.0,1,Desserts,315.0,3
307.0,84.0,0.0,0,Fries,196.0,4
277.0,88.0,0.0,0,Breakfast,170.0,1
153.0,146.0,1.0,0,Mcnuggets,344.0,5
366.0,74.0,0.0,0,Breakfast,90.0,1
285.0,115.0,0.0,0,Burgers,302.0,2
547.0,135.0,0.0,1,Mcnuggets,273.0,5
217.0,131.0,0.0,1,Burgers,279.0,2
353.0,141.0,0.0,0,Desserts,299.0,3
269.0,68.0,0.0,0,Breakfast,103.0,1
290.0,166.0,0.0,1,Beverages,354.0,0
355.0,96.0,0.0,0,Breakfast,204.0,1
203.0,155.0,0.0,0,Burgers,284.0,2
459.0,144.0,0.0,0,Burgers,254.0,2
393.0,146.0,0.0,1,Mcnuggets,351.0,5
405.0,110.0,0.0,0,Burgers,212.0,2
173.0,137.0,0.0,0,Burgers,294.0,2
224.0,150.0,0.0,0,Mcnuggets,301.0,5
190.0,132.0,0.0,1,Breakfast,255.0,1
245.0,155.0,0.0,1,Fries,317.0,4
205.0,85.0,0.0,0,Breakfast,154.0,1
167.0,130.0,0.0,0,Burgers,201.0,2
293.0,173.0,0.0,1,Beverages,364.0,0
262.0,180.0,1.0,0,Fries,455.0,4
303.0,158.0,0.0,0,Burgers,307.0,2
255.0,125.0,0.0,0,Burgers,220.0,2
334.0,138.0,0.0,0,Fries,291.0,4
351.0,164.0,0.0,0,Fries,317.0,4
273.0,92.0,0.0,0,Fries,166.0,4
296.0,130.0,0.0,0,Burgers,266.0,2
298.0,167.0,1.0,0,Burgers,347.0,2
301.0,127.0,1.0,0,Fries,303.0,4
377.0,158.0,1.0,0,Desserts,354.0,3
300.0,132.0,1.0,0,Breakfast,285.0,1
273.0,110.0,0.0,0,Fries,229.0,4
265.0,126.0,0.0,0,Breakfast,226.0,1
350.0,111.0,0.0,0,Mcnuggets,222.0,5
441.0,108.0,0.0,0,Mcnuggets,252.0,5
472.0,151.0,1.0,0,Breakfast,289.0,1
383.0,141.0,0.0,0,Mcnuggets,275.0,5
344.0,105.0,0.0,0,Breakfast,209.0,1
417.0,194.0,1.0,1,Desserts,401.0,3
307.0,92.0,0.0,0,Breakfast,172.0,1
275.0,164.0,1.0,0,Burgers,375.0,2
390.0,149.0,0.0,0,Breakfast,315.0,1
446.0,123.0,0.0,1,Breakfast,181.0,1
226.0,114.0,0.0,0,Fries,231.0,4
312.0,150.0,0.0,0,Fries,329.0,4
410.0,133.0,0.0,0,Beverages,253.0,0
449.0,125.0,1.0,0,Mcnuggets,297.0,5
322.0,160.0,0.0,0,Mcnuggets,313.0,5
262.0,149.0,1.0,0,Fries,270.0,4
483.0,180.0,1.0,0,Beverages,305.0,0
248.0,125.0,0.0,0,Fries,198.0,4
370.0,149.0,0.0,1,Desserts,374.0,3
343.0,130.0,0.0,0,Mcnuggets,226.0,5
236.0,112.0,0.0,0,Breakfast,204.0,1
312.0,131.0,0.0,0,Desserts,235.0,3
372.0,131.0,0.0,1,Fries,174.0,4
386.0,151.0,0.0,0,Beverages,240.0,0
249.0,217.0,1.0,1,Mcnuggets,523.0,5
186.0,140.0,0.0,0,Breakfast,310.0,1
149.0,136.0,0.0,0,Fries,316.0,4
196.0,172.0,0.0,1,Beverages,351.0,0
187.0,107.0,0.0,0,Burgers,180.0,2
307.0,109.0,0.0,0,Breakfast,193.0,1
229.0,175.0,1.0,0,Beverages,326.0,0
206.0,147.0,0.0,1,Beverages,329.0,0
268.0,140.0,1.0,0,Fries,280.0,4
392.0,130.0,0.0,0,Burgers,287.0,2
290.0,138.0,0.0,1,Desserts,313.0,3
193.0,176.0,0.0,1,Burgers,350.0,2
261.0,106.0,0.0,1,Breakfast,202.0,1
137.0,140.0,0.0,0,Burgers,355.0,2
330.0,156.0,1.0,0,Desserts,321.0,3
327.0,142.0,0.0,0,Mcnuggets,210.0,5
358.0,212.0,1.0,1,Burgers,457.0,2
346.0,160.0,1.0,0,Burgers,444.0,2
197.0,157.0,0.0,1,Mcnuggets,398.0,5
439.0,186.0,0.0,1,Fries,490.0,4
453.0,141.0,0.0,0,Mcnuggets,203.0,5
238.0,177.0,1.0,0,Mcnuggets,387.0,5
295.0,128.0,0.0,0,Beverages,305.0,0
253.0,147.0,0.0,1,Burgers,329.0,2
522.0,183.0,1.0,0,Mcnuggets,428.0,5
261.0,122.0,0.0,0,Burgers,240.0,2
625.0,162.0,0.0,1,Fries,317.0,4
337.0,140.0,0.0,1,Burgers,349.0,2
473.0,137.0,1.0,0,Breakfast,304.0,1
360.0,113.0,0.0,0,Beverages,164.0,0
456.0,144.0,0.0,0,Burgers,268.0,2
197.0,141.0,1.0,0,Breakfast,268.0,1
338.0,147.0,0.0,0,Burgers,296.0,2
404.0,148.0,0.0,0,Mcnuggets,279.0,5
413.0,110.0,0.0,0,Desserts,219.0,3
213.0,144.0,1.0,0,Desserts,357.0,3
488.0,184.0,1.0,1,Mcnuggets,422.0,5
346.0,162.0,0.0,1,Desserts,345.0,3
282.0,87.0,0.0,0,Fries,198.0,4
209.0,125.0,0.0,1,Fries,313.0,4
193.0,144.0,1.0,0,Breakfast,268.0,1
365.0,131.0,0.0,0,Beverages,292.0,0
210.0,141.0,0.0,0,Mcnuggets,260.0,5
386.0,141.0,1.0,0,Fries,294.0,4
212.0,141.0,0.0,0,Mcnuggets,239.0,5
280.0,126.0,0.0,0,Mcnuggets,239.0,5
249.0,160.0,0.0,1,Mcnuggets,268.0,5
231.0,185.0,1.0,0,Desserts,477.0,3
390.0,171.0,1.0,1,Fries,493.0,4
360.0,170.0,0.0,1,Desserts,254.0,3
334.0,138.0,1.0,0,Desserts,379.0,3
412.0,119.0,0.0,0,Mcnuggets,256.0,5
310.0,121.0,0.0,0,Mcnuggets,218.0,5
234.0,149.0,0.0,0,Mcnuggets,282.0,5
433.0,116.0,0.0,0,Breakfast,186.0,1
320.0,168.0,0.0,1,Desserts,305.0,3
228.0,84.0,0.0,0,Breakfast,101.0,1
383.0,140.0,0.0,0,Burgers,308.0,2
203.0,178.0,1.0,1,Breakfast,410.0,1
522.0,181.0,0.0,1,Mcnuggets,452.0,5
313.0,111.0,0.0,0,Beverages,223.0,0
392.0,135.0,0.0,0,Mcnuggets,315.0,5
279.0,137.0,0.0,0,Burgers,292.0,2
287.0,192.0,1.0,0,Beverages,498.0,0
331.0,147.0,0.0,0,Burgers,324.0,2
301.0,143.0,0.0,1,Desserts,235.0,3
581.0,122.0,0.0,1,Breakfast,210.0,1
261.0,115.0,0.0,0,Breakfast,215.0,1
447.0,135.0,0.0,1,Desserts,231.0,3
323.0,183.0,1.0,1,Breakfast,473.0,1
293.0,106.0,0.0,0,Fries,270.0,4
223.0,138.0,0.0,0,Mcnuggets,293.0,5
229.0,207.0,1.0,1,Fries,441.0,4
381.0,166.0,1.0,0,Desserts,397.0,3
375.0,114.0,0.0,0,Desserts,199.0,3
349.0,134.0,0.0,1,Breakfast,317.0,1
470.0,95.0,0.0,0,Desserts,242.0,3
349.0,150.0,0.0,1,Desserts,237.0,3
295.0,194.0,1.0,0,Fries,480.0,4
268.0,162.0,1.0,0,Desserts,316.0,3
204.0,114.0,0.0,0,Fries,269.0,4
335.0,155.0,0.0,1,Mcnuggets,286.0,5
288.0,157.0,1.0,0,Mcnuggets,426.0,5
264.0,120.0,0.0,0,Burgers,315.0,2
303.0,95.0,0.0,0,Fries,196.0,4
440.0,139.0,0.0,1,Burgers,279.0,2
224.0,167.0,1.0,0,Burgers,421.0,2
223.0,168.0,1.0,1,Desserts,469.0,3
315.0,109.0,0.0,0,Beverages,223.0,0
296.0,172.0,0.0,1,Desserts,371.0,3
376.0,169.0,0.0,1,Burgers,395.0,2
327.0,99.0,0.0,0,Burgers,152.0,2
213.0,157.0,1.0,0,Mcnuggets,365.0,5
442.0,145.0,0.0,1,Burgers,381.0,2
477.0,188.0,0.0,1,Burgers,395.0,2
316.0,177.0,0.0,1,Beverages,376.0,0
312.0,128.0,0.0,0,Fries,186.0,4
273.0,164.0,1.0,0,Desserts,360.0,3
405.0,194.0,0.0,1,Breakfast,371.0,1
265.0,192.0,1.0,1,Burgers,431.0,2
159.0,113.0,0.0,0,Breakfast,268.0,1
452.0,99.0,0.0,0,Beverages,260.0,0
194.0,155.0,0.0,1,Fries,329.0,4
537.0,144.0,0.0,1,Burgers,307.0,2
288.0,122.0,1.0,0,Breakfast,255.0,1
274.0,152.0,1.0,0,Fries,346.0,4
269.0,139.0,0.0,1,Breakfast,289.0,1
232.0,167.0,0.0,0,Burgers,354.0,2
40.0,109.0,0.0,0,Desserts,191.0,3
249.0,128.0,0.0,0,Beverages,256.0,0
408.0,167.0,1.0,0,Desserts,376.0,3
211.0,141.0,0.0,0,Mcnuggets,275.0,5
303.0,159.0,0.0,1,Breakfast,397.0,1
316.0,110.0,0.0,0,Desserts,336.0,3
244.0,170.0,0.0,1,Mcnuggets,376.0,5
369.0,133.0,0.0,0,Burgers,245.0,2
434.0,129.0,0.0,0,Fries,281.0,4
339.0,95.0,0.0,0,Breakfast,202.0,1
300.0,157.0,0.0,1,Burgers,322.0,2
236.0,103.0,0.0,0,Breakfast,191.0,1
251.0,201.0,1.0,0,Burgers,516.0,2
347.0,152.0,0.0,1,Beverages,409.0,0
415.0,126.0,1.0,0,Desserts,345.0,3
442.0,139.0,0.0,1,Burgers,267.0,2
462.0,187.0,0.0,1,Burgers,414.0,2
212.0,134.0,0.0,0,Mcnuggets,281.0,5
257.0,126.0,0.0,0,Desserts,235.0,3
460.0,102.0,0.0,0,Breakfast,171.0,1
314.0,174.0,1.0,1,Burgers,495.0,2
321.0,186.0,1.0,1,Fries,421.0,4
104.0,177.0,0.0,1,Mcnuggets,327.0,5
341.0,176.0,0.0,1,Fries,417.0,4
399.0,116.0,0.0,0,Fries,272.0,4
428.0,152.0,1.0,0,Burgers,382.0,2
327.0,135.0,0.0,0,Burgers,223.0,2
444.0,78.0,0.0,0,Desserts,120.0,3
263.0,150.0,0.0,0,Fries,355.0,4
362.0,158.0,0.0,0,Burgers,314.0,2
375.0,132.0,1.0,0,Breakfast,283.0,1
284.0,111.0,1.0,0,Desserts,250.0,3
265.0,189.0,1.0,1,Burgers,432.0,2
206.0,162.0,1.0,0,Desserts,430.0,3
434.0,137.0,0.0,0,Mcnuggets,206.0,5
181.0,113.0,0.0,0,Mcnuggets,224.0,5
292.0,167.0,1.0,0,Desserts,405.0,3
376.0,157.0,0.0,1,Burgers,286.0,2
263.0,113.0,0.0,0,Mcnuggets,233.0,5
233.0,139.0,1.0,0,Fries,348.0,4
208.0,99.0,0.0,0,Breakfast,160.0,1
294.0,123.0,0.0,0,Beverages,324.0,0
202.0,152.0,0.0,0,Beverages,303.0,0
269.0,125.0,0.0,0,Fries,164.0,4
456.0,118.0,0.0,0,Breakfast,172.0,1
443.0,165.0,1.0,0,Desserts,366.0,3
234.0,162.0,0.0,1,Beverages,328.0,0
364.0,134.0,0.0,0,Mcnuggets,241.0,5
384.0,95.0,0.0,0,Fries,173.0,4
439.0,164.0,0.0,1,Mcnuggets,421.0,5
306.0,119.0,0.0,0,Desserts,243.0,3
326.0,107.0,0.0,1,Desserts,216.0,3
286.0,171.0,1.0,0,Fries,316.0,4
320.0,134.0,0.0,0,Burgers,277.0,2
197.0,149.0,1.0,0,Desserts,359.0,3
290.0,151.0,1.0,0,Burgers,329.0,2
333.0,193.0,0.0,1,Beverages,463.0,0
369.0,133.0,1.0,0,Breakfast,280.0,1
347.0,95.0,0.0,0,Breakfast,150.0,1
283.0,207.0,1.0,0,Burgers,376.0,2
225.0,129.0,0.0,0,Mcnuggets,270.0,5
258.0,149.0,0.0,0,Fries,364.0,4
129.0,153.0,1.0,0,Beverages,303.0,0
388.0,212.0,1.0,0,Burgers,502.0,2
252.0,125.0,,0,Burgers,205.0,2
201.0,152.0,1.0,0,Desserts,308.0,3
256.0,216.0,1.0,1,Desserts,540.0,3
214.0,143.0,0.0,1,Beverages,289.0,0
338.0,122.0,0.0,0,Burgers,251.0,2
322.0,115.0,0.0,0,Desserts,153.0,3
95.0,150.0,0.0,1,Desserts,288.0,3
351.0,149.0,0.0,1,Desserts,288.0,3
135.0,66.0,0.0,0,Breakfast,123.0,1
497.0,81.0,0.0,0,Burgers,197.0,2
353.0,164.0,1.0,0,Beverages,343.0,0
301.0,161.0,0.0,0,Beverages,268.0,0
257.0,109.0,0.0,0,Fries,224.0,4
135.0,124.0,0.0,0,Beverages,278.0,0
353.0,157.0,0.0,1,Mcnuggets,323.0,5
347.0,138.0,0.0,1,Burgers,276.0,2
438.0,113.0,0.0,0,Mcnuggets,146.0,5
425.0,117.0,0.0,0,Fries,198.0,4
316.0,122.0,0.0,0,Fries,260.0,4
278.0,164.0,0.0,0,Burgers,353.0,2
364.0,70.0,0.0,0,Desserts,219.0,3
200.0,198.0,1.0,0,Beverages,410.0,0
203.0,115.0,0.0,1,Fries,217.0,4
342.0,156.0,0.0,1,Mcnuggets,296.0,5
331.0,126.0,0.0,0,Fries,188.0,4
305.0,107.0,0.0,0,Desserts,229.0,3
244.0,118.0,0.0,0,Mcnuggets,223.0,5
315.0,155.0,0.0,0,Beverages,367.0,0
456.0,117.0,0.0,0,Beverages,257.0,0
261.0,179.0,1.0,0,Beverages,408.0,0
163.0,227.0,1.0,1,Beverages,559.0,0
232.0,159.0,0.0,0,Burgers,313.0,2
243.0,180.0,0.0,1,Burgers,426.0,2
357.0,214.0,1.0,1,Fries,443.0,4
323.0,89.0,0.0,0,Fries,161.0,4
272.0,183.0,1.0,0,Mcnuggets,494.0,5
247.0,173.0,0.0,1,Fries,357.0,4
126.0,109.0,0.0,0,Burgers,238.0,2
478.0,211.0,1.0,1,Desserts,467.0,3
300.0,131.0,0.0,0,Beverages,314.0,0
446.0,176.0,1.0,0,Fries,354.0,4
293.0,128.0,0.0,0,Desserts,289.0,3
351.0,144.0,1.0,0,Beverages,368.0,0
254.0,158.0,1.0,0,Mcnuggets,335.0,5
365.0,80.0,0.0,0,Fries,106.0,4
374.0,149.0,0.0,0,Breakfast,277.0,1
219.0,101.0,0.0,0,Burgers,242.0,2
147.0,195.0,1.0,0,Burgers,451.0,2
319.0,130.0,0.0,0,Mcnuggets,298.0,5
258.0,158.0,0.0,1,Beverages,365.0,0
295.0,117.0,0.0,0,Fries,252.0,4
162.0,196.0,1.0,1,Desserts,465.0,3
355.0,129.0,1.0,0,Fries,240.0,4
205.0,141.0,0.0,0,Mcnuggets,315.0,5
305.0,103.0,0.0,0,Beverages,167.0,0
326.0,167.0,1.0,0,Burgers,422.0,2
278.0,97.0,0.0,0,Fries,181.0,4
327.0,119.0,0.0,0,Fries,241.0,4
274.0,121.0,0.0,0,Mcnuggets,294.0,5
453.0,175.0,0.0,1,Mcnuggets,425.0,5
341.0,142.0,0.0,0,Fries,343.0,4
558.0,199.0,1.0,1,Fries,422.0,4
268.0,125.0,0.0,0,Burgers,357.0,2
203.0,132.0,0.0,0,Burgers,305.0,2
277.0,142.0,1.0,0,Mcnuggets,351.0,5
330.0,135.0,0.0,1,Desserts,254.0,3
388.0,148.0,0.0,0,Burgers,303.0,2
262.0,132.0,0.0,0,Mcnuggets,258.0,5
169.0,109.0,0.0,0,Fries,227.0,4
222.0,118.0,0.0,0,Fries,271.0,4
244.0,207.0,1.0,1,Desserts,456.0,3
190.0,209.0,1.0,1,Mcnuggets,478.0,5
322.0,150.0,0.0,0,Fries,289.0,4
408.0,161.0,0.0,0,Beverages,298.0,0
289.0,136.0,0.0,0,Desserts,241.0,3
294.0,144.0,0.0,1,Breakfast,323.0,1
440.0,144.0,0.0,1,Desserts,307.0,3
493.0,156.0,0.0,1,Desserts,285.0,3
257.0,118.0,0.0,1,Beverages,256.0,0
273.0,159.0,1.0,0,Breakfast,333.0,1
267.0,216.0,1.0,1,Burgers,469.0,2
370.0,180.0,1.0,0,Mcnuggets,342.0,5
150.0,173.0,1.0,0,Breakfast,456.0,1
364.0,136.0,0.0,0,Mcnuggets,278.0,5
566.0,93.0,0.0,0,Desserts,268.0,3
273.0,113.0,0.0,0,Desserts,241.0,3
189.0,162.0,1.0,1,Breakfast,361.0,1
409.0,169.0,1.0,0,Beverages,411.0,0
528.0,115.0,0.0,0,Fries,278.0,4
248.0,153.0,0.0,0,Fries,260.0,4
180.0,77.0,0.0,0,Desserts,105.0,3
195.0,165.0,0.0,1,Breakfast,319.0,1
368.0,175.0,0.0,1,Mcnuggets,336.0,5
138.0,138.0,0.0,0,Breakfast,247.0,1
307.0,105.0,0.0,0,Burgers,280.0,2
268.0,153.0,1.0,0,Desserts,397.0,3
438.0,188.0,0.0,1,Beverages,379.0,0
180.0,159.0,0.0,1,Burgers,373.0,2
181.0,146.0,1.0,0,Fries,388.0,4
310.0,130.0,0.0,0,Burgers,307.0,2
190.0,121.0,0.0,0,Mcnuggets,244.0,5
293.0,238.0,1.0,1,Burgers,501.0,2
348.0,74.0,0.0,0,Desserts,185.0,3
330.0,213.0,1.0,0,Burgers,411.0,2
350.0,98.0,0.0,1,Desserts,177.0,3
310.0,150.0,1.0,0,Desserts,358.0,3
485.0,104.0,0.0,0,Fries,186.0,4
424.0,169.0,1.0,0,Fries,329.0,4
394.0,126.0,0.0,0,Fries,288.0,4
332.0,136.0,0.0,0,Fries,259.0,4
296.0,172.0,1.0,0,Beverages,451.0,0
293.0,130.0,0.0,0,Fries,200.0,4
406.0,157.0,0.0,1,Breakfast,441.0,1
236.0,147.0,0.0,1,Desserts,322.0,3
265.0,164.0,1.0,0,Beverages,425.0,0
278.0,166.0,0.0,1,Fries,427.0,4
458.0,173.0,0.0,1,Burgers,368.0,2
266.0,104.0,0.0,0,Mcnuggets,189.0,5
266.0,134.0,0.0,0,Fries,269.0,4
325.0,146.0,0.0,0,Beverages,282.0,0
271.0,149.0,0.0,0,Burgers,330.0,2
189.0,118.0,0.0,0,Fries,280.0,4
361.0,161.0,0.0,1,Beverages,311.0,0
297.0,117.0,0.0,0,Burgers,318.0,2
304.0,124.0,0.0,0,Mcnuggets,210.0,5
339.0,158.0,1.0,0,Desserts,321.0,3
315.0,201.0,1.0,1,Mcnuggets,430.0,5
162.0,110.0,0.0,0,Fries,223.0,4
141.0,128.0,0.0,0,Fries,221.0,4
219.0,107.0,0.0,0,Breakfast,126.0,1
218.0,196.0,0.0,1,Desserts,472.0,3
236.0,84.0,0.0,0,Breakfast,178.0,1
447.0,113.0,0.0,0,Fries,231.0,4
245.0,182.0,0.0,1,Burgers,375.0,2
293.0,133.0,0.0,1,Mcnuggets,372.0,5
176.0,152.0,0.0,1,Beverages,364.0,0
242.0,143.0,0.0,0,Beverages,343.0,0
255.0,79.0,0.0,0,Fries,175.0,4
471.0,188.0,1.0,1,Breakfast,408.0,1
291.0,160.0,0.0,1,Burgers,418.0,2
351.0,133.0,0.0,0,Beverages,283.0,0
319.0,174.0,0.0,1,Fries,373.0,4
309.0,152.0,1.0,0,Desserts,293.0,3
317.0,151.0,0.0,1,Burgers,319.0,2
437.0,172.0,1.0,1,Desserts,457.0,3
435.0,200.0,1.0,1,Fries,443.0,4
276.0,138.0,0.0,0,Beverages,292.0,0
308.0,131.0,0.0,0,Beverages,283.0,0
270.0,149.0,0.0,0,Burgers,323.0,2
460.0,128.0,0.0,0,Mcnuggets,326.0,5
389.0,199.0,1.0,1,Desserts,445.0,3
346.0,177.0,1.0,0,Beverages,411.0,0
363.0,102.0,0.0,0,Fries,203.0,4
231.0,148.0,1.0,0,Mcnuggets,341.0,5
202.0,101.0,0.0,0,Desserts,187.0,3
390.0,134.0,0.0,1,Desserts,281.0,3
305.0,96.0,0.0,0,Mcnuggets,230.0,5
446.0,152.0,0.0,1,Fries,327.0,4
292.0,131.0,0.0,1,Mcnuggets,251.0,5
278.0,98.0,0.0,0,Burgers,271.0,2
457.0,75.0,0.0,0,Burgers,216.0,2
246.0,182.0,1.0,1,Fries,466.0,4
419.0,109.0,0.0,0,Fries,181.0,4
216.0,121.0,0.0,0,Beverages,306.0,0
307.0,132.0,0.0,0,Desserts,232.0,3
418.0,152.0,0.0,0,Mcnuggets,314.0,5
285.0,131.0,0.0,1,Beverages,300.0,0
375.0,177.0,0.0,1,Burgers,400.0,2
341.0,118.0,0.0,0,Desserts,189.0,3
360.0,179.0,0.0,1,Burgers,312.0,2
229.0,136.0,1.0,0,Fries,363.0,4
414.0,146.0,0.0,0,Fries,299.0,4
245.0,143.0,0.0,1,Fries,346.0,4
193.0,206.0,1.0,0,Beverages,436.0,0
263.0,155.0,1.0,0,Burgers,409.0,2
351.0,168.0,0.0,1,Beverages,360.0,0
243.0,117.0,0.0,0,Breakfast,179.0,1
263.0,144.0,0.0,0,Burgers,275.0,2
437.0,91.0,0.0,0,Breakfast,122.0,1
327.0,110.0,0.0,0,Burgers,239.0,2
559.0,210.0,1.0,1,Beverages,514.0,0
364.0,153.0,0.0,1,Fries,353.0,4
260.0,156.0,1.0,0,Breakfast,294.0,1
289.0,139.0,0.0,0,Mcnuggets,324.0,5
335.0,214.0,1.0,1,Mcnuggets,449.0,5
317.0,121.0,0.0,0,Mcnuggets,202.0,5
262.0,149.0,0.0,0,Beverages,308.0,0
436.0,145.0,0.0,1,Mcnuggets,272.0,5
337.0,130.0,0.0,0,Beverages,253.0,0
266.0,126.0,0.0,0,Mcnuggets,260.0,5
262.0,138.0,1.0,0,Breakfast,306.0,1
444.0,141.0,0.0,0,Burgers,223.0,2
209.0,194.0,1.0,0,Fries,480.0,4
366.0,92.0,0.0,0,Mcnuggets,145.0,5
308.0,164.0,0.0,1,Beverages,329.0,0
363.0,158.0,1.0,0,Burgers,351.0,2
303.0,181.0,1.0,0,Desserts,366.0,3
369.0,162.0,1.0,0,Mcnuggets,400.0,5
408.0,141.0,0.0,0,Burgers,302.0,2
285.0,122.0,0.0,0,Desserts,257.0,3
256.0,126.0,0.0,0,Burgers,294.0,2
201.0,190.0,0.0,1,Beverages,380.0,0
349.0,186.0,1.0,0,Burgers,414.0,2
323.0,151.0,0.0,1,Mcnuggets,349.0,5
219.0,147.0,1.0,0,Fries,408.0,4
216.0,136.0,1.0,0,Burgers,358.0,2
206.0,132.0,0.0,0,Mcnuggets,296.0,5
301.0,157.0,0.0,1,Fries,307.0,4
324.0,181.0,0.0,1,Beverages,426.0,0
255.0,74.0,0.0,0,Breakfast,101.0,1
148.0,108.0,0.0,0,Desserts,257.0,3
269.0,109.0,0.0,0,Mcnuggets,239.0,5
443.0,179.0,0.0,0,Burgers,466.0,2
252.0,128.0,0.0,0,Mcnuggets,290.0,5
350.0,220.0,1.0,1,Beverages,472.0,0
420.0,160.0,1.0,0,Mcnuggets,427.0,5
300.0,192.0,1.0,0,Fries,536.0,4
305.0,117.0,0.0,1,Fries,227.0,4
331.0,103.0,0.0,0,Fries,224.0,4
400.0,187.0,0.0,1,Mcnuggets,405.0,5
310.0,184.0,1.0,0,Burgers,400.0,2
264.0,87.0,0.0,0,Desserts,133.0,3
493.0,134.0,1.0,0,Breakfast,237.0,1
342.0,132.0,0.0,0,Mcnuggets,288.0,5
221.0,165.0,1.0,0,Beverages,382.0,0
432.0,108.0,0.0,1,Desserts,260.0,3
256.0,115.0,0.0,0,Burgers,273.0,2
203.0,142.0,1.0,0,Mcnuggets,351.0,5
310.0,201.0,1.0,1,Desserts,412.0,3
197.0,165.0,1.0,0,Burgers,436.0,2
336.0,130.0,0.0,0,Fries,308.0,4
267.0,151.0,1.0,0,Breakfast,324.0,1
350.0,185.0,0.0,1,Burgers,452.0,2
99.0,130.0,0.0,0,Fries,281.0,4
319.0,188.0,1.0,0,Burgers,444.0,2
450.0,128.0,0.0,0,Beverages,284.0,0
277.0,190.0,1.0,0,Burgers,434.0,2
289.0,140.0,0.0,0,Mcnuggets,311.0,5
166.0,143.0,1.0,0,Beverages,429.0,0
371.0,181.0,0.0,1,Burgers,337.0,2
270.0,180.0,0.0,1,Fries,401.0,4
328.0,213.0,1.0,0,Burgers,481.0,2
432.0,229.0,1.0,1,Beverages,566.0,0
375.0,135.0,1.0,0,Mcnuggets,285.0,5
363.0,106.0,0.0,0,Beverages,249.0,0
208.0,99.0,0.0,0,Desserts,198.0,3
574.0,147.0,0.0,0,Beverages,300.0,0
206.0,126.0,0.0,1,Mcnuggets,320.0,5
213.0,157.0,0.0,0,Mcnuggets,249.0,5
369.0,134.0,1.0,0,Fries,286.0,4
361.0,159.0,0.0,1,Desserts,325.0,3
392.0,190.0,1.0,0,Mcnuggets,386.0,5
110.0,168.0,1.0,0,Burgers,347.0,2
196.0,65.0,0.0,0,Fries,100.0,4
239.0,131.0,0.0,0,Burgers,302.0,2
253.0,90.0,0.0,0,Fries,199.0,4
307.0,152.0,0.0,0,Fries,327.0,4
235.0,208.0,0.0,1,Burgers,473.0,2
345.0,93.0,0.0,0,Breakfast,185.0,1
535.0,137.0,1.0,0,Breakfast,203.0,1
292.0,131.0,0.0,0,Burgers,258.0,2
171.0,145.0,0.0,1,Fries,340.0,4
250.0,172.0,1.0,0,Burgers,375.0,2
319.0,195.0,1.0,0,Fries,504.0,4
399.0,122.0,0.0,0,Mcnuggets,205.0,5
236.0,118.0,0.0,0,Beverages,251.0,0
418.0,106.0,0.0,0,Burgers,186.0,2
361.0,113.0,0.0,0,Breakfast,197.0,1
225.0,123.0,0.0,0,Burgers,306.0,2
358.0,146.0,0.0,0,Beverages,333.0,0
185.0,157.0,1.0,0,Mcnuggets,364.0,5
329.0,150.0,0.0,1,Beverages,382.0,0
281.0,86.0,0.0,0,Fries,168.0,4
264.0,91.0,0.0,0,Breakfast,246.0,1
301.0,172.0,0.0,1,Fries,338.0,4
395.0,104.0,0.0,0,Fries,137.0,4
291.0,175.0,1.0,0,Mcnuggets,372.0,5
334.0,158.0,0.0,1,Mcnuggets,352.0,5
361.0,141.0,1.0,0,Burgers,426.0,2
202.0,112.0,0.0,0,Mcnuggets,234.0,5
74.0,138.0,0.0,0,Beverages,294.0,0
357.0,144.0,0.0,0,Beverages,300.0,0
210.0,118.0,0.0,0,Beverages,242.0,0
319.0,154.0,0.0,0,Fries,258.0,4
320.0,150.0,0.0,0,Mcnuggets,260.0,5
217.0,142.0,0.0,0,Mcnuggets,275.0,5
448.0,149.0,0.0,1,Beverages,329.0,0
215.0,141.0,0.0,0,Desserts,160.0,3
252.0,126.0,0.0,0,Beverages,292.0,0
252.0,212.0,0.0,1,Burgers,464.0,2
222.0,148.0,0.0,1,Burgers,311.0,2
215.0,125.0,0.0,0,Beverages,214.0,0
178.0,163.0,0.0,1,Desserts,403.0,3
384.0,142.0,0.0,0,Fries,344.0,4
394.0,170.0,0.0,1,Fries,347.0,4
351.0,170.0,1.0,1,Desserts,396.0,3
318.0,142.0,0.0,0,Fries,295.0,4
499.0,160.0,1.0,0,Mcnuggets,350.0,5
352.0,165.0,0.0,1,Desserts,399.0,3
476.0,90.0,0.0,0,Burgers,218.0,2
170.0,146.0,,0,Burgers,354.0,2
198.0,121.0,0.0,0,Breakfast,250.0,1
190.0,115.0,0.0,0,Fries,237.0,4
282.0,242.0,,1,Beverages,549.0,0
177.0,80.0,0.0,0,Fries,142.0,4
212.0,168.0,1.0,0,Beverages,370.0,0
359.0,117.0,0.0,0,Mcnuggets,256.0,5
308.0,134.0,0.0,0,Burgers,306.0,2
240.0,185.0,1.0,0,Mcnuggets,365.0,5
428.0,149.0,0.0,0,Beverages,282.0,0
215.0,170.0,0.0,1,Fries,355.0,4
297.0,133.0,0.0,0,Desserts,237.0,3
312.0,100.0,0.0,0,Burgers,188.0,2
384.0,163.0,0.0,0,Burgers,344.0,2
177.0,179.0,1.0,1,Fries,471.0,4
418.0,171.0,0.0,1,Desserts,316.0,3
413.0,137.0,0.0,0,Fries,331.0,4
192.0,147.0,0.0,0,Beverages,348.0,0
324.0,157.0,0.0,1,Beverages,355.0,0
387.0,136.0,0.0,0,Breakfast,296.0,1
371.0,173.0,0.0,0,Fries,334.0,4
346.0,140.0,0.0,0,Beverages,280.0,0
348.0,181.0,0.0,1,Fries,488.0,4
397.0,160.0,0.0,1,Beverages,345.0,0
401.0,134.0,0.0,1,Burgers,241.0,2
287.0,174.0,1.0,0,Breakfast,374.0,1
322.0,180.0,1.0,1,Beverages,451.0,0
257.0,102.0,0.0,0,Beverages,292.0,0
155.0,145.0,0.0,0,Beverages,190.0,0
312.0,166.0,0.0,1,Burgers,379.0,2
319.0,141.0,1.0,0,Mcnuggets,293.0,5
272.0,115.0,0.0,0,Fries,208.0,4
459.0,96.0,0.0,0,Mcnuggets,182.0,5
396.0,147.0,0.0,1,Beverages,314.0,0
174.0,156.0,1.0,0,Mcnuggets,395.0,5
350.0,156.0,0.0,0,Burgers,307.0,2
534.0,76.0,0.0,0,Breakfast,91.0,1
318.0,99.0,0.0,0,Mcnuggets,212.0,5
383.0,195.0,1.0,0,Mcnuggets,420.0,5
454.0,167.0,1.0,1,Breakfast,318.0,1
258.0,199.0,1.0,0,Beverages,380.0,0
378.0,174.0,1.0,0,Mcnuggets,473.0,5
496.0,145.0,0.0,0,Desserts,354.0,3
339.0,97.0,0.0,0,Beverages,200.0,0
328.0,180.0,1.0,1,Fries,419.0,4
260.0,93.0,0.0,0,Fries,222.0,4
359.0,156.0,0.0,1,Fries,354.0,4
370.0,125.0,0.0,0,Mcnuggets,207.0,5
259.0,178.0,0.0,1,Beverages,357.0,0
273.0,96.0,0.0,0,Desserts,153.0,3
181.0,156.0,1.0,0,Mcnuggets,375.0,5
423.0,144.0,0.0,0,Desserts,274.0,3
253.0,99.0,0.0,0,Breakfast,115.0,1
281.0,171.0,0.0,1,Fries,437.0,4
243.0,172.0,1.0,0,Breakfast,373.0,1
267.0,107.0,0.0,0,Desserts,191.0,3
328.0,107.0,0.0,0,Fries,145.0,4
322.0,193.0,1.0,1,Fries,460.0,4
370.0,81.0,0.0,0,Mcnuggets,201.0,5
180.0,126.0,0.0,1,Breakfast,275.0,1
239.0,167.0,1.0,0,Mcnuggets,445.0,5
398.0,175.0,0.0,1,Mcnuggets,425.0,5
175.0,138.0,0.0,0,Fries,261.0,4
305.0,146.0,1.0,0,Burgers,309.0,2
238.0,157.0,0.0,1,Mcnuggets,260.0,5
484.0,125.0,0.0,0,Fries,251.0,4
331.0,113.0,0.0,0,Fries,214.0,4
539.0,182.0,0.0,1,Burgers,483.0,2
292.0,168.0,1.0,1,Burgers,418.0,2
322.0,210.0,0.0,1,Beverages,473.0,0
395.0,168.0,1.0,1,Fries,442.0,4
479.0,149.0,0.0,1,Burgers,310.0,2
235.0,142.0,0.0,1,Breakfast,275.0,1
367.0,160.0,0.0,0,Burgers,329.0,2
177.0,132.0,0.0,1,Mcnuggets,247.0,5
274.0,165.0,1.0,0,Beverages,397.0,0
421.0,125.0,0.0,0,Burgers,265.0,2
325.0,143.0,1.0,0,Fries,308.0,4
381.0,119.0,0.0,0,Fries,208.0,4
426.0,128.0,0.0,0,Beverages,225.0,0
312.0,215.0,1.0,0,Fries,524.0,4
378.0,111.0,0.0,0,Breakfast,107.0,1
260.0,148.0,1.0,0,Fries,309.0,4
114.0,133.0,0.0,0,Burgers,227.0,2
476.0,147.0,0.0,0,Desserts,225.0,3
312.0,121.0,0.0,0,Breakfast,240.0,1
234.0,115.0,0.0,0,Desserts,210.0,3
227.0,127.0,0.0,0,Burgers,255.0,2
309.0,161.0,0.0,1,Beverages,411.0,0
260.0,158.0,1.0,1,Breakfast,365.0,1
241.0,108.0,0.0,0,Fries,170.0,4
189.0,74.0,0.0,0,Breakfast,94.0,1
309.0,162.0,1.0,0,Mcnuggets,334.0,5
185.0,172.0,1.0,0,Burgers,310.0,2
502.0,214.0,1.0,1,Fries,393.0,4
315.0,161.0,1.0,0,Fries,365.0,4
288.0,136.0,0.0,0,Beverages,345.0,0
195.0,95.0,0.0,0,Beverages,262.0,0
282.0,126.0,0.0,0,Beverages,288.0,0
255.0,126.0,0.0,0,Burgers,248.0,2
382.0,119.0,0.0,0,Fries,246.0,4
253.0,135.0,0.0,0,Burgers,306.0,2
296.0,141.0,0.0,0,Mcnuggets,266.0,5
203.0,103.0,0.0,0,Breakfast,180.0,1
222.0,149.0,0.0,0,Burgers,287.0,2
329.0,161.0,1.0,0,Mcnuggets,339.0,5
301.0,46.0,0.0,0,Breakfast,86.0,1
262.0,136.0,0.0,0,Burgers,240.0,2
301.0,172.0,0.0,1,Beverages,367.0,0
281.0,147.0,1.0,0,Breakfast,321.0,1
440.0,153.0,0.0,0,Burgers,306.0,2
351.0,141.0,0.0,0,Desserts,155.0,3
225.0,167.0,0.0,1,Fries,444.0,4
191.0,200.0,1.0,1,Mcnuggets,540.0,5
391.0,101.0,0.0,0,Fries,219.0,4
206.0,125.0,0.0,0,Burgers,274.0,2
397.0,118.0,0.0,0,Mcnuggets,273.0,5
329.0,169.0,1.0,0,Burgers,417.0,2
426.0,84.0,0.0,0,Beverages,149.0,0
301.0,162.0,1.0,0,Beverages,395.0,0
301.0,124.0,0.0,0,Beverages,330.0,0
198.0,134.0,0.0,0,Beverages,292.0,0
500.0,135.0,1.0,0,Breakfast,244.0,1
238.0,201.0,1.0,1,Burgers,484.0,2
256.0,135.0,,0,Burgers,261.0,2
397.0,159.0,0.0,1,Burgers,383.0,2
141.0,117.0,0.0,1,Breakfast,307.0,1
431.0,111.0,0.0,0,Fries,254.0,4
230.0,141.0,0.0,0,Fries,237.0,4
188.0,179.0,1.0,0,Fries,350.0,4
259.0,108.0,0.0,0,Desserts,206.0,3
251.0,157.0,1.0,0,Burgers,421.0,2
284.0,109.0,0.0,0,Burgers,193.0,2
431.0,104.0,0.0,0,Breakfast,223.0,1
301.0,134.0,1.0,0,Desserts,316.0,3
241.0,107.0,0.0,0,Beverages,251.0,0
339.0,134.0,0.0,1,Fries,355.0,4
188.0,131.0,0.0,1,Desserts,259.0,3
299.0,117.0,0.0,0,Beverages,258.0,0
346.0,118.0,0.0,1,Fries,322.0,4
347.0,89.0,0.0,0,Desserts,188.0,3
140.0,115.0,0.0,0,Fries,199.0,4
220.0,149.0,0.0,0,Fries,249.0,4
253.0,164.0,0.0,1,Desserts,381.0,3
262.0,149.0,0.0,0,Burgers,265.0,2
545.0,122.0,0.0,0,Mcnuggets,258.0,5
247.0,100.0,0.0,0,Breakfast,217.0,1
227.0,100.0,0.0,0,Breakfast,144.0,1
